claim_id,question,version_scope,model_definition,dataset_and_information_contract,plan_sources,implementation_sources,actual_fit_sources,selection_sources,prediction_sources,metric_sources,recorded_check_sources,source_locations,local_verification_scope,reuse_and_parent_selection,counterevidence,completion_status,claim_disposition,minimum_decision_changing_evidence,new_fits_in_this_audit
E01,학습형 E/D-only가 없었나,v1,D F0(XE); PCA-init learned bias-free E/D; no G,"Electricity/Bull initial RES era; not current three-data LEVEL; Electricity C32/K8 and K16 learned E/D-only COMPRESS; Bull C16/K4; earlier RES, not original fixed LEVEL","[""research/tsfm_peft_development_20260926/PLAN.md"", ""research/tsfm_peft_development_20260926/protocol.json""]","[""research/tsfm_peft_development_20260926/model.py"", ""research/tsfm_peft_development_20260926/run.py""]","[""research/tsfm_peft_development_20260926/runs/initial_compress_92601_0.001/result.json"", ""research/tsfm_peft_development_20260926/runs/compression16_compress_92601_0.001/result.json""]","[""research/tsfm_peft_development_20260926/initial_selection.json"", ""research/tsfm_peft_development_20260926/compression16_selection.json""]","[""research/tsfm_peft_development_20260926/compression16_development.json""]","[""research/tsfm_peft_development_20260926/initial_development.json"", ""research/tsfm_peft_development_20260926/compression16_development.json"", ""research/tsfm_peft_development_20260926/protected_evaluation.json""]","[""research/tsfm_peft_development_20260926/fit_verification.json"", ""research/tsfm_peft_development_20260926/protected_verification.json""]",rows[*].prediction_file and prediction_sha256; initial_development has no separate per-row prediction manifest,"Named chain files exist; 4 bounded hash examples across v1/v6/v7 only; recorded scores read, no array rescoring",Reuse and candidate selection are separate; see chain,초기 COMPRESS fit 존재; 현재3자료 직접 대조로 대체불가,초기 실행 완료; 현재계약 대응은 미확인,전혀 미실행 비판 기각; 현재 E/D 우위 보류,Same-contract closest-alternative evidence and prospectively fixed application scope; no new execution authorized,0
E02,E/D fixed/slow와 RAW 대조를 안했나,v2,earlier RES/RAW with fixed or slow E/D; not LEVEL,"Electricity/Bull historical contract; Electricity/Bull CURRENT/FIXED/SLOW E/D RES/RAW, exposed development; not Robin/Peacock/Jena E/D-only learned control","[""research/tsfm_peft_followup_v2_20260926/PLAN.md""]","[""research/tsfm_peft_followup_v2_20260926/model.py"", ""research/tsfm_peft_followup_v2_20260926/run.py""]","[""research/tsfm_peft_followup_v2_20260926/runs/v2_bull_residual_fixed_ed_92601/result.json""]","[""research/tsfm_peft_followup_v2_20260926/final_selection.json""]",[],"[""research/tsfm_peft_followup_v2_20260926/final_development.json""]","[""research/tsfm_peft_followup_v2_20260926/final_verification.json"", ""research/tsfm_peft_followup_v2_20260926/final_artifact_checks_retry1.json""]",One actual run result linked; all_modes/final development and verification record executed outputs. Separate per-prediction receipts not individually indexed in this audit; empty prediction_sources is not proof of no predictions.,"Named chain files exist; 4 bounded hash examples across v1/v6/v7 only; recorded scores read, no array rescoring",Reuse and candidate selection are separate; see chain,실제22/20 attempt 위반 보존,기존 실행 완료; 회계위반 기록,이력 재사용; 원형으로 병합금지,Same-contract closest-alternative evidence and prospectively fixed application scope; no new execution authorized,0
E03,잠재 TSFM을 작은 선형 예측기로 대체했나,v3,earlier RES with normalized latent temporal linear replacement and RAW,Electricity/Bull old RES contract; Electricity/Bull earlier RES with context-normalized affine temporal replacement and matched RAW; not current three-dataset LEVEL whole campaign,"[""research/tsfm_peft_backbone_value_v3_20260927/PLAN.md"", ""research/tsfm_peft_backbone_value_v3_20260927/protocol.json""]","[""research/tsfm_peft_backbone_value_v3_20260927/model.py"", ""research/tsfm_peft_backbone_value_v3_20260927/train_v3.py""]","[""research/tsfm_peft_backbone_value_v3_20260927/runs/v3_bull_raw_norm_92601_lr1e3/result.json""]","[""research/tsfm_peft_backbone_value_v3_20260927/selected_linear.json"", ""research/tsfm_peft_backbone_value_v3_20260927/selected_linear_raw.json""]","[""research/tsfm_peft_backbone_value_v3_20260927/final_development.json"", ""research/tsfm_peft_backbone_value_v3_20260927/linear_raw_development.json""]","[""research/tsfm_peft_backbone_value_v3_20260927/final_development.json"", ""research/tsfm_peft_backbone_value_v3_20260927/linear_raw_development.json""]","[""research/tsfm_peft_backbone_value_v3_20260927/final_checks.json""]","nested datasets evaluation receipts, not a newly created standalone manifest","Named chain files exist; 4 bounded hash examples across v1/v6/v7 only; recorded scores read, no array rescoring",Reuse and candidate selection are separate; see chain,현재 LEVEL 전자료 동일조건의 direct NLinear 비교 아님,실행 완료; 현 원형과 계약차이,선형 대조 미실행 비판 기각; 순수 pretraining 원인보류,Same-contract closest-alternative evidence and prospectively fixed application scope; no new execution authorized,0
E04,별도 Hog 확인의 RAW를 새 성공으로 셌나,v4,earlier CURRENT/FIXED_ED/RAW/COMPRESS,Hog historical exposed/eligibility contract; Hog C32/K8 earlier RES CURRENT/FIXED_ED; selected RAW step0 equals deterministic fixed COMPRESS,"[""research/tsfm_peft_fresh_group_v4_20260927/PLAN.md"", ""research/tsfm_peft_fresh_group_v4_20260927/protocol.json""]","[""research/tsfm_peft_fresh_group_v4_20260927/model_v4.py"", ""research/tsfm_peft_fresh_group_v4_20260927/train_v4.py""]","[""research/tsfm_peft_fresh_group_v4_20260927/runs/v4_hog_tsfm_raw_fixed_ed_92601/result.json""]","[""research/tsfm_peft_fresh_group_v4_20260927/selected.json""]","[""research/tsfm_peft_fresh_group_v4_20260927/v4_test_01.json""]","[""research/tsfm_peft_fresh_group_v4_20260927/v4_test_01.json""]","[""research/tsfm_peft_fresh_group_v4_20260927/final_checks.json""]",See early_artifact_checks.json /evidence_chains/4,"Named chain files exist; 4 bounded hash examples across v1/v6/v7 only; recorded scores read, no array rescoring",v9 Robin step0 parent; v4 RAW=COMPRESS; v10 Robin parent fallback,RAW selects step0=COMPRESS; duplication forbidden,실행 완료; 초기 확인 범위한정,원형으로 병합금지,Same-contract closest-alternative evidence and prospectively fixed application scope; no new execution authorized,0
E05,LEVEL 수준 처리와 잔차 복원을 시도했나,v5,fixed-PCA LEVEL vs OLD/RAW/ONLY,"Electricity/Bull/Hog development contract; Hog/Bull/Electricity LEVEL last residual removal/restoration and matched RAW; 12 new fits, exposed development","[""research/tsfm_peft_accuracy_recovery_v5_20260927/PLAN.md"", ""research/tsfm_peft_accuracy_recovery_v5_20260927/protocol.json""]","[""research/tsfm_peft_accuracy_recovery_v5_20260927/model_v5.py"", ""research/tsfm_peft_accuracy_recovery_v5_20260927/train_v5.py"", ""research/tsfm_peft_accuracy_recovery_v5_20260927/evaluate_v5.py""]","[""research/tsfm_peft_accuracy_recovery_v5_20260927/runs/v5_bull_level_raw_92601/result.json""]","[""research/tsfm_peft_accuracy_recovery_v5_20260927/decision.json""]","[""research/tsfm_peft_accuracy_recovery_v5_20260927/hog_level_01_predictions.json"", ""research/tsfm_peft_accuracy_recovery_v5_20260927/bull_level_01_predictions.json"", ""research/tsfm_peft_accuracy_recovery_v5_20260927/electricity_level_01_predictions.json""]","[""research/tsfm_peft_accuracy_recovery_v5_20260927/hog_level_01.json"", ""research/tsfm_peft_accuracy_recovery_v5_20260927/bull_level_01.json"", ""research/tsfm_peft_accuracy_recovery_v5_20260927/electricity_level_01.json"", ""research/tsfm_peft_accuracy_recovery_v5_20260927/final_comparison.json""]","[""research/tsfm_peft_accuracy_recovery_v5_20260927/final_checks.json""]","Per-run minimum full VAL checkpoint stored in runs/*/result.json; no standalone selected.json found. decision.json is method/reserve decision, not substitute checkpoint receipt.","Named chain files exist; 4 bounded hash examples across v1/v6/v7 only; recorded scores read, no array rescoring",Reuse and candidate selection are separate; see chain,기존 단순대안과 오류/회복 기록 보존,실행 완료; 개발 자료,설계 변경 근거 유지; 최초확증으로 확대금지,Same-contract closest-alternative evidence and prospectively fixed application scope; no new execution authorized,0
E06,원형과 matched RAW/OLD/ONLY를 비교했나,v6,"b+N_G(XQ); fixed U, shared bias-free G","Robin17/5 L512H48; A/B40/40; original TRAIN stats/mask; Robin Office C17/K5 original fixed TRAIN PCA LEVEL; 10 neural + 2 CPU ridge fits, separate deterministic references","[""research/tsfm_peft_level_confirmation_v6_20260928/PLAN.md"", ""research/tsfm_peft_level_confirmation_v6_20260928/protocol.json""]","[""research/tsfm_peft_level_confirmation_v6_20260928/model_v6.py"", ""research/tsfm_peft_level_confirmation_v6_20260928/train_v6.py""]","[""research/tsfm_peft_level_confirmation_v6_20260928/runs/v6_robin_level_res_92601/result.json""]","[""research/tsfm_peft_level_confirmation_v6_20260928/selected.json""]","[""research/tsfm_peft_level_confirmation_v6_20260928/evaluation01.json""]","[""research/tsfm_peft_level_confirmation_v6_20260928/evaluation01.json"", ""research/tsfm_peft_level_confirmation_v6_20260928/final_comparison.json""]","[""research/tsfm_peft_level_confirmation_v6_20260928/final_checks.json""]",models[id].prediction.path and sha256,"Named chain files exist; 4 bounded hash examples across v1/v6/v7 only; recorded scores read, no array rescoring",Reuse and candidate selection are separate; see chain,LEVEL0.275196 better RAW0.346630; F0/LoRA more accurate,실행 완료; local replay artifacts accessible,Robin 효과 조건부유지,Same-contract closest-alternative evidence and prospectively fixed application scope; no new execution authorized,0
E07,direct NLinear와 원채널chunk/Jena 반례가 있나,v7,original LEVEL; direct affine NLinear; uncompressed independent-row chunks,"Robin reused v6; Jena21/6 L512H48 A/B365/365; Robin LEVEL reused from v6; only direct NLinear new. Jena C21/K6 original fixed LEVEL, OLD/RAW/direct NLinear/F0/LoRA","[""research/tsfm_peft_practical_controls_v7_20260928/PLAN.md"", ""research/tsfm_peft_practical_controls_v7_20260928/protocol.json""]","[""research/tsfm_peft_practical_controls_v7_20260928/model_v7.py"", ""research/tsfm_peft_practical_controls_v7_20260928/train_v7.py""]","[""research/tsfm_peft_practical_controls_v7_20260928/runs/v7_jena_direct_nlinear_lr0.001_92601/result.json""]","[""research/tsfm_peft_practical_controls_v7_20260928/selected_robin.json"", ""research/tsfm_peft_practical_controls_v7_20260928/selected_jena.json""]","[""research/tsfm_peft_practical_controls_v7_20260928/robin_eval01.json"", ""research/tsfm_peft_practical_controls_v7_20260928/jena_eval01.json""]","[""research/tsfm_peft_practical_controls_v7_20260928/robin_eval01.json"", ""research/tsfm_peft_practical_controls_v7_20260928/jena_eval01.json"", ""research/tsfm_peft_practical_controls_v7_20260928/accuracy_comparison.csv""]","[""research/tsfm_peft_practical_controls_v7_20260928/final_checks.json"", ""research/tsfm_peft_practical_controls_v7_20260928/microbatch_parity.json""]",models[id].prediction.path and sha256,"Named chain files exist; 4 bounded hash examples across v1/v6/v7 only; recorded scores read, no array rescoring",v7 Robin LEVEL reuses v6; no new LEVEL success,Jena LEVEL0.324359 worse RAW0.291159/direct0.273984; chunk reduces memory,실행 완료; origin/mask/source-bound; accounting deviation retained,범용성 축소; memory-only uniqueness 기각,Same-contract closest-alternative evidence and prospectively fixed application scope; no new execution authorized,0
E08,보존 P를 joint 보정했나,v8,fixed U; joint bias-free P/Q correction,"Robin/Jena follow-up; original TRAIN stats/masks; Robin/Jena fixed PCA joint P/Q correction versus RAW64, same 35840 trainable count; changes original LEVEL and is follow-up","[""research/tsfm_peft_subspace_correction_v8_20260929/PLAN.md"", ""research/tsfm_peft_subspace_correction_v8_20260929/protocol.json""]","[""research/tsfm_peft_subspace_correction_v8_20260929/model_v8.py"", ""research/tsfm_peft_subspace_correction_v8_20260929/train_v8.py""]","[""research/tsfm_peft_subspace_correction_v8_20260929/runs/v8_jena_pq_split_92601/result.json""]","[""research/tsfm_peft_subspace_correction_v8_20260929/selected_robin.json"", ""research/tsfm_peft_subspace_correction_v8_20260929/selected_jena.json""]","[""research/tsfm_peft_subspace_correction_v8_20260929/robin_eval01.json"", ""research/tsfm_peft_subspace_correction_v8_20260929/jena_eval01.json""]","[""research/tsfm_peft_subspace_correction_v8_20260929/robin_eval01.json"", ""research/tsfm_peft_subspace_correction_v8_20260929/jena_eval01.json"", ""research/tsfm_peft_subspace_correction_v8_20260929/analysis01/analysis_summary.json""]","[""research/tsfm_peft_subspace_correction_v8_20260929/final_checks.json""]",models[id].prediction.path and sha256,"Named chain files exist; 4 bounded hash examples across v1/v6/v7 only; recorded scores read, no array rescoring",Reuse and candidate selection are separate; see chain,Jena0.279714 < LEVEL; Robin0.279019 > parent; contract correction retained,실행 완료; 기록된 계약정정 있음,P 미시도 비판 기각; 충분조건 보류,Same-contract closest-alternative evidence and prospectively fixed application scope; no new execution authorized,0
E09,단계적 P를 학습했나,v9,freeze Q parent then fit P; selected epoch0 fallback allowed,Robin/Jena follow-up parents reused; Robin/Jena frozen selected LEVEL parent plus staged P or RAW head; Robin P epoch0/alpha0 parent return is no new gain,"[""research/tsfm_peft_staged_p_v9_20260929/PLAN.md"", ""research/tsfm_peft_staged_p_v9_20260929/protocol.json""]","[""research/tsfm_peft_staged_p_v9_20260929/model_v9.py"", ""research/tsfm_peft_staged_p_v9_20260929/train_v9.py""]","[""research/tsfm_peft_staged_p_v9_20260929/runs/v9_robin_staged_p_92601/result.json"", ""research/tsfm_peft_staged_p_v9_20260929/runs/v9_jena_staged_p_92601/result.json""]","[""research/tsfm_peft_staged_p_v9_20260929/selected_robin.json"", ""research/tsfm_peft_staged_p_v9_20260929/selected_jena.json""]","[""research/tsfm_peft_staged_p_v9_20260929/robin_eval01.json"", ""research/tsfm_peft_staged_p_v9_20260929/jena_eval01.json""]","[""research/tsfm_peft_staged_p_v9_20260929/robin_eval01.json"", ""research/tsfm_peft_staged_p_v9_20260929/jena_eval01.json""]","[""research/tsfm_peft_staged_p_v9_20260929/final_checks.json""]",models[id].prediction.path and sha256,"Named chain files exist; 4 bounded hash examples across v1/v6/v7 only; recorded scores read, no array rescoring",v9 Robin step0 parent; v4 RAW=COMPRESS; v10 Robin parent fallback,Jena0.279884 not better v8; Robin actual updates but epoch0 chosen,실행 완료; fallback은 새개선아님,일반 보정 성공 주장 보류,Same-contract closest-alternative evidence and prospectively fixed application scope; no new execution authorized,0
E10,전체 TRAIN ridge가 학습 부족 설명을 해결하나,v10,frozen parent + weighted full-TRAIN ridge P/RAW; fitting despite optimizer0,"Robin/Jena unchanged origins/stats/masks; ridge search disclosed; Robin/Jena fixed parent full-TRAIN weighted ridge P/RAW, CPU fitting is fitting despite optimizer0; 16 fits, follow-up","[""research/tsfm_peft_ridge_correction_v10_20260929/PLAN.md""]","[""research/tsfm_peft_ridge_correction_v10_20260929/model_ridge.py"", ""research/tsfm_peft_ridge_correction_v10_20260929/ridge_solver.py"", ""research/tsfm_peft_ridge_correction_v10_20260929/run_ridge.py""]","[""research/tsfm_peft_ridge_correction_v10_20260929/runs/v10_jena_ridge_p_92601_lambda100/result.json""]","[""research/tsfm_peft_ridge_correction_v10_20260929/selected.json""]","[""research/tsfm_peft_ridge_correction_v10_20260929/robin_eval01.json"", ""research/tsfm_peft_ridge_correction_v10_20260929/jena_eval02.json""]","[""research/tsfm_peft_ridge_correction_v10_20260929/robin_eval01.json"", ""research/tsfm_peft_ridge_correction_v10_20260929/jena_eval02.json"", ""research/tsfm_peft_ridge_correction_v10_20260929/comparison.json""]","[""research/tsfm_peft_ridge_correction_v10_20260929/final_checks.json""]",models[id].prediction.path and sha256; Jena eval02 resumes same sealed evaluation with four partial predictions reused,"Named chain files exist; 4 bounded hash examples across v1/v6/v7 only; recorded scores read, no array rescoring",v9 Robin step0 parent; v4 RAW=COMPRESS; v10 Robin parent fallback,Jena0.279250 worse direct0.273984; costs68/78 incomplete_budget,정확도 완료; 비용 일부미완료,보존공간 미시도 비판 기각; 비용우위 미확정,Same-contract closest-alternative evidence and prospectively fixed application scope; no new execution authorized,0
E11,U/Gamma/internalLoRA 미시도인가,"v11 (follow-up, not replacement of basic LEVEL)",A: internal LoRA on latent backbone with frozen Q; B:S*+[F0(XU)-S*U]GammaU^T,"[""research/tsfm_peft_internal_vs_subspace_v11_20260930/data_contract_hog.json"", ""research/tsfm_peft_internal_vs_subspace_v11_20260930/data_contract_jena.json"", ""research/tsfm_peft_internal_vs_subspace_v11_20260930/data_contract_robin.json"", ""research/tsfm_peft_internal_vs_subspace_v11_20260930/protocol.json""]","[""research/tsfm_peft_internal_vs_subspace_v11_20260930/PLAN.md""]","[""research/tsfm_peft_internal_vs_subspace_v11_20260930/model_v11.py"", ""research/tsfm_peft_internal_vs_subspace_v11_20260930/prepare_v11.py"", ""research/tsfm_peft_internal_vs_subspace_v11_20260930/runtime_v11.py""]","[""research/tsfm_peft_internal_vs_subspace_v11_20260930/runs/v11_hog_a_p_lora_qfixed_lr0.0001_92601/result.json"", ""research/tsfm_peft_internal_vs_subspace_v11_20260930/runs/v11_hog_a_p_lora_qfixed_lr0.0001_92602/result.json""]","[""research/tsfm_peft_internal_vs_subspace_v11_20260930/selected.json"", ""research/tsfm_peft_internal_vs_subspace_v11_20260930/gamma_selection.json"", ""research/tsfm_peft_internal_vs_subspace_v11_20260930/selected_direct.json""]","[""research/tsfm_peft_internal_vs_subspace_v11_20260930/prediction_manifest.json""]","[""research/tsfm_peft_internal_vs_subspace_v11_20260930/evaluation01.json""]","[""research/tsfm_peft_internal_vs_subspace_v11_20260930/final_checks.json""]","{""v11_model_families"": [""research/tsfm_peft_internal_vs_subspace_v11_20260930/model_v11.py:204"", ""research/tsfm_peft_internal_vs_subspace_v11_20260930/model_v11.py:217"", ""research/tsfm_peft_internal_vs_subspace_v11_20260930/model_v11.py:238"", ""research/tsfm_peft_internal_vs_subspace_v11_20260930/model_v11.py:302"", ""research/tsfm_peft_internal_vs_subspace_v11_20260930/model_v11.py:347""], ""v11_U_gamma_interpretation"": [""research/tsfm_peft_internal_vs_subspace_v11_20260930/TOPIC_DECISION.md:46"", ""research/tsfm_peft_internal_vs_subspace_v11_20260930/TOPIC_DECISION.md:48"", ""research/tsfm_peft_internal_vs_subspace_v11_20260930/TOPIC_DECISION.md:49"", ""research/tsfm_peft_internal_vs_subspace_v11_20260930/TOPIC_DECISION.md:52""]}",Prediction/checkpoint existence+declared bytes checked; bounded sample hashes; see later_artifact_checks.json; no array rescoring,Baseline checkpoint reuse is not independent improvement; v12/v14 step0=parent; selections and actual updates differ,Jena fixedU0.328154 learnedU0.257653; fixedGamma0.265937; source causes confounded,완료; 원인미분리,U 미시도 비판 기각; A/B원형치환금지,Causal isolation or fresh fixed-scope evidence as appropriate; see critical review; no new fit authorization,0
E12,Peacock A의 step0를 추가적응 성공으로 셌나,"v12 (follow-up, not replacement of basic LEVEL)",basic fixed-PCA LEVEL vs internal A; output contribution from same selected checkpoint,"[""research/tsfm_peft_a_confirmation_v12_20261001/data_contract_confirmation_peacock_education.json"", ""research/tsfm_peft_a_confirmation_v12_20261001/confirmation_data_manifest.json"", ""research/tsfm_peft_a_confirmation_v12_20261001/protocol.json""]","[""research/tsfm_peft_a_confirmation_v12_20261001/PLAN.md"", ""research/tsfm_peft_a_confirmation_v12_20261001/PLAN_SUPPLEMENT.md"", ""research/tsfm_peft_a_confirmation_v12_20261001/AUTHORIZATION_SUPPLEMENT.txt"", ""research/tsfm_peft_a_confirmation_v12_20261001/confirmation_protocol.json"", ""research/tsfm_peft_a_confirmation_v12_20261001/confirmation_selection_seal.json""]","[""research/tsfm_peft_a_confirmation_v12_20261001/model_confirmation_v12.py"", ""research/tsfm_peft_a_confirmation_v12_20261001/prepare_confirmation_v12.py"", ""research/tsfm_peft_a_confirmation_v12_20261001/runtime_confirmation_v12.py"", ""research/tsfm_peft_a_confirmation_v12_20261001/runtime_v12.py""]","[""research/tsfm_peft_a_confirmation_v12_20261001/confirmation_runs/peacock_education_a_lr1e-3_s92601/result.json"", ""research/tsfm_peft_a_confirmation_v12_20261001/confirmation_runs/peacock_education_a_lr1e-3_s92602/result.json""]","[""research/tsfm_peft_a_confirmation_v12_20261001/selected_confirmation.json""]","[""research/tsfm_peft_a_confirmation_v12_20261001/confirmation_prediction_manifest.json""]","[""research/tsfm_peft_a_confirmation_v12_20261001/confirmation_evaluation01.json""]","[""research/tsfm_peft_a_confirmation_v12_20261001/finalconfirmationchecks.json""]","{""v12_parent_step0_and_noQ_scope"": [""research/tsfm_peft_a_confirmation_v12_20261001/TOPIC_DECISION.md:28"", ""research/tsfm_peft_a_confirmation_v12_20261001/TOPIC_DECISION.md:59"", ""research/tsfm_peft_a_confirmation_v12_20261001/confirmation_runs/peacock_education_a_lr1e-4_s92601/result.json:230""]}",Prediction/checkpoint existence+declared bytes checked; bounded sample hashes; see later_artifact_checks.json; no array rescoring,Baseline checkpoint reuse is not independent improvement; v12/v14 step0=parent; selections and actual updates differ,A all candidates choose step0; A=LEVEL0.203266; saved VAL b/F0 absent,confirmation 완료; old final_checks is earlier partial scope,원형 보완 유지; A새이득 기각,Causal isolation or fresh fixed-scope evidence as appropriate; see critical review; no new fit authorization,0
E13,GROUP 기저를 바꿔보았나,"v13 (follow-up, not replacement of basic LEVEL)","TRAIN-only correlation group average basis, same K; GROUP_RES vs GROUP_RAW","[""research/tsfm_peft_group_basis_v13_20261001/data_contract_group_basis_hog.json"", ""research/tsfm_peft_group_basis_v13_20261001/data_contract_group_basis_jena.json"", ""research/tsfm_peft_group_basis_v13_20261001/data_contract_group_basis_peacock_education.json"", ""research/tsfm_peft_group_basis_v13_20261001/data_contract_group_basis_robin.json"", ""research/tsfm_peft_group_basis_v13_20261001/data_manifest.json"", ""research/tsfm_peft_group_basis_v13_20261001/protocol.json""]","[""research/tsfm_peft_group_basis_v13_20261001/PLAN.md""]","[""research/tsfm_peft_group_basis_v13_20261001/model_v13.py"", ""research/tsfm_peft_group_basis_v13_20261001/prepare_v13.py"", ""research/tsfm_peft_group_basis_v13_20261001/runtime_v13.py""]","[""research/tsfm_peft_group_basis_v13_20261001/runs/hog_group_raw_s92601/result.json"", ""research/tsfm_peft_group_basis_v13_20261001/runs/hog_group_raw_s92602/result.json""]","[""research/tsfm_peft_group_basis_v13_20261001/selected.json""]","[""research/tsfm_peft_group_basis_v13_20261001/prediction_manifest.json""]","[""research/tsfm_peft_group_basis_v13_20261001/evaluation01.json""]","[""research/tsfm_peft_group_basis_v13_20261001/final_checks.json""]","{""v13_fixed_group"": [""research/tsfm_peft_group_basis_v13_20261001/prepare_v13.py:403"", ""research/tsfm_peft_group_basis_v13_20261001/prepare_v13.py:426"", ""research/tsfm_peft_group_basis_v13_20261001/model_v13.py:94"", ""research/tsfm_peft_group_basis_v13_20261001/TOPIC_DECISION.md:7"", ""research/tsfm_peft_group_basis_v13_20261001/TOPIC_DECISION.md:85""]}",Prediction/checkpoint existence+declared bytes checked; bounded sample hashes; see later_artifact_checks.json; no array rescoring,Baseline checkpoint reuse is not independent improvement; v12/v14 step0=parent; selections and actual updates differ,Robin0.258453/Jena0.295611 improve; Hog/Peacock adverse; GROUP coordinates differ,완료; 회계 사전예약이탈 공개계상,보편 기저교체 보류; PCA_RAW로 병합금지,Causal isolation or fresh fixed-scope evidence as appropriate; see critical review; no new fit authorization,0
E14,비선형/linear/direct대조 및 P/Q교체가 있나,"v14 (follow-up, not replacement of basic LEVEL)",fixed LEVEL + small nonlinear/linear temporal correction; separate projected prediction swaps,"[""research/tsfm_peft_nonlinear_correction_v14_20261001/data_manifest.json"", ""research/tsfm_peft_nonlinear_correction_v14_20261001/protocol.json""]","[""research/tsfm_peft_nonlinear_correction_v14_20261001/PLAN.md"", ""research/tsfm_peft_nonlinear_correction_v14_20261001/POSTHOC_COMPONENT_PLAN.md"", ""research/tsfm_peft_nonlinear_correction_v14_20261001/PLAN_ERRATUM.md""]","[""research/tsfm_peft_nonlinear_correction_v14_20261001/model_v14.py"", ""research/tsfm_peft_nonlinear_correction_v14_20261001/prepare_v14.py"", ""research/tsfm_peft_nonlinear_correction_v14_20261001/runtime_v14.py""]","[""research/tsfm_peft_nonlinear_correction_v14_20261001/runs/hog_direct_gelu_lr1e-3_s92601/result.json"", ""research/tsfm_peft_nonlinear_correction_v14_20261001/runs/hog_direct_gelu_lr1e-3_s92602/result.json""]","[""research/tsfm_peft_nonlinear_correction_v14_20261001/selected.json""]","[""research/tsfm_peft_nonlinear_correction_v14_20261001/prediction_manifest.json""]","[""research/tsfm_peft_nonlinear_correction_v14_20261001/evaluation01.json"", ""research/tsfm_peft_nonlinear_correction_v14_20261001/component_swap01.json""]","[""research/tsfm_peft_nonlinear_correction_v14_20261001/final_checks.json"", ""research/tsfm_peft_nonlinear_correction_v14_20261001/component_swap_checks01.json""]","{""v14_nonlinear_and_step0"": [""research/tsfm_peft_nonlinear_correction_v14_20261001/model_v14.py:56"", ""research/tsfm_peft_nonlinear_correction_v14_20261001/model_v14.py:120"", ""research/tsfm_peft_nonlinear_correction_v14_20261001/TOPIC_DECISION.md:11"", ""research/tsfm_peft_nonlinear_correction_v14_20261001/TOPIC_DECISION.md:19""], ""v14_component_checks"": [""research/tsfm_peft_nonlinear_correction_v14_20261001/verify_component_swap_v14.py:48"", ""research/tsfm_peft_nonlinear_correction_v14_20261001/verify_component_swap_v14.py:58"", ""research/tsfm_peft_nonlinear_correction_v14_20261001/verify_component_swap_v14.py:275"", ""research/tsfm_peft_nonlinear_correction_v14_20261001/verify_component_swap_v14.py:307""], ""masked_macro_metric"": [""research/tsfm_peft_a_confirmation_v12_20261001/evaluate_confirmation_v12.py:235"", ""research/tsfm_peft_a_confirmation_v12_20261001/evaluate_confirmation_v12.py:247"", ""research/tsfm_peft_a_confirmation_v12_20261001/evaluate_confirmation_v12.py:251""]}",Prediction/checkpoint existence+declared bytes checked; bounded sample hashes; see later_artifact_checks.json; no array rescoring,Baseline checkpoint reuse is not independent improvement; v12/v14 step0=parent; selections and actual updates differ,Jena GELU0.284368 worse DIRECT_GELU0.268713; Robin/Peacock step0; complete-only energy distinct from masked MSE,완료; 원인미분리,미시도 비판 기각; 부모선택 신규성 기각,Causal isolation or fresh fixed-scope evidence as appropriate; see critical review; no new fit authorization,0
E15,원채널선택/독립decoder가 공통해법인가,"v15 (follow-up, not replacement of basic LEVEL)",S*+(F0(XE)-S*E)W; fixed coordinate/PCA E and frozen DIRECT parent,"[""research/tsfm_peft_coordinate_decoder_v15_20261001/data_manifest.json"", ""research/tsfm_peft_coordinate_decoder_v15_20261001/protocol.json""]","[""research/tsfm_peft_coordinate_decoder_v15_20261001/PLAN.md""]","[""research/tsfm_peft_coordinate_decoder_v15_20261001/fit_v15.py"", ""research/tsfm_peft_coordinate_decoder_v15_20261001/model_v15.py"", ""research/tsfm_peft_coordinate_decoder_v15_20261001/prepare_v15.py"", ""research/tsfm_peft_coordinate_decoder_v15_20261001/runtime_v15.py""]","[""research/tsfm_peft_coordinate_decoder_v15_20261001/coefficient_runs/hog_pca_free_lam0_s92601/result.json"", ""research/tsfm_peft_coordinate_decoder_v15_20261001/coefficient_runs/hog_pca_free_lam0_s92602/result.json""]","[""research/tsfm_peft_coordinate_decoder_v15_20261001/selected.json""]","[""research/tsfm_peft_coordinate_decoder_v15_20261001/prediction_manifest.json""]","[""research/tsfm_peft_coordinate_decoder_v15_20261001/evaluation01.json""]","[""research/tsfm_peft_coordinate_decoder_v15_20261001/final_checks.json""]","{""v15_formula_and_fits"": [""research/tsfm_peft_coordinate_decoder_v15_20261001/model_v15.py:135"", ""research/tsfm_peft_coordinate_decoder_v15_20261001/model_v15.py:142"", ""research/tsfm_peft_coordinate_decoder_v15_20261001/fit_v15.py:178"", ""research/tsfm_peft_coordinate_decoder_v15_20261001/fit_v15.py:281"", ""research/tsfm_peft_coordinate_decoder_v15_20261001/coefficient_runs/robin_raw_free_lam0p1_s92601/result.json:25""], ""v15_partial_cost"": [""research/tsfm_peft_coordinate_decoder_v15_20261001/final_checks.json:58"", ""research/tsfm_peft_coordinate_decoder_v15_20261001/final_checks.json:61"", ""research/tsfm_peft_coordinate_decoder_v15_20261001/final_checks.json:195""]}",Prediction/checkpoint existence+declared bytes checked; bounded sample hashes; see later_artifact_checks.json; no array rescoring,Baseline checkpoint reuse is not independent improvement; v12/v14 step0=parent; selections and actual updates differ,RAW_FREE/PCA_FREE worse FULL_MSE; GPU606/612 Robin6 cost rows missing,정확도 완료; 비용 일부미완료,완료구분 유지; learned E/D-only 대체금지,Causal isolation or fresh fixed-scope evidence as appropriate; see critical review; no new fit authorization,0
E16,모든C 유지 시간4평균이 해결하는가,"v16 (follow-up, not replacement of basic LEVEL)","R Fphi(A X)[:12]+(I-R A)S*; time512->128, 12->48, all C","[""research/tsfm_peft_temporal_allocation_v16_20261001/data_manifest.json"", ""research/tsfm_peft_temporal_allocation_v16_20261001/protocol.json""]","[""research/tsfm_peft_temporal_allocation_v16_20261001/PLAN.md""]","[""research/tsfm_peft_temporal_allocation_v16_20261001/model_v16.py"", ""research/tsfm_peft_temporal_allocation_v16_20261001/prepare_v16.py"", ""research/tsfm_peft_temporal_allocation_v16_20261001/runtime_v16.py""]","[""research/tsfm_peft_temporal_allocation_v16_20261001/runs/hog_temporal_lora_lr1e-3_s92601/result.json"", ""research/tsfm_peft_temporal_allocation_v16_20261001/runs/hog_temporal_lora_lr1e-3_s92602/result.json""]","[""research/tsfm_peft_temporal_allocation_v16_20261001/selected.json""]","[""research/tsfm_peft_temporal_allocation_v16_20261001/prediction_manifest.json""]","[""research/tsfm_peft_temporal_allocation_v16_20261001/evaluation01.json""]","[""research/tsfm_peft_temporal_allocation_v16_20261001/final_checks.json""]","{""v16_temporal"": [""research/tsfm_peft_temporal_allocation_v16_20261001/model_v16.py:15"", ""research/tsfm_peft_temporal_allocation_v16_20261001/model_v16.py:123"", ""research/tsfm_peft_temporal_allocation_v16_20261001/model_v16.py:156"", ""research/tsfm_peft_temporal_allocation_v16_20261001/TOPIC_DECISION.md:36"", ""research/tsfm_peft_temporal_allocation_v16_20261001/TOPIC_DECISION.md:47""], ""v16_complete_cost"": [""research/tsfm_peft_temporal_allocation_v16_20261001/verification_cost_report.json:104"", ""research/tsfm_peft_temporal_allocation_v16_20261001/verification_cost_report.json:105"", ""research/tsfm_peft_temporal_allocation_v16_20261001/verification_cost_report.json:106""]}",Prediction/checkpoint existence+declared bytes checked; bounded sample hashes; see later_artifact_checks.json; no array rescoring,Baseline checkpoint reuse is not independent improvement; v12/v14 step0=parent; selections and actual updates differ,All four pooled MSE/MAE worse full-MSE LoRA; Jena fine branch hurts coarse-only,완료; 개발노출; cost588 GPU/48CPU recorded,공통 정확도회복 기각; 원형치환금지,Causal isolation or fresh fixed-scope evidence as appropriate; see critical review; no new fit authorization,0
E17,Peacock 동일PCA RAW의 누락이 실제남았나,"v17 (follow-up, not replacement of basic LEVEL)",fixed-PCA LEVEL vs RAW; same G and original contract; RAW two historical fits,"[""research/tsfm_peft_peacock_matched_raw_v17_20261002/protocol.json""]","[""research/tsfm_peft_peacock_matched_raw_v17_20261002/ARTIFACT_SCOPE.md"", ""research/tsfm_peft_peacock_matched_raw_v17_20261002/REQUEST.txt""]","[""research/tsfm_peft_peacock_matched_raw_v17_20261002/model_confirmation_v12.py"", ""research/tsfm_peft_peacock_matched_raw_v17_20261002/runtime_confirmation_v12.py""]","[""research/tsfm_peft_peacock_matched_raw_v17_20261002/confirmation_runs/peacock_matched_raw_lr1e-3_s92601/result.json"", ""research/tsfm_peft_peacock_matched_raw_v17_20261002/confirmation_runs/peacock_matched_raw_lr1e-3_s92602/result.json""]","[""research/tsfm_peft_peacock_matched_raw_v17_20261002/parents_selected.json"", ""research/tsfm_peft_peacock_matched_raw_v17_20261002/confirmation_runs/peacock_matched_raw_lr1e-3_s92601/result.json"", ""research/tsfm_peft_peacock_matched_raw_v17_20261002/confirmation_runs/peacock_matched_raw_lr1e-3_s92602/result.json""]","[""research/tsfm_peft_peacock_matched_raw_v17_20261002/prediction_manifest.json""]","[""research/tsfm_peft_peacock_matched_raw_v17_20261002/evaluation01.json""]","[""research/tsfm_peft_peacock_matched_raw_v17_20261002/final_verification.json""]","{""v17_matched_RAW"": [""research/tsfm_peft_peacock_matched_raw_v17_20261002/model_confirmation_v12.py:123"", ""research/tsfm_peft_peacock_matched_raw_v17_20261002/model_confirmation_v12.py:125"", ""research/tsfm_peft_peacock_matched_raw_v17_20261002/confirmation_runs/peacock_matched_raw_lr1e-3_s92601/result.json:70"", ""research/tsfm_peft_peacock_matched_raw_v17_20261002/REPORT.md:3"", ""research/tsfm_peft_peacock_matched_raw_v17_20261002/REPORT.md:27"", ""research/tsfm_peft_peacock_matched_raw_v17_20261002/REPORT.md:76""]}",Prediction/checkpoint existence+declared bytes checked; bounded sample hashes; see later_artifact_checks.json; no array rescoring,Baseline checkpoint reuse is not independent improvement; v12/v14 step0=parent; selections and actual updates differ,LEVEL0.2032661712362121 RAW0.27209153229343336; post-TEST supplement,로컬 미게시 완료; 소급확증금지,Peacock 잔차입력이득 조건부유지,Causal isolation or fresh fixed-scope evidence as appropriate; see critical review; no new fit authorization,0
E18,현재 LEVEL 계약의 Chronos-2 비교가 완료됐나,Local level_chronos2_controls_v1; not old gap_atlas/internal_adaptation,C2/Small MV origin=C-channel task; UNI=singleton task; cross_learning False; literal median,research/level_chronos2_controls_v1/input_contract.json,"[""research/level_chronos2_controls_v1/PLAN.md"", ""research/level_chronos2_controls_v1/REQUEST.txt""]","[""research/level_chronos2_controls_v1/c2_models.py"", ""research/level_chronos2_controls_v1/baselines.py"", ""research/level_chronos2_controls_v1/preflight.py"", ""research/level_chronos2_controls_v1/evaluate_controls.py"", ""research/level_chronos2_controls_v1/cost_controls.py""]",No new fits in original zero-shot campaign; ledger and prediction/score/cost execution_attempts,"[""research/level_chronos2_controls_v1/reuse_manifest.json"", ""research/level_chronos2_controls_v1/evaluation_seal.json""]","[""research/level_chronos2_controls_v1/prediction_manifest.json""]","[""research/level_chronos2_controls_v1/evaluation_summary.json"", ""research/level_chronos2_controls_v1/accuracy_comparison.csv"", ""research/level_chronos2_controls_v1/paired_comparisons.csv"", ""research/level_chronos2_controls_v1/cost_comparison.csv""]","[""research/level_chronos2_controls_v1/preflight_checks.json"", ""research/level_chronos2_controls_v1/accuracy_verification.json"", ""research/level_chronos2_controls_v1/final_checks.json""]",chronos_artifact_checks.json: expected manifests vs aggregate current hash check; structure reads; static lines; prior VAL group checks,"157 referenced files aggregate SHA check, 13 seal checks; actual individual hashes not retained; new NPZ12 structure/origins/finite read; no rescore/forward","24 old prediction instances reused; basicLEVEL v6/v7/v12, MSELoRA v11/v12; Peacock b step0 main-only counted once",Small lower MSE/allocated and higher B4 throughput Robin/Jena; Peacock tiny uncertain MSE benefit with adverse MAE/cost; Jena reserved opposite,Exact-contract local execution/prediction/cost complete; recorded checks; not independent reproduction,General practical superiority reduce; no duplicate run,Actual application constraint where Small/direct/chunks insufficient plus fresh fixed-scope evidence,0
