dataset,role,period,aggregation,mse,mae,model_count,id,seed
robin,direct_nlinear,test_a,mean_individual_seed_loss,0.3274836087713284,0.36720980137015946,2,,
robin,direct_nlinear,test_b,mean_individual_seed_loss,0.3279615369417489,0.3396076684791154,2,,
robin,direct_nlinear,combined,mean_individual_seed_loss,0.3277241112749308,0.3534102434749249,2,,
robin,level_res,test_a,mean_individual_seed_loss,0.27367723146251693,0.33186499994097546,2,,
robin,level_res,test_b,mean_individual_seed_loss,0.2767121277726573,0.3173187191263809,2,,
robin,level_res,combined,mean_individual_seed_loss,0.2751958535904288,0.32459319987047697,2,,
robin,old_res,test_a,mean_individual_seed_loss,0.563076985096912,0.485326870351081,2,,
robin,old_res,test_b,mean_individual_seed_loss,0.514472061241515,0.48165888592342504,2,,
robin,old_res,combined,mean_individual_seed_loss,0.5387763009183797,0.4834945015673137,2,,
robin,level_raw,test_a,mean_individual_seed_loss,0.3586221472112189,0.39771332791953445,2,,
robin,level_raw,test_b,mean_individual_seed_loss,0.334634933393625,0.3740493401791334,2,,
robin,level_raw,combined,mean_individual_seed_loss,0.3466303453242658,0.3858832669133281,2,,
robin,level_linear_res,test_a,mean_individual_seed_loss,0.3198260493349566,0.3675754119085537,2,,
robin,level_linear_res,test_b,mean_individual_seed_loss,0.31146408192597913,0.340957434414328,2,,
robin,level_linear_res,combined,mean_individual_seed_loss,0.3156459343020104,0.35426770719625617,2,,
robin,lora,test_a,mean_individual_seed_loss,0.23053471169419293,0.27897808527056767,2,,
robin,lora,test_b,mean_individual_seed_loss,0.21668285727327063,0.23371273821415295,2,,
robin,lora,combined,mean_individual_seed_loss,0.22361026706170095,0.256347035583104,2,,
robin,f0,test_a,mean_individual_seed_loss,0.23153876570433538,0.2830654624257689,1,,
robin,f0,test_b,mean_individual_seed_loss,0.22664913960946464,0.24107944671965875,1,,
robin,f0,combined,mean_individual_seed_loss,0.22909530431015587,0.2620739422979974,1,,
robin,compress,test_a,mean_individual_seed_loss,1.123537073826218,0.6929059546231178,1,,
robin,compress,test_b,mean_individual_seed_loss,0.830506180803,0.6308315739722015,1,,
robin,compress,combined,mean_individual_seed_loss,0.9770230865300422,0.6618704700729161,1,,
robin,level_only,test_a,mean_individual_seed_loss,0.35584043400866183,0.3997882005656807,1,,
robin,level_only,test_b,mean_individual_seed_loss,0.3422364692740723,0.3728076650529782,1,,
robin,level_only,combined,mean_individual_seed_loss,0.34904060384552965,0.3862999866551418,1,,
robin,shared,test_a,mean_individual_seed_loss,0.34054774963790796,0.38357271806311644,1,,
robin,shared,test_b,mean_individual_seed_loss,0.33400317499693627,0.36986628038872743,1,,
robin,shared,combined,mean_individual_seed_loss,0.33727667428897823,0.3767207053384643,1,,
robin,level_res,test_a,individual_model,0.2737467694171549,0.3320506342363804,1,v6_robin_level_res_92601,92601
robin,level_res,test_b,individual_model,0.2762684912874164,0.3168226376097151,1,v6_robin_level_res_92601,92601
robin,level_res,combined,individual_model,0.2750087927589786,0.32443795858995605,1,v6_robin_level_res_92601,92601
robin,level_res,test_a,individual_model,0.27360769350787895,0.3316793656455705,1,v6_robin_level_res_92602,92602
robin,level_res,test_b,individual_model,0.2771557642578982,0.31781480064304674,1,v6_robin_level_res_92602,92602
robin,level_res,combined,individual_model,0.275382914421879,0.32474844115099794,1,v6_robin_level_res_92602,92602
robin,old_res,test_a,individual_model,0.5891784979439337,0.5023753993852479,1,v6_robin_old_res_92601,92601
robin,old_res,test_b,individual_model,0.556593736202163,0.5086994516409328,1,v6_robin_old_res_92601,92601
robin,old_res,combined,individual_model,0.5728878521716406,0.505538915568315,1,v6_robin_old_res_92601,92601
robin,old_res,test_a,individual_model,0.5369754722498903,0.4682783413169142,1,v6_robin_old_res_92602,92602
robin,old_res,test_b,individual_model,0.4723503862808671,0.4546183202059173,1,v6_robin_old_res_92602,92602
robin,old_res,combined,individual_model,0.5046647496651187,0.46145008756631245,1,v6_robin_old_res_92602,92602
robin,level_raw,test_a,individual_model,0.3562813666602951,0.39633531327490856,1,v6_robin_level_raw_92601,92601
robin,level_raw,test_b,individual_model,0.333827489515897,0.37287562513668293,1,v6_robin_level_raw_92601,92601
robin,level_raw,combined,individual_model,0.3450562703015791,0.3846074375687859,1,v6_robin_level_raw_92601,92601
robin,level_raw,test_a,individual_model,0.3609629277621427,0.39909134256416035,1,v6_robin_level_raw_92602,92602
robin,level_raw,test_b,individual_model,0.33544237727135295,0.3752230552215838,1,v6_robin_level_raw_92602,92602
robin,level_raw,combined,individual_model,0.3482044203469525,0.3871590962578702,1,v6_robin_level_raw_92602,92602
robin,level_linear_res,test_a,individual_model,0.316826138595837,0.36612745453355483,1,v6_robin_level_linear_res_92601,92601
robin,level_linear_res,test_b,individual_model,0.30669314310483814,0.33721173858908715,1,v6_robin_level_linear_res_92601,92601
robin,level_linear_res,combined,individual_model,0.3117604972701643,0.35167083712144737,1,v6_robin_level_linear_res_92601,92601
robin,level_linear_res,test_a,individual_model,0.3228259600740762,0.3690233692835526,1,v6_robin_level_linear_res_92602,92602
robin,level_linear_res,test_b,individual_model,0.3162350207471201,0.34470313023956883,1,v6_robin_level_linear_res_92602,92602
robin,level_linear_res,combined,individual_model,0.3195313713338564,0.35686457727106496,1,v6_robin_level_linear_res_92602,92602
robin,lora,test_a,individual_model,0.228894822542995,0.2776929286442731,1,v6_robin_lora_92601,92601
robin,lora,test_b,individual_model,0.21486450745249522,0.23260952791108053,1,v6_robin_lora_92601,92601
robin,lora,combined,individual_model,0.2218811879270592,0.25515288942374703,1,v6_robin_lora_92601,92601
robin,lora,test_a,individual_model,0.23217460084539082,0.2802632418968622,1,v6_robin_lora_92602,92602
robin,lora,test_b,individual_model,0.21850120709404602,0.23481594851722537,1,v6_robin_lora_92602,92602
robin,lora,combined,individual_model,0.22533934619634272,0.25754118174246093,1,v6_robin_lora_92602,92602
robin,f0,test_a,individual_model,0.23153876570433538,0.2830654624257689,1,v6_robin_f0,
robin,f0,test_b,individual_model,0.22664913960946464,0.24107944671965875,1,v6_robin_f0,
robin,f0,combined,individual_model,0.22909530431015587,0.2620739422979974,1,v6_robin_f0,
robin,compress,test_a,individual_model,1.123537073826218,0.6929059546231178,1,v6_robin_compress,
robin,compress,test_b,individual_model,0.830506180803,0.6308315739722015,1,v6_robin_compress,
robin,compress,combined,individual_model,0.9770230865300422,0.6618704700729161,1,v6_robin_compress,
robin,level_only,test_a,individual_model,0.35584043400866183,0.3997882005656807,1,v6_robin_level_only,
robin,level_only,test_b,individual_model,0.3422364692740723,0.3728076650529782,1,v6_robin_level_only,
robin,level_only,combined,individual_model,0.34904060384552965,0.3862999866551418,1,v6_robin_level_only,
robin,shared,test_a,individual_model,0.34054774963790796,0.38357271806311644,1,shared_ridge_p0p001,
robin,shared,test_b,individual_model,0.33400317499693627,0.36986628038872743,1,shared_ridge_p0p001,
robin,shared,combined,individual_model,0.33727667428897823,0.3767207053384643,1,shared_ridge_p0p001,
robin,direct_nlinear,test_a,individual_model,0.3325532915107433,0.37532900146670883,1,v7_robin_direct_nlinear_lr0.001_92601,92601
robin,direct_nlinear,test_b,individual_model,0.3357024512444591,0.3492716858155535,1,v7_robin_direct_nlinear_lr0.001_92601,92601
robin,direct_nlinear,combined,individual_model,0.33412942261133527,0.3623018117831495,1,v7_robin_direct_nlinear_lr0.001_92601,92601
robin,direct_nlinear,test_a,individual_model,0.3224139260319136,0.3590906012736101,1,v7_robin_direct_nlinear_lr0.001_92602,92602
robin,direct_nlinear,test_b,individual_model,0.3202206226390388,0.3299436511426772,1,v7_robin_direct_nlinear_lr0.001_92602,92602
robin,direct_nlinear,combined,individual_model,0.3213187999385263,0.34451867516670026,1,v7_robin_direct_nlinear_lr0.001_92602,92602
jena,direct_nlinear,test_a,mean_individual_seed_loss,0.3320697716095375,0.3229672862749447,2,,
jena,direct_nlinear,test_b,mean_individual_seed_loss,0.2158985649545155,0.25046071910777723,2,,
jena,direct_nlinear,combined,mean_individual_seed_loss,0.27398416828202665,0.28671400269136094,2,,
jena,level_raw,test_a,mean_individual_seed_loss,0.3606477425801447,0.35386985331883714,2,,
jena,level_raw,test_b,mean_individual_seed_loss,0.22167083406439686,0.25939813278737756,2,,
jena,level_raw,combined,mean_individual_seed_loss,0.29115928832227067,0.3066339930531073,2,,
jena,level_res,test_a,mean_individual_seed_loss,0.42247486256906597,0.3810405569882033,2,,
jena,level_res,test_b,mean_individual_seed_loss,0.22624345261566864,0.25985927851479007,2,,
jena,level_res,combined,mean_individual_seed_loss,0.3243591575923674,0.32044991775149667,2,,
jena,lora,test_a,mean_individual_seed_loss,0.28544526091788003,0.25398087769942285,2,,
jena,lora,test_b,mean_individual_seed_loss,0.1957345294548819,0.1991875876422407,2,,
jena,lora,combined,mean_individual_seed_loss,0.240589895186381,0.22658423267083186,2,,
jena,old_res,test_a,mean_individual_seed_loss,0.4225853938020467,0.3834912530545668,2,,
jena,old_res,test_b,mean_individual_seed_loss,0.22402368403438444,0.2601465124325172,2,,
jena,old_res,combined,mean_individual_seed_loss,0.32330453891821564,0.32181888274354203,2,,
jena,f0,test_a,mean_individual_seed_loss,0.37075615443647575,0.3131295741185513,1,,
jena,f0,test_b,mean_individual_seed_loss,0.21384389678274282,0.21638567720780014,1,,
jena,f0,combined,mean_individual_seed_loss,0.29230002560960916,0.26475762566317573,1,,
jena,compress,test_a,mean_individual_seed_loss,0.48686310682583694,0.4408258266269809,1,,
jena,compress,test_b,mean_individual_seed_loss,0.2755099299006247,0.3213575314121024,1,,
jena,compress,combined,mean_individual_seed_loss,0.3811865183632306,0.3810916790195416,1,,
jena,level_only,test_a,mean_individual_seed_loss,0.4621811728962521,0.3882885052250785,1,,
jena,level_only,test_b,mean_individual_seed_loss,0.24925807432514857,0.26391957761235296,1,,
jena,level_only,combined,mean_individual_seed_loss,0.35571962361070036,0.3261040414187157,1,,
jena,direct_nlinear,test_a,individual_model,0.3305041780259741,0.32372648691358413,1,v7_jena_direct_nlinear_lr0.001_92601,92601
jena,direct_nlinear,test_b,individual_model,0.21579935588979482,0.2524806785097359,1,v7_jena_direct_nlinear_lr0.001_92601,92601
jena,direct_nlinear,combined,individual_model,0.27315176695788457,0.28810358271166,1,v7_jena_direct_nlinear_lr0.001_92601,92601
jena,direct_nlinear,test_a,individual_model,0.3336353651931009,0.32220808563630526,1,v7_jena_direct_nlinear_lr0.001_92602,92602
jena,direct_nlinear,test_b,individual_model,0.2159977740192362,0.2484407597058186,1,v7_jena_direct_nlinear_lr0.001_92602,92602
jena,direct_nlinear,combined,individual_model,0.27481656960616874,0.28532442267106195,1,v7_jena_direct_nlinear_lr0.001_92602,92602
jena,level_raw,test_a,individual_model,0.36068205318761504,0.3544583790782544,1,v7_jena_level_raw_92601,92601
jena,level_raw,test_b,individual_model,0.2223506361631494,0.2605710022088933,1,v7_jena_level_raw_92601,92601
jena,level_raw,combined,individual_model,0.2915163446753822,0.30751469064357384,1,v7_jena_level_raw_92601,92601
jena,level_raw,test_a,individual_model,0.36061343197267437,0.3532813275594198,1,v7_jena_level_raw_92602,92602
jena,level_raw,test_b,individual_model,0.22099103196564432,0.25822526336586177,1,v7_jena_level_raw_92602,92602
jena,level_raw,combined,individual_model,0.2908022319691592,0.30575329546264074,1,v7_jena_level_raw_92602,92602
jena,level_res,test_a,individual_model,0.4222002440174097,0.3810606831762398,1,v7_jena_level_res_92601,92601
jena,level_res,test_b,individual_model,0.22623753018946116,0.2599065718567734,1,v7_jena_level_res_92601,92601
jena,level_res,combined,individual_model,0.3242188871034354,0.3204836275165066,1,v7_jena_level_res_92601,92601
jena,level_res,test_a,individual_model,0.4227494811207223,0.38102043080016684,1,v7_jena_level_res_92602,92602
jena,level_res,test_b,individual_model,0.2262493750418761,0.2598119851728067,1,v7_jena_level_res_92602,92602
jena,level_res,combined,individual_model,0.3244994280812994,0.3204162079864868,1,v7_jena_level_res_92602,92602
jena,lora,test_a,individual_model,0.28499195850125386,0.25318471385859836,1,v7_jena_lora_92601,92601
jena,lora,test_b,individual_model,0.1953755904459964,0.19886966456962973,1,v7_jena_lora_92601,92601
jena,lora,combined,individual_model,0.2401837744736252,0.22602718921411413,1,v7_jena_lora_92601,92601
jena,lora,test_a,individual_model,0.28589856333450614,0.25477704154024733,1,v7_jena_lora_92602,92602
jena,lora,test_b,individual_model,0.19609346846376738,0.19950551071485167,1,v7_jena_lora_92602,92602
jena,lora,combined,individual_model,0.24099601589913677,0.22714127612754959,1,v7_jena_lora_92602,92602
jena,old_res,test_a,individual_model,0.42263478173254787,0.3837717282136427,1,v7_jena_old_res_92601,92601
jena,old_res,test_b,individual_model,0.22423958645230765,0.2608863537241975,1,v7_jena_old_res_92601,92601
jena,old_res,combined,individual_model,0.32343718409242783,0.3223290409689201,1,v7_jena_old_res_92601,92601
jena,old_res,test_a,individual_model,0.4225360058715455,0.38321077789549096,1,v7_jena_old_res_92602,92602
jena,old_res,test_b,individual_model,0.2238077816164612,0.25940667114083693,1,v7_jena_old_res_92602,92602
jena,old_res,combined,individual_model,0.32317189374400346,0.32130872451816395,1,v7_jena_old_res_92602,92602
jena,f0,test_a,individual_model,0.37075615443647575,0.3131295741185513,1,v7_jena_f0,
jena,f0,test_b,individual_model,0.21384389678274282,0.21638567720780014,1,v7_jena_f0,
jena,f0,combined,individual_model,0.29230002560960916,0.26475762566317573,1,v7_jena_f0,
jena,compress,test_a,individual_model,0.48686310682583694,0.4408258266269809,1,v7_jena_compress,
jena,compress,test_b,individual_model,0.2755099299006247,0.3213575314121024,1,v7_jena_compress,
jena,compress,combined,individual_model,0.3811865183632306,0.3810916790195416,1,v7_jena_compress,
jena,level_only,test_a,individual_model,0.4621811728962521,0.3882885052250785,1,v7_jena_level_only,
jena,level_only,test_b,individual_model,0.24925807432514857,0.26391957761235296,1,v7_jena_level_only,
jena,level_only,combined,individual_model,0.35571962361070036,0.3261040414187157,1,v7_jena_level_only,
