figure,panel,series,seed,x,y,unit,source_file
fig1_transferred_quality,a,F_FULL,92711,Full LoRA+,0.17519769816205782,TEST scaled twice-pinball,SCORES.csv
fig1_transferred_quality,a,F_FULL,92712,Full LoRA+,0.17636065230050513,TEST scaled twice-pinball,SCORES.csv
fig1_transferred_quality,a,F_FULL,mean,Full LoRA+,0.17577917523128148,TEST scaled twice-pinball,SCORES.csv
fig1_transferred_quality,a,F_TOP3,92711,Top-3 LoRA+,0.1761593021061516,TEST scaled twice-pinball,SCORES.csv
fig1_transferred_quality,a,F_TOP3,92712,Top-3 LoRA+,0.17685210033379142,TEST scaled twice-pinball,SCORES.csv
fig1_transferred_quality,a,F_TOP3,mean,Top-3 LoRA+,0.1765057012199715,TEST scaled twice-pinball,SCORES.csv
fig1_transferred_quality,a,E_EMLOC,92711,EMLoC-style,0.17626310955364302,TEST scaled twice-pinball,SCORES.csv
fig1_transferred_quality,a,E_EMLOC,92712,EMLoC-style,0.17729659919320817,TEST scaled twice-pinball,SCORES.csv
fig1_transferred_quality,a,E_EMLOC,mean,EMLoC-style,0.17677985437342558,TEST scaled twice-pinball,SCORES.csv
fig1_transferred_quality,a,E_DELTA,92711,Delta,0.17578175298139995,TEST scaled twice-pinball,SCORES.csv
fig1_transferred_quality,a,E_DELTA,92712,Delta,0.17733602401049864,TEST scaled twice-pinball,SCORES.csv
fig1_transferred_quality,a,E_DELTA,mean,Delta,0.1765588884959493,TEST scaled twice-pinball,SCORES.csv
fig1_transferred_quality,a,E_VALUE_DELTA,92711,Delta+value,0.17568137312409707,TEST scaled twice-pinball,SCORES.csv
fig1_transferred_quality,a,E_VALUE_DELTA,92712,Delta+value,0.17732985951584904,TEST scaled twice-pinball,SCORES.csv
fig1_transferred_quality,a,E_VALUE_DELTA,mean,Delta+value,0.17650561631997305,TEST scaled twice-pinball,SCORES.csv
fig1_transferred_quality,a,E_RESPONSE_DELTA,92711,Delta+response,0.1759661138997106,TEST scaled twice-pinball,SCORES.csv
fig1_transferred_quality,a,E_RESPONSE_DELTA,92712,Delta+response,0.17710107874125894,TEST scaled twice-pinball,SCORES.csv
fig1_transferred_quality,a,E_RESPONSE_DELTA,mean,Delta+response,0.17653359632048476,TEST scaled twice-pinball,SCORES.csv
fig1_transferred_quality,a,HEAD_PRIOR_RUN,92601,HEAD (prior run),0.17804301898795571,TEST scaled twice-pinball,SCORES.csv
fig1_transferred_quality,a,HEAD_PRIOR_RUN,92602,HEAD (prior run),0.1776969450536286,TEST scaled twice-pinball,SCORES.csv
fig1_transferred_quality,a,HEAD_PRIOR_RUN,mean,HEAD (prior run),0.17786998202079216,TEST scaled twice-pinball,SCORES.csv
fig1_transferred_quality,a,F0,0,,0.1797765782562175,TEST scaled twice-pinball,SCORES.csv
fig1_transferred_quality,caption,F_TOP3|mean error reduction vs F_FULL,mean,,-0.4133174408937223,%,SCORES.csv
fig1_transferred_quality,caption,E_EMLOC|mean error reduction vs F_FULL,mean,,-0.5692819646169477,%,SCORES.csv
fig1_transferred_quality,caption,E_DELTA|mean error reduction vs F_FULL,mean,,-0.4435754483669199,%,SCORES.csv
fig1_transferred_quality,caption,E_VALUE_DELTA|mean error reduction vs F_FULL,mean,,-0.41326914165785633,%,SCORES.csv
fig1_transferred_quality,caption,E_RESPONSE_DELTA|mean error reduction vs F_FULL,mean,,-0.42918684093872844,%,SCORES.csv
fig2_total_cost_frontier,a,F_FULL,92711,195.02660029975232,0.17519769816205782,s | TEST scaled twice-pinball,RESOURCES.csv
fig2_total_cost_frontier,a,F_FULL,92712,191.9161259001703,0.17636065230050513,s | TEST scaled twice-pinball,RESOURCES.csv
fig2_total_cost_frontier,a,F_FULL,mean,193.4713630999613,0.17577917523128148,s | TEST scaled twice-pinball,RESOURCES.csv
fig2_total_cost_frontier,a,F_TOP3,92711,88.68541909992928,0.1761593021061516,s | TEST scaled twice-pinball,RESOURCES.csv
fig2_total_cost_frontier,a,F_TOP3,92712,86.09088109899312,0.17685210033379142,s | TEST scaled twice-pinball,RESOURCES.csv
fig2_total_cost_frontier,a,F_TOP3,mean,87.3881500994612,0.1765057012199715,s | TEST scaled twice-pinball,RESOURCES.csv
fig2_total_cost_frontier,a,E_EMLOC,92711,232.2488605004619,0.17626310955364302,s | TEST scaled twice-pinball,RESOURCES.csv
fig2_total_cost_frontier,a,E_EMLOC,92712,234.83445429988205,0.17729659919320817,s | TEST scaled twice-pinball,RESOURCES.csv
fig2_total_cost_frontier,a,E_EMLOC,mean,233.54165740017197,0.17677985437342558,s | TEST scaled twice-pinball,RESOURCES.csv
fig2_total_cost_frontier,a,E_DELTA,92711,300.46366059948923,0.17578175298139995,s | TEST scaled twice-pinball,RESOURCES.csv
fig2_total_cost_frontier,a,E_DELTA,92712,306.7767021996551,0.17733602401049864,s | TEST scaled twice-pinball,RESOURCES.csv
fig2_total_cost_frontier,a,E_DELTA,mean,303.6201813995722,0.1765588884959493,s | TEST scaled twice-pinball,RESOURCES.csv
fig2_total_cost_frontier,a,E_VALUE_DELTA,92711,312.936262400588,0.17568137312409707,s | TEST scaled twice-pinball,RESOURCES.csv
fig2_total_cost_frontier,a,E_VALUE_DELTA,92712,315.1518085001735,0.17732985951584904,s | TEST scaled twice-pinball,RESOURCES.csv
fig2_total_cost_frontier,a,E_VALUE_DELTA,mean,314.04403545038076,0.17650561631997305,s | TEST scaled twice-pinball,RESOURCES.csv
fig2_total_cost_frontier,a,E_RESPONSE_DELTA,92711,313.9845670006471,0.1759661138997106,s | TEST scaled twice-pinball,RESOURCES.csv
fig2_total_cost_frontier,a,E_RESPONSE_DELTA,92712,317.2987342993729,0.17710107874125894,s | TEST scaled twice-pinball,RESOURCES.csv
fig2_total_cost_frontier,a,E_RESPONSE_DELTA,mean,315.64165065001,0.17653359632048476,s | TEST scaled twice-pinball,RESOURCES.csv
fig2_total_cost_frontier,a,threshold|total_s,mean,154.77709047996905,,s,RESOURCES.csv + config.json
fig2_total_cost_frontier,a,threshold|test_primary,mean,,0.17665807110743786,TEST scaled twice-pinball,RESOURCES.csv + config.json
fig2_total_cost_frontier,caption,F_TOP3|mean total-time saving vs F_FULL,mean,,54.83148063917338,%,RESOURCES.csv
fig2_total_cost_frontier,caption,E_EMLOC|mean total-time saving vs F_FULL,mean,,-20.711227572996137,%,RESOURCES.csv
fig2_total_cost_frontier,caption,E_DELTA|mean total-time saving vs F_FULL,mean,,-56.932879644156955,%,RESOURCES.csv
fig2_total_cost_frontier,caption,E_VALUE_DELTA|mean total-time saving vs F_FULL,mean,,-62.3206816856523,%,RESOURCES.csv
fig2_total_cost_frontier,caption,E_RESPONSE_DELTA|mean total-time saving vs F_FULL,mean,,-63.14644482394361,%,RESOURCES.csv
fig3_cost_breakdown,a,Data preparation,mean,0.17081029998371378,Full LoRA+,s,COST_COMPONENTS.csv
fig3_cost_breakdown,a,Model loads,mean,4.85424035001779,Full LoRA+,s,COST_COMPONENTS.csv
fig3_cost_breakdown,a,Activation stats + SVD + emulator build,mean,0.0,Full LoRA+,s,COST_COMPONENTS.csv
fig3_cost_breakdown,a,Teacher probes + gamma calibration,mean,0.0,Full LoRA+,s,COST_COMPONENTS.csv
fig3_cost_breakdown,a,F0/E0 forecast caches,mean,0.0,Full LoRA+,s,COST_COMPONENTS.csv
fig3_cost_breakdown,a,Main updates,mean,160.8322601998807,Full LoRA+,s,COST_COMPONENTS.csv
fig3_cost_breakdown,a,VAL evaluation (original model),mean,27.428436350019183,Full LoRA+,s,COST_COMPONENTS.csv
fig3_cost_breakdown,a,Checkpoint I/O,mean,0.1442322000511922,Full LoRA+,s,COST_COMPONENTS.csv
fig3_cost_breakdown,a,Transfer/correction + selection,mean,0.04138370000873692,Full LoRA+,s,COST_COMPONENTS.csv
fig3_cost_breakdown,a,total,92711,195.02660029975232,Full LoRA+,s,RESOURCES.csv
fig3_cost_breakdown,a,total,92712,191.9161259001703,Full LoRA+,s,RESOURCES.csv
fig3_cost_breakdown,a,total,mean,193.4713630999613,Full LoRA+,s,RESOURCES.csv
fig3_cost_breakdown,a,Data preparation,mean,0.17081029998371378,Top-3 LoRA+,s,COST_COMPONENTS.csv
fig3_cost_breakdown,a,Model loads,mean,4.9185147999669425,Top-3 LoRA+,s,COST_COMPONENTS.csv
fig3_cost_breakdown,a,Activation stats + SVD + emulator build,mean,0.0,Top-3 LoRA+,s,COST_COMPONENTS.csv
fig3_cost_breakdown,a,Teacher probes + gamma calibration,mean,0.0,Top-3 LoRA+,s,COST_COMPONENTS.csv
fig3_cost_breakdown,a,F0/E0 forecast caches,mean,0.0,Top-3 LoRA+,s,COST_COMPONENTS.csv
fig3_cost_breakdown,a,Main updates,mean,61.57971724952222,Top-3 LoRA+,s,COST_COMPONENTS.csv
fig3_cost_breakdown,a,VAL evaluation (original model),mean,20.657024649961386,Top-3 LoRA+,s,COST_COMPONENTS.csv
fig3_cost_breakdown,a,Checkpoint I/O,mean,0.049217950028833,Top-3 LoRA+,s,COST_COMPONENTS.csv
fig3_cost_breakdown,a,Transfer/correction + selection,mean,0.012865149998106062,Top-3 LoRA+,s,COST_COMPONENTS.csv
fig3_cost_breakdown,a,total,92711,88.68541909992928,Top-3 LoRA+,s,RESOURCES.csv
fig3_cost_breakdown,a,total,92712,86.09088109899312,Top-3 LoRA+,s,RESOURCES.csv
fig3_cost_breakdown,a,total,mean,87.3881500994612,Top-3 LoRA+,s,RESOURCES.csv
fig3_cost_breakdown,a,Data preparation,mean,0.17081029998371378,EMLoC-style,s,COST_COMPONENTS.csv
fig3_cost_breakdown,a,Model loads,mean,10.595350599935045,EMLoC-style,s,COST_COMPONENTS.csv
fig3_cost_breakdown,a,Activation stats + SVD + emulator build,mean,10.992520300089382,EMLoC-style,s,COST_COMPONENTS.csv
fig3_cost_breakdown,a,Teacher probes + gamma calibration,mean,0.0,EMLoC-style,s,COST_COMPONENTS.csv
fig3_cost_breakdown,a,F0/E0 forecast caches,mean,0.0,EMLoC-style,s,COST_COMPONENTS.csv
fig3_cost_breakdown,a,Main updates,mean,183.0868211001798,EMLoC-style,s,COST_COMPONENTS.csv
fig3_cost_breakdown,a,VAL evaluation (original model),mean,27.35391800000798,EMLoC-style,s,COST_COMPONENTS.csv
fig3_cost_breakdown,a,Checkpoint I/O,mean,0.12244690000079572,EMLoC-style,s,COST_COMPONENTS.csv
fig3_cost_breakdown,a,Transfer/correction + selection,mean,1.2197901999752503,EMLoC-style,s,COST_COMPONENTS.csv
fig3_cost_breakdown,a,total,92711,232.2488605004619,EMLoC-style,s,RESOURCES.csv
fig3_cost_breakdown,a,total,92712,234.83445429988205,EMLoC-style,s,RESOURCES.csv
fig3_cost_breakdown,a,total,mean,233.54165740017197,EMLoC-style,s,RESOURCES.csv
fig3_cost_breakdown,a,Data preparation,mean,0.17081029998371378,Delta,s,COST_COMPONENTS.csv
fig3_cost_breakdown,a,Model loads,mean,10.268269749940373,Delta,s,COST_COMPONENTS.csv
fig3_cost_breakdown,a,Activation stats + SVD + emulator build,mean,10.992520300089382,Delta,s,COST_COMPONENTS.csv
fig3_cost_breakdown,a,Teacher probes + gamma calibration,mean,0.0,Delta,s,COST_COMPONENTS.csv
fig3_cost_breakdown,a,F0/E0 forecast caches,mean,70.08905150002101,Delta,s,COST_COMPONENTS.csv
fig3_cost_breakdown,a,Main updates,mean,183.9775336496532,Delta,s,COST_COMPONENTS.csv
fig3_cost_breakdown,a,VAL evaluation (original model),mean,27.883754599984968,Delta,s,COST_COMPONENTS.csv
fig3_cost_breakdown,a,Checkpoint I/O,mean,0.12312219996238127,Delta,s,COST_COMPONENTS.csv
fig3_cost_breakdown,a,Transfer/correction + selection,mean,0.11511909993714653,Delta,s,COST_COMPONENTS.csv
fig3_cost_breakdown,a,total,92711,300.46366059948923,Delta,s,RESOURCES.csv
fig3_cost_breakdown,a,total,92712,306.7767021996551,Delta,s,RESOURCES.csv
fig3_cost_breakdown,a,total,mean,303.6201813995722,Delta,s,RESOURCES.csv
fig3_cost_breakdown,a,Data preparation,mean,0.17081029998371378,Delta+value,s,COST_COMPONENTS.csv
fig3_cost_breakdown,a,Model loads,mean,10.323971099947812,Delta+value,s,COST_COMPONENTS.csv
fig3_cost_breakdown,a,Activation stats + SVD + emulator build,mean,10.992520300089382,Delta+value,s,COST_COMPONENTS.csv
fig3_cost_breakdown,a,Teacher probes + gamma calibration,mean,4.988151799945626,Delta+value,s,COST_COMPONENTS.csv
fig3_cost_breakdown,a,F0/E0 forecast caches,mean,72.17226120003033,Delta+value,s,COST_COMPONENTS.csv
fig3_cost_breakdown,a,Main updates,mean,186.88799580032355,Delta+value,s,COST_COMPONENTS.csv
fig3_cost_breakdown,a,VAL evaluation (original model),mean,28.251293849985814,Delta+value,s,COST_COMPONENTS.csv
fig3_cost_breakdown,a,Checkpoint I/O,mean,0.13633209996623918,Delta+value,s,COST_COMPONENTS.csv
fig3_cost_breakdown,a,Transfer/correction + selection,mean,0.1206990001082886,Delta+value,s,COST_COMPONENTS.csv
fig3_cost_breakdown,a,total,92711,312.936262400588,Delta+value,s,RESOURCES.csv
fig3_cost_breakdown,a,total,92712,315.1518085001735,Delta+value,s,RESOURCES.csv
fig3_cost_breakdown,a,total,mean,314.04403545038076,Delta+value,s,RESOURCES.csv
fig3_cost_breakdown,a,Data preparation,mean,0.17081029998371378,Delta+response,s,COST_COMPONENTS.csv
fig3_cost_breakdown,a,Model loads,mean,10.140853299963055,Delta+response,s,COST_COMPONENTS.csv
fig3_cost_breakdown,a,Activation stats + SVD + emulator build,mean,10.992520300089382,Delta+response,s,COST_COMPONENTS.csv
fig3_cost_breakdown,a,Teacher probes + gamma calibration,mean,13.301494099840056,Delta+response,s,COST_COMPONENTS.csv
fig3_cost_breakdown,a,F0/E0 forecast caches,mean,70.38836140005151,Delta+response,s,COST_COMPONENTS.csv
fig3_cost_breakdown,a,Main updates,mean,182.9382206002192,Delta+response,s,COST_COMPONENTS.csv
fig3_cost_breakdown,a,VAL evaluation (original model),mean,27.47218564999639,Delta+response,s,COST_COMPONENTS.csv
fig3_cost_breakdown,a,Checkpoint I/O,mean,0.12406039994675666,Delta+response,s,COST_COMPONENTS.csv
fig3_cost_breakdown,a,Transfer/correction + selection,mean,0.11314459991990589,Delta+response,s,COST_COMPONENTS.csv
fig3_cost_breakdown,a,total,92711,313.9845670006471,Delta+response,s,RESOURCES.csv
fig3_cost_breakdown,a,total,92712,317.2987342993729,Delta+response,s,RESOURCES.csv
fig3_cost_breakdown,a,total,mean,315.64165065001,Delta+response,s,RESOURCES.csv
fig3_cost_breakdown,caption,F_FULL|main-update share of mean total,mean,,83.12974986214529,%,COST_COMPONENTS.csv
fig3_cost_breakdown,caption,F_TOP3|main-update share of mean total,mean,,70.46689646071579,%,COST_COMPONENTS.csv
fig3_cost_breakdown,caption,E_EMLOC|main-update share of mean total,mean,,78.39578734617861,%,COST_COMPONENTS.csv
fig3_cost_breakdown,caption,E_DELTA|main-update share of mean total,mean,,60.594632676124355,%,COST_COMPONENTS.csv
fig3_cost_breakdown,caption,E_VALUE_DELTA|main-update share of mean total,mean,,59.51012428314437,%,COST_COMPONENTS.csv
fig3_cost_breakdown,caption,E_RESPONSE_DELTA|main-update share of mean total,mean,,57.95756682411502,%,COST_COMPONENTS.csv
fig4_transfer_mismatch,a,E_EMLOC|transferred,92711,0.0,0.24780562359727362,VAL scaled twice-pinball,TRANSFER_GAP.csv
fig4_transfer_mismatch,a,E_EMLOC|training-time,92711,0.0,0.24675469865725183,VAL scaled twice-pinball,TRANSFER_GAP.csv
fig4_transfer_mismatch,a,E_EMLOC|uncorrected transfer,92711,0.0,0.24780562359727362,VAL scaled twice-pinball,TRANSFER_GAP.csv
fig4_transfer_mismatch,b,E_EMLOC|rms difference,92711,0.0,0.9856443337544096,TRAIN sigma,TRANSFER_GAP.csv
fig4_transfer_mismatch,a,E_EMLOC|transferred,92711,16.0,0.24568363495499068,VAL scaled twice-pinball,TRANSFER_GAP.csv
fig4_transfer_mismatch,a,E_EMLOC|training-time,92711,16.0,0.24450509551136293,VAL scaled twice-pinball,TRANSFER_GAP.csv
fig4_transfer_mismatch,a,E_EMLOC|uncorrected transfer,92711,16.0,0.24584634864750898,VAL scaled twice-pinball,TRANSFER_GAP.csv
fig4_transfer_mismatch,b,E_EMLOC|rms difference,92711,16.0,0.978447404463242,TRAIN sigma,TRANSFER_GAP.csv
fig4_transfer_mismatch,a,E_EMLOC|transferred,92711,32.0,0.24441474250563483,VAL scaled twice-pinball,TRANSFER_GAP.csv
fig4_transfer_mismatch,a,E_EMLOC|training-time,92711,32.0,0.24343444274951404,VAL scaled twice-pinball,TRANSFER_GAP.csv
fig4_transfer_mismatch,a,E_EMLOC|uncorrected transfer,92711,32.0,0.24457869645469274,VAL scaled twice-pinball,TRANSFER_GAP.csv
fig4_transfer_mismatch,b,E_EMLOC|rms difference,92711,32.0,0.9511749296160653,TRAIN sigma,TRANSFER_GAP.csv
fig4_transfer_mismatch,a,E_EMLOC|transferred,92711,64.0,0.24165236708328722,VAL scaled twice-pinball,TRANSFER_GAP.csv
fig4_transfer_mismatch,a,E_EMLOC|training-time,92711,64.0,0.24064804874719334,VAL scaled twice-pinball,TRANSFER_GAP.csv
fig4_transfer_mismatch,a,E_EMLOC|uncorrected transfer,92711,64.0,0.24186034021767952,VAL scaled twice-pinball,TRANSFER_GAP.csv
fig4_transfer_mismatch,b,E_EMLOC|rms difference,92711,64.0,0.85602162003836,TRAIN sigma,TRANSFER_GAP.csv
fig4_transfer_mismatch,a,E_EMLOC|transferred,92711,128.0,0.24158452707853695,VAL scaled twice-pinball,TRANSFER_GAP.csv
fig4_transfer_mismatch,a,E_EMLOC|training-time,92711,128.0,0.24042215275933487,VAL scaled twice-pinball,TRANSFER_GAP.csv
fig4_transfer_mismatch,a,E_EMLOC|uncorrected transfer,92711,128.0,0.2418041475407659,VAL scaled twice-pinball,TRANSFER_GAP.csv
fig4_transfer_mismatch,b,E_EMLOC|rms difference,92711,128.0,0.9149419093147966,TRAIN sigma,TRANSFER_GAP.csv
fig4_transfer_mismatch,a,E_EMLOC|transferred,92712,0.0,0.24780562359727362,VAL scaled twice-pinball,TRANSFER_GAP.csv
fig4_transfer_mismatch,a,E_EMLOC|training-time,92712,0.0,0.24675469865725183,VAL scaled twice-pinball,TRANSFER_GAP.csv
fig4_transfer_mismatch,a,E_EMLOC|uncorrected transfer,92712,0.0,0.24780562359727362,VAL scaled twice-pinball,TRANSFER_GAP.csv
fig4_transfer_mismatch,b,E_EMLOC|rms difference,92712,0.0,0.9856443337544096,TRAIN sigma,TRANSFER_GAP.csv
fig4_transfer_mismatch,a,E_EMLOC|transferred,92712,16.0,0.24479208770305486,VAL scaled twice-pinball,TRANSFER_GAP.csv
fig4_transfer_mismatch,a,E_EMLOC|training-time,92712,16.0,0.24344767255082292,VAL scaled twice-pinball,TRANSFER_GAP.csv
fig4_transfer_mismatch,a,E_EMLOC|uncorrected transfer,92712,16.0,0.24484421893821556,VAL scaled twice-pinball,TRANSFER_GAP.csv
fig4_transfer_mismatch,b,E_EMLOC|rms difference,92712,16.0,0.9676693889764574,TRAIN sigma,TRANSFER_GAP.csv
fig4_transfer_mismatch,a,E_EMLOC|transferred,92712,32.0,0.2435506849950593,VAL scaled twice-pinball,TRANSFER_GAP.csv
fig4_transfer_mismatch,a,E_EMLOC|training-time,92712,32.0,0.24201148643241108,VAL scaled twice-pinball,TRANSFER_GAP.csv
fig4_transfer_mismatch,a,E_EMLOC|uncorrected transfer,92712,32.0,0.24361402589477177,VAL scaled twice-pinball,TRANSFER_GAP.csv
fig4_transfer_mismatch,b,E_EMLOC|rms difference,92712,32.0,0.9699132524783762,TRAIN sigma,TRANSFER_GAP.csv
fig4_transfer_mismatch,a,E_EMLOC|transferred,92712,64.0,0.24314409425155278,VAL scaled twice-pinball,TRANSFER_GAP.csv
fig4_transfer_mismatch,a,E_EMLOC|training-time,92712,64.0,0.24143122058645394,VAL scaled twice-pinball,TRANSFER_GAP.csv
fig4_transfer_mismatch,a,E_EMLOC|uncorrected transfer,92712,64.0,0.2431829468261596,VAL scaled twice-pinball,TRANSFER_GAP.csv
fig4_transfer_mismatch,b,E_EMLOC|rms difference,92712,64.0,0.9901355815795548,TRAIN sigma,TRANSFER_GAP.csv
fig4_transfer_mismatch,a,E_EMLOC|transferred,92712,128.0,0.24127616353801556,VAL scaled twice-pinball,TRANSFER_GAP.csv
fig4_transfer_mismatch,a,E_EMLOC|training-time,92712,128.0,0.23985830779069045,VAL scaled twice-pinball,TRANSFER_GAP.csv
fig4_transfer_mismatch,a,E_EMLOC|uncorrected transfer,92712,128.0,0.24130325415847403,VAL scaled twice-pinball,TRANSFER_GAP.csv
fig4_transfer_mismatch,b,E_EMLOC|rms difference,92712,128.0,0.9849857154487458,TRAIN sigma,TRANSFER_GAP.csv
fig4_transfer_mismatch,a,E_DELTA|transferred,92711,0.0,0.24780562359727362,VAL scaled twice-pinball,TRANSFER_GAP.csv
fig4_transfer_mismatch,a,E_DELTA|training-time,92711,0.0,0.247805622831108,VAL scaled twice-pinball,TRANSFER_GAP.csv
fig4_transfer_mismatch,b,E_DELTA|rms difference,92711,0.0,1.2857369476367463e-06,TRAIN sigma,TRANSFER_GAP.csv
fig4_transfer_mismatch,a,E_DELTA|transferred,92711,16.0,0.24583125015588358,VAL scaled twice-pinball,TRANSFER_GAP.csv
fig4_transfer_mismatch,a,E_DELTA|training-time,92711,16.0,0.245787039194468,VAL scaled twice-pinball,TRANSFER_GAP.csv
fig4_transfer_mismatch,b,E_DELTA|rms difference,92711,16.0,0.076560663783277,TRAIN sigma,TRANSFER_GAP.csv
fig4_transfer_mismatch,a,E_DELTA|transferred,92711,32.0,0.24475357918680185,VAL scaled twice-pinball,TRANSFER_GAP.csv
fig4_transfer_mismatch,a,E_DELTA|training-time,92711,32.0,0.2447366484242444,VAL scaled twice-pinball,TRANSFER_GAP.csv
fig4_transfer_mismatch,b,E_DELTA|rms difference,92711,32.0,0.11884512322534199,TRAIN sigma,TRANSFER_GAP.csv
fig4_transfer_mismatch,a,E_DELTA|transferred,92711,64.0,0.2422574621534738,VAL scaled twice-pinball,TRANSFER_GAP.csv
fig4_transfer_mismatch,a,E_DELTA|training-time,92711,64.0,0.2423111473827371,VAL scaled twice-pinball,TRANSFER_GAP.csv
fig4_transfer_mismatch,b,E_DELTA|rms difference,92711,64.0,0.20018492672171817,TRAIN sigma,TRANSFER_GAP.csv
fig4_transfer_mismatch,a,E_DELTA|transferred,92711,128.0,0.24256914027727772,VAL scaled twice-pinball,TRANSFER_GAP.csv
fig4_transfer_mismatch,a,E_DELTA|training-time,92711,128.0,0.2424583899696609,VAL scaled twice-pinball,TRANSFER_GAP.csv
fig4_transfer_mismatch,b,E_DELTA|rms difference,92711,128.0,0.16393788919933813,TRAIN sigma,TRANSFER_GAP.csv
fig4_transfer_mismatch,a,E_DELTA|transferred,92712,0.0,0.24780562359727362,VAL scaled twice-pinball,TRANSFER_GAP.csv
fig4_transfer_mismatch,a,E_DELTA|training-time,92712,0.0,0.247805622831108,VAL scaled twice-pinball,TRANSFER_GAP.csv
fig4_transfer_mismatch,b,E_DELTA|rms difference,92712,0.0,1.2857369476367463e-06,TRAIN sigma,TRANSFER_GAP.csv
fig4_transfer_mismatch,a,E_DELTA|transferred,92712,16.0,0.2446866826632431,VAL scaled twice-pinball,TRANSFER_GAP.csv
fig4_transfer_mismatch,a,E_DELTA|training-time,92712,16.0,0.24462335168626523,VAL scaled twice-pinball,TRANSFER_GAP.csv
fig4_transfer_mismatch,b,E_DELTA|rms difference,92712,16.0,0.12566912922076448,TRAIN sigma,TRANSFER_GAP.csv
fig4_transfer_mismatch,a,E_DELTA|transferred,92712,32.0,0.24342008724083675,VAL scaled twice-pinball,TRANSFER_GAP.csv
fig4_transfer_mismatch,a,E_DELTA|training-time,92712,32.0,0.2431818504447414,VAL scaled twice-pinball,TRANSFER_GAP.csv
fig4_transfer_mismatch,b,E_DELTA|rms difference,92712,32.0,0.15226545097049818,TRAIN sigma,TRANSFER_GAP.csv
fig4_transfer_mismatch,a,E_DELTA|transferred,92712,64.0,0.2430789343284043,VAL scaled twice-pinball,TRANSFER_GAP.csv
fig4_transfer_mismatch,a,E_DELTA|training-time,92712,64.0,0.2429674996934789,VAL scaled twice-pinball,TRANSFER_GAP.csv
fig4_transfer_mismatch,b,E_DELTA|rms difference,92712,64.0,0.19053542839018198,TRAIN sigma,TRANSFER_GAP.csv
fig4_transfer_mismatch,a,E_DELTA|transferred,92712,128.0,0.24172758457437757,VAL scaled twice-pinball,TRANSFER_GAP.csv
fig4_transfer_mismatch,a,E_DELTA|training-time,92712,128.0,0.24151289099923018,VAL scaled twice-pinball,TRANSFER_GAP.csv
fig4_transfer_mismatch,b,E_DELTA|rms difference,92712,128.0,0.1826502586024438,TRAIN sigma,TRANSFER_GAP.csv
fig4_transfer_mismatch,a,E_VALUE_DELTA|transferred,92711,0.0,0.24780562359727362,VAL scaled twice-pinball,TRANSFER_GAP.csv
fig4_transfer_mismatch,a,E_VALUE_DELTA|training-time,92711,0.0,0.24780562155187802,VAL scaled twice-pinball,TRANSFER_GAP.csv
fig4_transfer_mismatch,b,E_VALUE_DELTA|rms difference,92711,0.0,1.2862160292616712e-06,TRAIN sigma,TRANSFER_GAP.csv
fig4_transfer_mismatch,a,E_VALUE_DELTA|transferred,92711,16.0,0.245744062996462,VAL scaled twice-pinball,TRANSFER_GAP.csv
fig4_transfer_mismatch,a,E_VALUE_DELTA|training-time,92711,16.0,0.24564628283428386,VAL scaled twice-pinball,TRANSFER_GAP.csv
fig4_transfer_mismatch,b,E_VALUE_DELTA|rms difference,92711,16.0,0.08752014615343356,TRAIN sigma,TRANSFER_GAP.csv
fig4_transfer_mismatch,a,E_VALUE_DELTA|transferred,92711,32.0,0.24454739962997638,VAL scaled twice-pinball,TRANSFER_GAP.csv
fig4_transfer_mismatch,a,E_VALUE_DELTA|training-time,92711,32.0,0.24454496948931012,VAL scaled twice-pinball,TRANSFER_GAP.csv
fig4_transfer_mismatch,b,E_VALUE_DELTA|rms difference,92711,32.0,0.12215304495660487,TRAIN sigma,TRANSFER_GAP.csv
fig4_transfer_mismatch,a,E_VALUE_DELTA|transferred,92711,64.0,0.24206808503303998,VAL scaled twice-pinball,TRANSFER_GAP.csv
fig4_transfer_mismatch,a,E_VALUE_DELTA|training-time,92711,64.0,0.24205781787102298,VAL scaled twice-pinball,TRANSFER_GAP.csv
fig4_transfer_mismatch,b,E_VALUE_DELTA|rms difference,92711,64.0,0.18491262244798812,TRAIN sigma,TRANSFER_GAP.csv
fig4_transfer_mismatch,a,E_VALUE_DELTA|transferred,92711,128.0,0.24262116834779546,VAL scaled twice-pinball,TRANSFER_GAP.csv
fig4_transfer_mismatch,a,E_VALUE_DELTA|training-time,92711,128.0,0.24244510456450585,VAL scaled twice-pinball,TRANSFER_GAP.csv
fig4_transfer_mismatch,b,E_VALUE_DELTA|rms difference,92711,128.0,0.1989205242364127,TRAIN sigma,TRANSFER_GAP.csv
fig4_transfer_mismatch,a,E_VALUE_DELTA|transferred,92712,0.0,0.24780562359727362,VAL scaled twice-pinball,TRANSFER_GAP.csv
fig4_transfer_mismatch,a,E_VALUE_DELTA|training-time,92712,0.0,0.24780562155187802,VAL scaled twice-pinball,TRANSFER_GAP.csv
fig4_transfer_mismatch,b,E_VALUE_DELTA|rms difference,92712,0.0,1.2862160292616712e-06,TRAIN sigma,TRANSFER_GAP.csv
fig4_transfer_mismatch,a,E_VALUE_DELTA|transferred,92712,16.0,0.24507195074040894,VAL scaled twice-pinball,TRANSFER_GAP.csv
fig4_transfer_mismatch,a,E_VALUE_DELTA|training-time,92712,16.0,0.24501454604436207,VAL scaled twice-pinball,TRANSFER_GAP.csv
fig4_transfer_mismatch,b,E_VALUE_DELTA|rms difference,92712,16.0,0.1754493828596685,TRAIN sigma,TRANSFER_GAP.csv
fig4_transfer_mismatch,a,E_VALUE_DELTA|transferred,92712,32.0,0.24369314362757263,VAL scaled twice-pinball,TRANSFER_GAP.csv
fig4_transfer_mismatch,a,E_VALUE_DELTA|training-time,92712,32.0,0.24345823162516825,VAL scaled twice-pinball,TRANSFER_GAP.csv
fig4_transfer_mismatch,b,E_VALUE_DELTA|rms difference,92712,32.0,0.1755033743196193,TRAIN sigma,TRANSFER_GAP.csv
fig4_transfer_mismatch,a,E_VALUE_DELTA|transferred,92712,64.0,0.24320365030383218,VAL scaled twice-pinball,TRANSFER_GAP.csv
fig4_transfer_mismatch,a,E_VALUE_DELTA|training-time,92712,64.0,0.24324556942208866,VAL scaled twice-pinball,TRANSFER_GAP.csv
fig4_transfer_mismatch,b,E_VALUE_DELTA|rms difference,92712,64.0,0.22887253586448483,TRAIN sigma,TRANSFER_GAP.csv
fig4_transfer_mismatch,a,E_VALUE_DELTA|transferred,92712,128.0,0.24222132032363838,VAL scaled twice-pinball,TRANSFER_GAP.csv
fig4_transfer_mismatch,a,E_VALUE_DELTA|training-time,92712,128.0,0.24211728099195098,VAL scaled twice-pinball,TRANSFER_GAP.csv
fig4_transfer_mismatch,b,E_VALUE_DELTA|rms difference,92712,128.0,0.18137592937226268,TRAIN sigma,TRANSFER_GAP.csv
fig4_transfer_mismatch,a,E_RESPONSE_DELTA|transferred,92711,0.0,0.24780562359727362,VAL scaled twice-pinball,TRANSFER_GAP.csv
fig4_transfer_mismatch,a,E_RESPONSE_DELTA|training-time,92711,0.0,0.2478056212669118,VAL scaled twice-pinball,TRANSFER_GAP.csv
fig4_transfer_mismatch,b,E_RESPONSE_DELTA|rms difference,92711,0.0,1.2815242423078154e-06,TRAIN sigma,TRANSFER_GAP.csv
fig4_transfer_mismatch,a,E_RESPONSE_DELTA|transferred,92711,16.0,0.24544182301670248,VAL scaled twice-pinball,TRANSFER_GAP.csv
fig4_transfer_mismatch,a,E_RESPONSE_DELTA|training-time,92711,16.0,0.24555016855075476,VAL scaled twice-pinball,TRANSFER_GAP.csv
fig4_transfer_mismatch,b,E_RESPONSE_DELTA|rms difference,92711,16.0,0.12646229824987187,TRAIN sigma,TRANSFER_GAP.csv
fig4_transfer_mismatch,a,E_RESPONSE_DELTA|transferred,92711,32.0,0.24433666944471472,VAL scaled twice-pinball,TRANSFER_GAP.csv
fig4_transfer_mismatch,a,E_RESPONSE_DELTA|training-time,92711,32.0,0.2446516340979585,VAL scaled twice-pinball,TRANSFER_GAP.csv
fig4_transfer_mismatch,b,E_RESPONSE_DELTA|rms difference,92711,32.0,0.1923701886389663,TRAIN sigma,TRANSFER_GAP.csv
fig4_transfer_mismatch,a,E_RESPONSE_DELTA|transferred,92711,64.0,0.24227006450014943,VAL scaled twice-pinball,TRANSFER_GAP.csv
fig4_transfer_mismatch,a,E_RESPONSE_DELTA|training-time,92711,64.0,0.24283560115877942,VAL scaled twice-pinball,TRANSFER_GAP.csv
fig4_transfer_mismatch,b,E_RESPONSE_DELTA|rms difference,92711,64.0,0.30950929034983826,TRAIN sigma,TRANSFER_GAP.csv
fig4_transfer_mismatch,a,E_RESPONSE_DELTA|transferred,92711,128.0,0.2423816505826536,VAL scaled twice-pinball,TRANSFER_GAP.csv
fig4_transfer_mismatch,a,E_RESPONSE_DELTA|training-time,92711,128.0,0.24273010928633607,VAL scaled twice-pinball,TRANSFER_GAP.csv
fig4_transfer_mismatch,b,E_RESPONSE_DELTA|rms difference,92711,128.0,0.3101932213668409,TRAIN sigma,TRANSFER_GAP.csv
fig4_transfer_mismatch,a,E_RESPONSE_DELTA|transferred,92712,0.0,0.24780562359727362,VAL scaled twice-pinball,TRANSFER_GAP.csv
fig4_transfer_mismatch,a,E_RESPONSE_DELTA|training-time,92712,0.0,0.2478056212669118,VAL scaled twice-pinball,TRANSFER_GAP.csv
fig4_transfer_mismatch,b,E_RESPONSE_DELTA|rms difference,92712,0.0,1.2815242423078154e-06,TRAIN sigma,TRANSFER_GAP.csv
fig4_transfer_mismatch,a,E_RESPONSE_DELTA|transferred,92712,16.0,0.24511761528327602,VAL scaled twice-pinball,TRANSFER_GAP.csv
fig4_transfer_mismatch,a,E_RESPONSE_DELTA|training-time,92712,16.0,0.24534272224203998,VAL scaled twice-pinball,TRANSFER_GAP.csv
fig4_transfer_mismatch,b,E_RESPONSE_DELTA|rms difference,92712,16.0,0.1201862183156313,TRAIN sigma,TRANSFER_GAP.csv
fig4_transfer_mismatch,a,E_RESPONSE_DELTA|transferred,92712,32.0,0.24368217598929315,VAL scaled twice-pinball,TRANSFER_GAP.csv
fig4_transfer_mismatch,a,E_RESPONSE_DELTA|training-time,92712,32.0,0.24417507395617477,VAL scaled twice-pinball,TRANSFER_GAP.csv
fig4_transfer_mismatch,b,E_RESPONSE_DELTA|rms difference,92712,32.0,0.13880088248138134,TRAIN sigma,TRANSFER_GAP.csv
fig4_transfer_mismatch,a,E_RESPONSE_DELTA|transferred,92712,64.0,0.2430473396832651,VAL scaled twice-pinball,TRANSFER_GAP.csv
fig4_transfer_mismatch,a,E_RESPONSE_DELTA|training-time,92712,64.0,0.24364850814363867,VAL scaled twice-pinball,TRANSFER_GAP.csv
fig4_transfer_mismatch,b,E_RESPONSE_DELTA|rms difference,92712,64.0,0.25340169767079646,TRAIN sigma,TRANSFER_GAP.csv
fig4_transfer_mismatch,a,E_RESPONSE_DELTA|transferred,92712,128.0,0.24188365223958674,VAL scaled twice-pinball,TRANSFER_GAP.csv
fig4_transfer_mismatch,a,E_RESPONSE_DELTA|training-time,92712,128.0,0.2423820095369024,VAL scaled twice-pinball,TRANSFER_GAP.csv
fig4_transfer_mismatch,b,E_RESPONSE_DELTA|rms difference,92712,128.0,0.2781741545833831,TRAIN sigma,TRANSFER_GAP.csv
fig4_transfer_mismatch,caption,E_EMLOC|mean transfer gap at step 128,mean,128.0,0.0012901150332635947,VAL scaled twice-pinball,TRANSFER_GAP.csv
fig4_transfer_mismatch,caption,E_EMLOC|mean rms difference at step 128,mean,128.0,0.9499638123817712,TRAIN sigma,TRANSFER_GAP.csv
fig4_transfer_mismatch,caption,E_DELTA|mean transfer gap at step 128,mean,128.0,0.00016272194138210183,VAL scaled twice-pinball,TRANSFER_GAP.csv
fig4_transfer_mismatch,caption,E_DELTA|mean rms difference at step 128,mean,128.0,0.17329407390089097,TRAIN sigma,TRANSFER_GAP.csv
fig4_transfer_mismatch,caption,E_VALUE_DELTA|mean transfer gap at step 128,mean,128.0,0.00014005155748850195,VAL scaled twice-pinball,TRANSFER_GAP.csv
fig4_transfer_mismatch,caption,E_VALUE_DELTA|mean rms difference at step 128,mean,128.0,0.19014822680433768,TRAIN sigma,TRANSFER_GAP.csv
fig4_transfer_mismatch,caption,E_RESPONSE_DELTA|mean transfer gap at step 128,mean,128.0,-0.00042340800049905924,VAL scaled twice-pinball,TRANSFER_GAP.csv
fig4_transfer_mismatch,caption,E_RESPONSE_DELTA|mean rms difference at step 128,mean,128.0,0.294183687975112,TRAIN sigma,TRANSFER_GAP.csv
fig5_response_ablation,a,svd|origin 1188,,svd,0.9999987166028298,ratio,CALIBRATION_RESPONSE.csv
fig5_response_ablation,a,value|origin 1188,,value,3.5101941857947643,ratio,CALIBRATION_RESPONSE.csv
fig5_response_ablation,a,response|origin 1188,,response,7.194342693261587,ratio,CALIBRATION_RESPONSE.csv
fig5_response_ablation,a,svd|origin 4068,,svd,0.9999978722593331,ratio,CALIBRATION_RESPONSE.csv
fig5_response_ablation,a,value|origin 4068,,value,1.76429675945314,ratio,CALIBRATION_RESPONSE.csv
fig5_response_ablation,a,response|origin 4068,,response,1.6545664304403798,ratio,CALIBRATION_RESPONSE.csv
fig5_response_ablation,a,svd|origin 6984,,svd,0.9999987062013664,ratio,CALIBRATION_RESPONSE.csv
fig5_response_ablation,a,value|origin 6984,,value,2.788026368519164,ratio,CALIBRATION_RESPONSE.csv
fig5_response_ablation,a,response|origin 6984,,response,2.4790295973906646,ratio,CALIBRATION_RESPONSE.csv
fig5_response_ablation,a,svd|origin 9864,,svd,0.9999970315618147,ratio,CALIBRATION_RESPONSE.csv
fig5_response_ablation,a,value|origin 9864,,value,2.117152126223099,ratio,CALIBRATION_RESPONSE.csv
fig5_response_ablation,a,response|origin 9864,,response,2.019155874920338,ratio,CALIBRATION_RESPONSE.csv
fig5_response_ablation,a,svd|origin 12744,,svd,0.9999980077403675,ratio,CALIBRATION_RESPONSE.csv
fig5_response_ablation,a,value|origin 12744,,value,4.448080656554449,ratio,CALIBRATION_RESPONSE.csv
fig5_response_ablation,a,response|origin 12744,,response,5.1807464643491885,ratio,CALIBRATION_RESPONSE.csv
fig5_response_ablation,a,svd|origin 15624,,svd,0.9999987473129214,ratio,CALIBRATION_RESPONSE.csv
fig5_response_ablation,a,value|origin 15624,,value,1.7757653251351173,ratio,CALIBRATION_RESPONSE.csv
fig5_response_ablation,a,response|origin 15624,,response,3.297266661658068,ratio,CALIBRATION_RESPONSE.csv
fig5_response_ablation,a,svd|origin 21132,,svd,0.999999659319698,ratio,CALIBRATION_RESPONSE.csv
fig5_response_ablation,a,value|origin 21132,,value,0.8467399168679313,ratio,CALIBRATION_RESPONSE.csv
fig5_response_ablation,a,response|origin 21132,,response,0.6697532248864984,ratio,CALIBRATION_RESPONSE.csv
fig5_response_ablation,a,svd|origin 31356,,svd,0.9999995939894344,ratio,CALIBRATION_RESPONSE.csv
fig5_response_ablation,a,value|origin 31356,,value,2.166565104413117,ratio,CALIBRATION_RESPONSE.csv
fig5_response_ablation,a,response|origin 31356,,response,2.974125228448182,ratio,CALIBRATION_RESPONSE.csv
fig5_response_ablation,a,svd,mean_over_heldout_origins,svd,0.9999985418734707,ratio,CALIBRATION_RESPONSE.csv
fig5_response_ablation,a,value,mean_over_heldout_origins,value,2.427102555370098,ratio,CALIBRATION_RESPONSE.csv
fig5_response_ablation,a,response,mean_over_heldout_origins,response,3.1836232719193633,ratio,CALIBRATION_RESPONSE.csv
fig5_response_ablation,b,svd|origin 1188,,svd,0.05190553140251172,ratio,CALIBRATION_RESPONSE.csv
fig5_response_ablation,b,value|origin 1188,,value,0.06924028732982125,ratio,CALIBRATION_RESPONSE.csv
fig5_response_ablation,b,response|origin 1188,,response,0.11224766738890737,ratio,CALIBRATION_RESPONSE.csv
fig5_response_ablation,b,svd|origin 4068,,svd,0.15005209625036375,ratio,CALIBRATION_RESPONSE.csv
fig5_response_ablation,b,value|origin 4068,,value,0.22716887107519584,ratio,CALIBRATION_RESPONSE.csv
fig5_response_ablation,b,response|origin 4068,,response,0.1750301602255183,ratio,CALIBRATION_RESPONSE.csv
fig5_response_ablation,b,svd|origin 6984,,svd,0.05501675998140308,ratio,CALIBRATION_RESPONSE.csv
fig5_response_ablation,b,value|origin 6984,,value,0.05829800229791395,ratio,CALIBRATION_RESPONSE.csv
fig5_response_ablation,b,response|origin 6984,,response,0.06358607438314534,ratio,CALIBRATION_RESPONSE.csv
fig5_response_ablation,b,svd|origin 9864,,svd,0.07515310407682595,ratio,CALIBRATION_RESPONSE.csv
fig5_response_ablation,b,value|origin 9864,,value,0.11204756654590754,ratio,CALIBRATION_RESPONSE.csv
fig5_response_ablation,b,response|origin 9864,,response,0.1311607549832787,ratio,CALIBRATION_RESPONSE.csv
fig5_response_ablation,b,svd|origin 12744,,svd,0.06628284294602091,ratio,CALIBRATION_RESPONSE.csv
fig5_response_ablation,b,value|origin 12744,,value,0.08171125109291939,ratio,CALIBRATION_RESPONSE.csv
fig5_response_ablation,b,response|origin 12744,,response,0.07143372657963766,ratio,CALIBRATION_RESPONSE.csv
fig5_response_ablation,b,svd|origin 15624,,svd,0.19650748670312795,ratio,CALIBRATION_RESPONSE.csv
fig5_response_ablation,b,value|origin 15624,,value,0.214017473488622,ratio,CALIBRATION_RESPONSE.csv
fig5_response_ablation,b,response|origin 15624,,response,0.24883181976393912,ratio,CALIBRATION_RESPONSE.csv
fig5_response_ablation,b,svd|origin 21132,,svd,0.04676569282209559,ratio,CALIBRATION_RESPONSE.csv
fig5_response_ablation,b,value|origin 21132,,value,0.043463886378909036,ratio,CALIBRATION_RESPONSE.csv
fig5_response_ablation,b,response|origin 21132,,response,0.06580238020054971,ratio,CALIBRATION_RESPONSE.csv
fig5_response_ablation,b,svd|origin 31356,,svd,0.10745956089798055,ratio,CALIBRATION_RESPONSE.csv
fig5_response_ablation,b,value|origin 31356,,value,0.31641220860753483,ratio,CALIBRATION_RESPONSE.csv
fig5_response_ablation,b,response|origin 31356,,response,0.1460596587629467,ratio,CALIBRATION_RESPONSE.csv
fig5_response_ablation,b,svd,mean_over_heldout_origins,svd,0.09364288438504118,ratio,CALIBRATION_RESPONSE.csv
fig5_response_ablation,b,value,mean_over_heldout_origins,value,0.14029494335210296,ratio,CALIBRATION_RESPONSE.csv
fig5_response_ablation,b,response,mean_over_heldout_origins,response,0.12676903028599035,ratio,CALIBRATION_RESPONSE.csv
fig5_response_ablation,c,E_DELTA,92711,Delta,0.17578175298139995,TEST scaled twice-pinball,SCORES.csv
fig5_response_ablation,c,E_DELTA,92712,Delta,0.17733602401049864,TEST scaled twice-pinball,SCORES.csv
fig5_response_ablation,c,E_DELTA,mean,Delta,0.1765588884959493,TEST scaled twice-pinball,SCORES.csv
fig5_response_ablation,c,E_VALUE_DELTA,92711,Delta+value,0.17568137312409707,TEST scaled twice-pinball,SCORES.csv
fig5_response_ablation,c,E_VALUE_DELTA,92712,Delta+value,0.17732985951584904,TEST scaled twice-pinball,SCORES.csv
fig5_response_ablation,c,E_VALUE_DELTA,mean,Delta+value,0.17650561631997305,TEST scaled twice-pinball,SCORES.csv
fig5_response_ablation,c,E_RESPONSE_DELTA,92711,Delta+response,0.1759661138997106,TEST scaled twice-pinball,SCORES.csv
fig5_response_ablation,c,E_RESPONSE_DELTA,92712,Delta+response,0.17710107874125894,TEST scaled twice-pinball,SCORES.csv
fig5_response_ablation,c,E_RESPONSE_DELTA,mean,Delta+response,0.17653359632048476,TEST scaled twice-pinball,SCORES.csv
fig5_response_ablation,caption,E_RESPONSE_DELTA|mean error reduction vs E_VALUE_DELTA,mean,,-0.015852187083378603,%,SCORES.csv
fig5_response_ablation,caption,E_RESPONSE_DELTA|mean error reduction vs E_DELTA,mean,,0.01432506495707926,%,SCORES.csv
fig5_response_ablation,caption,E_RESPONSE_DELTA|error reduction vs E_VALUE_DELTA,92711,,-0.16207795428169236,%,SCORES.csv
fig5_response_ablation,caption,E_RESPONSE_DELTA|error reduction vs E_VALUE_DELTA,92712,,0.12901424227973898,%,SCORES.csv
