arm,seed,variant,origin,timestamp,primary
F0,0,reference_f0,42048,2024-10-19T00:10:00.000000000,0.12406121882157399
F0,0,reference_f0,42192,2024-10-20T00:10:00.000000000,0.10455254161014943
F0,0,reference_f0,42336,2024-10-21T00:10:00.000000000,0.11487118927267234
F0,0,reference_f0,42480,2024-10-22T00:10:00.000000000,0.2699240808177751
F0,0,reference_f0,42624,2024-10-23T00:10:00.000000000,0.1401521888331335
F0,0,reference_f0,42768,2024-10-24T00:10:00.000000000,0.2062199806676946
F0,0,reference_f0,42912,2024-10-25T00:10:00.000000000,0.10714899782193565
F0,0,reference_f0,43056,2024-10-26T00:10:00.000000000,0.13024344512424407
F0,0,reference_f0,43200,2024-10-27T00:10:00.000000000,0.14609560857835255
F0,0,reference_f0,43344,2024-10-28T00:10:00.000000000,0.11803943300343882
F0,0,reference_f0,43488,2024-10-29T00:10:00.000000000,0.15417492629051985
F0,0,reference_f0,43632,2024-10-30T00:10:00.000000000,0.1455692827324934
F0,0,reference_f0,43776,2024-10-31T00:10:00.000000000,0.12116018556138497
F0,0,reference_f0,43920,2024-11-01T00:10:00.000000000,0.13918753035237946
F0,0,reference_f0,44064,2024-11-02T00:10:00.000000000,0.31777947105335513
F0,0,reference_f0,44208,2024-11-03T00:10:00.000000000,0.15622624971501395
F0,0,reference_f0,44352,2024-11-04T00:10:00.000000000,0.18671843728475968
F0,0,reference_f0,44496,2024-11-05T00:10:00.000000000,0.13763485852379
F0,0,reference_f0,44640,2024-11-06T00:10:00.000000000,0.1908289391727196
F0,0,reference_f0,44784,2024-11-07T00:10:00.000000000,0.17229462777719026
F0,0,reference_f0,44928,2024-11-08T00:10:00.000000000,0.1392093065868808
F0,0,reference_f0,45072,2024-11-09T00:10:00.000000000,0.191154189903282
F0,0,reference_f0,45216,2024-11-10T00:10:00.000000000,0.12197291434199149
F0,0,reference_f0,45360,2024-11-11T00:10:00.000000000,0.20053510837718797
F0,0,reference_f0,45504,2024-11-12T00:10:00.000000000,0.23394715594758692
F0,0,reference_f0,45648,2024-11-13T00:10:00.000000000,0.12575728980740297
F0,0,reference_f0,45792,2024-11-14T00:10:00.000000000,0.20680504059187568
F0,0,reference_f0,45936,2024-11-15T00:10:00.000000000,0.1367685448420492
F0,0,reference_f0,46080,2024-11-16T00:10:00.000000000,0.13298828632072476
F0,0,reference_f0,46224,2024-11-17T00:10:00.000000000,0.1572591361288157
F0,0,reference_f0,46368,2024-11-18T00:10:00.000000000,0.15527833011628436
F0,0,reference_f0,46512,2024-11-19T00:10:00.000000000,0.4694471192848563
F0,0,reference_f0,46656,2024-11-20T00:10:00.000000000,0.14337736552705216
F0,0,reference_f0,46800,2024-11-21T00:10:00.000000000,0.1765233344012463
F0,0,reference_f0,46944,2024-11-22T00:10:00.000000000,0.18377849081535472
F0,0,reference_f0,47088,2024-11-23T00:10:00.000000000,0.19132570805724053
F0,0,reference_f0,47232,2024-11-24T00:10:00.000000000,0.3253466465769333
F0,0,reference_f0,47376,2024-11-25T00:10:00.000000000,0.18684711855673844
F0,0,reference_f0,47520,2024-11-26T00:10:00.000000000,0.3171970945907395
F0,0,reference_f0,47664,2024-11-27T00:10:00.000000000,0.2287927476853333
F0,0,reference_f0,47808,2024-11-28T00:10:00.000000000,0.2630265862388348
F0,0,reference_f0,47952,2024-11-29T00:10:00.000000000,0.1665556585658002
F0,0,reference_f0,48096,2024-11-30T00:10:00.000000000,0.16257437535219948
F0,0,reference_f0,48240,2024-12-01T00:10:00.000000000,0.14039582417902616
F0,0,reference_f0,48384,2024-12-02T00:10:00.000000000,0.16013171996065323
F0,0,reference_f0,48528,2024-12-03T00:10:00.000000000,0.17494499208213804
F0,0,reference_f0,48672,2024-12-04T00:10:00.000000000,0.10609587905137789
F0,0,reference_f0,48816,2024-12-05T00:10:00.000000000,0.2203979228742887
F0,0,reference_f0,48960,2024-12-06T00:10:00.000000000,0.29003404105272373
F0,0,reference_f0,49104,2024-12-07T00:10:00.000000000,0.25346561028001874
F0,0,reference_f0,49248,2024-12-08T00:10:00.000000000,0.27143633028535546
F0,0,reference_f0,49392,2024-12-09T00:10:00.000000000,0.17964587003539378
F0,0,reference_f0,49536,2024-12-10T00:10:00.000000000,0.12537361200447675
F0,0,reference_f0,49680,2024-12-11T00:10:00.000000000,0.14284756277850155
F0,0,reference_f0,49824,2024-12-12T00:10:00.000000000,0.10466897204587462
F0,0,reference_f0,49968,2024-12-13T00:10:00.000000000,0.1252593527745327
F0,0,reference_f0,50112,2024-12-14T00:10:00.000000000,0.11411850014438654
F0,0,reference_f0,50256,2024-12-15T00:10:00.000000000,0.1966736809658165
F0,0,reference_f0,50400,2024-12-16T00:10:00.000000000,0.1522857007745988
F0,0,reference_f0,50544,2024-12-17T00:10:00.000000000,0.09186679773941503
F0,0,reference_f0,50688,2024-12-18T00:10:00.000000000,0.32908290608684193
F0,0,reference_f0,50832,2024-12-19T00:10:00.000000000,0.3026803815106932
F0,0,reference_f0,50976,2024-12-20T00:10:00.000000000,0.1241443151837229
F0,0,reference_f0,51120,2024-12-21T00:10:00.000000000,0.3056769402336931
F0,0,reference_f0,51264,2024-12-22T00:10:00.000000000,0.2938073112545196
F0,0,reference_f0,51408,2024-12-23T00:10:00.000000000,0.1418966900093249
F0,0,reference_f0,51552,2024-12-24T00:10:00.000000000,0.11465277551273316
F0,0,reference_f0,51696,2024-12-25T00:10:00.000000000,0.14580749505865226
F0,0,reference_f0,51840,2024-12-26T00:10:00.000000000,0.1502413617124935
F0,0,reference_f0,51984,2024-12-27T00:10:00.000000000,0.18368018603651665
F0,0,reference_f0,52128,2024-12-28T00:10:00.000000000,0.14897229879286739
F0,0,reference_f0,52272,2024-12-29T00:10:00.000000000,0.16039950521503832
F0,0,reference_f0,52416,2024-12-30T00:10:00.000000000,0.13856246324926463
F0,0,reference_f0,52560,2024-12-31T00:10:00.000000000,0.11486905044416862
F_FULL,92711,selected,42048,2024-10-19T00:10:00.000000000,0.1422963540757171
F_FULL,92711,selected,42192,2024-10-20T00:10:00.000000000,0.1042695177664638
F_FULL,92711,selected,42336,2024-10-21T00:10:00.000000000,0.11506183632181885
F_FULL,92711,selected,42480,2024-10-22T00:10:00.000000000,0.2523331092931245
F_FULL,92711,selected,42624,2024-10-23T00:10:00.000000000,0.1422925485611928
F_FULL,92711,selected,42768,2024-10-24T00:10:00.000000000,0.17960454507242207
F_FULL,92711,selected,42912,2024-10-25T00:10:00.000000000,0.10341685123622826
F_FULL,92711,selected,43056,2024-10-26T00:10:00.000000000,0.13114472264938093
F_FULL,92711,selected,43200,2024-10-27T00:10:00.000000000,0.13028289167055254
F_FULL,92711,selected,43344,2024-10-28T00:10:00.000000000,0.12296846779441326
F_FULL,92711,selected,43488,2024-10-29T00:10:00.000000000,0.15256097837845692
F_FULL,92711,selected,43632,2024-10-30T00:10:00.000000000,0.14311218058905512
F_FULL,92711,selected,43776,2024-10-31T00:10:00.000000000,0.11925575273384247
F_FULL,92711,selected,43920,2024-11-01T00:10:00.000000000,0.13922808035566833
F_FULL,92711,selected,44064,2024-11-02T00:10:00.000000000,0.33352686628168987
F_FULL,92711,selected,44208,2024-11-03T00:10:00.000000000,0.1640824662390492
F_FULL,92711,selected,44352,2024-11-04T00:10:00.000000000,0.1806094220950401
F_FULL,92711,selected,44496,2024-11-05T00:10:00.000000000,0.12970998144715556
F_FULL,92711,selected,44640,2024-11-06T00:10:00.000000000,0.18011088111989973
F_FULL,92711,selected,44784,2024-11-07T00:10:00.000000000,0.17546824434021427
F_FULL,92711,selected,44928,2024-11-08T00:10:00.000000000,0.12984293503637753
F_FULL,92711,selected,45072,2024-11-09T00:10:00.000000000,0.1839371334127028
F_FULL,92711,selected,45216,2024-11-10T00:10:00.000000000,0.12185492745125716
F_FULL,92711,selected,45360,2024-11-11T00:10:00.000000000,0.20104229336388568
F_FULL,92711,selected,45504,2024-11-12T00:10:00.000000000,0.21357237540707522
F_FULL,92711,selected,45648,2024-11-13T00:10:00.000000000,0.11722218725886714
F_FULL,92711,selected,45792,2024-11-14T00:10:00.000000000,0.2022628672743066
F_FULL,92711,selected,45936,2024-11-15T00:10:00.000000000,0.12874263950343612
F_FULL,92711,selected,46080,2024-11-16T00:10:00.000000000,0.13550799138434672
F_FULL,92711,selected,46224,2024-11-17T00:10:00.000000000,0.14985884512445422
F_FULL,92711,selected,46368,2024-11-18T00:10:00.000000000,0.15992116922938265
F_FULL,92711,selected,46512,2024-11-19T00:10:00.000000000,0.47376595690228224
F_FULL,92711,selected,46656,2024-11-20T00:10:00.000000000,0.14080580788403352
F_FULL,92711,selected,46800,2024-11-21T00:10:00.000000000,0.17701970933713765
F_FULL,92711,selected,46944,2024-11-22T00:10:00.000000000,0.18368446257521975
F_FULL,92711,selected,47088,2024-11-23T00:10:00.000000000,0.1882234742162844
F_FULL,92711,selected,47232,2024-11-24T00:10:00.000000000,0.3332086445049859
F_FULL,92711,selected,47376,2024-11-25T00:10:00.000000000,0.20086487608464174
F_FULL,92711,selected,47520,2024-11-26T00:10:00.000000000,0.25376298163692323
F_FULL,92711,selected,47664,2024-11-27T00:10:00.000000000,0.21540671472451325
F_FULL,92711,selected,47808,2024-11-28T00:10:00.000000000,0.24447062871417694
F_FULL,92711,selected,47952,2024-11-29T00:10:00.000000000,0.1718807425141948
F_FULL,92711,selected,48096,2024-11-30T00:10:00.000000000,0.15016082529486205
F_FULL,92711,selected,48240,2024-12-01T00:10:00.000000000,0.13054676092158116
F_FULL,92711,selected,48384,2024-12-02T00:10:00.000000000,0.14794188497401478
F_FULL,92711,selected,48528,2024-12-03T00:10:00.000000000,0.17100920887119025
F_FULL,92711,selected,48672,2024-12-04T00:10:00.000000000,0.10637472221847404
F_FULL,92711,selected,48816,2024-12-05T00:10:00.000000000,0.2228617538843752
F_FULL,92711,selected,48960,2024-12-06T00:10:00.000000000,0.275797480689339
F_FULL,92711,selected,49104,2024-12-07T00:10:00.000000000,0.24067292669132345
F_FULL,92711,selected,49248,2024-12-08T00:10:00.000000000,0.26117877867709793
F_FULL,92711,selected,49392,2024-12-09T00:10:00.000000000,0.18178359532197014
F_FULL,92711,selected,49536,2024-12-10T00:10:00.000000000,0.11972726600170674
F_FULL,92711,selected,49680,2024-12-11T00:10:00.000000000,0.14616165100109155
F_FULL,92711,selected,49824,2024-12-12T00:10:00.000000000,0.1071447812004243
F_FULL,92711,selected,49968,2024-12-13T00:10:00.000000000,0.12429859132389093
F_FULL,92711,selected,50112,2024-12-14T00:10:00.000000000,0.11587987251465404
F_FULL,92711,selected,50256,2024-12-15T00:10:00.000000000,0.18943384515952205
F_FULL,92711,selected,50400,2024-12-16T00:10:00.000000000,0.17365361947108887
F_FULL,92711,selected,50544,2024-12-17T00:10:00.000000000,0.09354089845724962
F_FULL,92711,selected,50688,2024-12-18T00:10:00.000000000,0.30928954350658017
F_FULL,92711,selected,50832,2024-12-19T00:10:00.000000000,0.29771918284356214
F_FULL,92711,selected,50976,2024-12-20T00:10:00.000000000,0.11926650292270172
F_FULL,92711,selected,51120,2024-12-21T00:10:00.000000000,0.26971256302601565
F_FULL,92711,selected,51264,2024-12-22T00:10:00.000000000,0.2666400451357666
F_FULL,92711,selected,51408,2024-12-23T00:10:00.000000000,0.1392381211373357
F_FULL,92711,selected,51552,2024-12-24T00:10:00.000000000,0.11800778707749007
F_FULL,92711,selected,51696,2024-12-25T00:10:00.000000000,0.12976264166258053
F_FULL,92711,selected,51840,2024-12-26T00:10:00.000000000,0.14944663244375678
F_FULL,92711,selected,51984,2024-12-27T00:10:00.000000000,0.1856595852936977
F_FULL,92711,selected,52128,2024-12-28T00:10:00.000000000,0.13880001411385717
F_FULL,92711,selected,52272,2024-12-29T00:10:00.000000000,0.16526114867942066
F_FULL,92711,selected,52416,2024-12-30T00:10:00.000000000,0.13477042816325752
F_FULL,92711,selected,52560,2024-12-31T00:10:00.000000000,0.11469194375052998
F_TOP3,92711,selected,42048,2024-10-19T00:10:00.000000000,0.13841096756249435
F_TOP3,92711,selected,42192,2024-10-20T00:10:00.000000000,0.10593434866646412
F_TOP3,92711,selected,42336,2024-10-21T00:10:00.000000000,0.11918083879246895
F_TOP3,92711,selected,42480,2024-10-22T00:10:00.000000000,0.25011135032207144
F_TOP3,92711,selected,42624,2024-10-23T00:10:00.000000000,0.14348503584233965
F_TOP3,92711,selected,42768,2024-10-24T00:10:00.000000000,0.1811371741419093
F_TOP3,92711,selected,42912,2024-10-25T00:10:00.000000000,0.10256490375497553
F_TOP3,92711,selected,43056,2024-10-26T00:10:00.000000000,0.13158433380621917
F_TOP3,92711,selected,43200,2024-10-27T00:10:00.000000000,0.13439714314711126
F_TOP3,92711,selected,43344,2024-10-28T00:10:00.000000000,0.12147219345424722
F_TOP3,92711,selected,43488,2024-10-29T00:10:00.000000000,0.1532801855368832
F_TOP3,92711,selected,43632,2024-10-30T00:10:00.000000000,0.1398374308188591
F_TOP3,92711,selected,43776,2024-10-31T00:10:00.000000000,0.11756096014727274
F_TOP3,92711,selected,43920,2024-11-01T00:10:00.000000000,0.14277176649800719
F_TOP3,92711,selected,44064,2024-11-02T00:10:00.000000000,0.31701489719358283
F_TOP3,92711,selected,44208,2024-11-03T00:10:00.000000000,0.16089021817282959
F_TOP3,92711,selected,44352,2024-11-04T00:10:00.000000000,0.1922519297752684
F_TOP3,92711,selected,44496,2024-11-05T00:10:00.000000000,0.12984242050736705
F_TOP3,92711,selected,44640,2024-11-06T00:10:00.000000000,0.18799241120902602
F_TOP3,92711,selected,44784,2024-11-07T00:10:00.000000000,0.17435603142872885
F_TOP3,92711,selected,44928,2024-11-08T00:10:00.000000000,0.13581215862373272
F_TOP3,92711,selected,45072,2024-11-09T00:10:00.000000000,0.18193944768373627
F_TOP3,92711,selected,45216,2024-11-10T00:10:00.000000000,0.12379328039344463
F_TOP3,92711,selected,45360,2024-11-11T00:10:00.000000000,0.20243502735476102
F_TOP3,92711,selected,45504,2024-11-12T00:10:00.000000000,0.21560936475949935
F_TOP3,92711,selected,45648,2024-11-13T00:10:00.000000000,0.1226975712734149
F_TOP3,92711,selected,45792,2024-11-14T00:10:00.000000000,0.20329760906843913
F_TOP3,92711,selected,45936,2024-11-15T00:10:00.000000000,0.13219857668510657
F_TOP3,92711,selected,46080,2024-11-16T00:10:00.000000000,0.13771763715505017
F_TOP3,92711,selected,46224,2024-11-17T00:10:00.000000000,0.1560374093223451
F_TOP3,92711,selected,46368,2024-11-18T00:10:00.000000000,0.15735373047741869
F_TOP3,92711,selected,46512,2024-11-19T00:10:00.000000000,0.4652107487557264
F_TOP3,92711,selected,46656,2024-11-20T00:10:00.000000000,0.1456844326021834
F_TOP3,92711,selected,46800,2024-11-21T00:10:00.000000000,0.176293728597788
F_TOP3,92711,selected,46944,2024-11-22T00:10:00.000000000,0.18038956271259043
F_TOP3,92711,selected,47088,2024-11-23T00:10:00.000000000,0.17893169076028737
F_TOP3,92711,selected,47232,2024-11-24T00:10:00.000000000,0.32684165564775564
F_TOP3,92711,selected,47376,2024-11-25T00:10:00.000000000,0.19834882141750126
F_TOP3,92711,selected,47520,2024-11-26T00:10:00.000000000,0.27983742735208156
F_TOP3,92711,selected,47664,2024-11-27T00:10:00.000000000,0.22041554953985032
F_TOP3,92711,selected,47808,2024-11-28T00:10:00.000000000,0.23550916587784004
F_TOP3,92711,selected,47952,2024-11-29T00:10:00.000000000,0.1702400427538874
F_TOP3,92711,selected,48096,2024-11-30T00:10:00.000000000,0.15158261708253537
F_TOP3,92711,selected,48240,2024-12-01T00:10:00.000000000,0.1448549940152457
F_TOP3,92711,selected,48384,2024-12-02T00:10:00.000000000,0.15051988101521482
F_TOP3,92711,selected,48528,2024-12-03T00:10:00.000000000,0.16925044140195705
F_TOP3,92711,selected,48672,2024-12-04T00:10:00.000000000,0.10807673644125398
F_TOP3,92711,selected,48816,2024-12-05T00:10:00.000000000,0.21655527877707176
F_TOP3,92711,selected,48960,2024-12-06T00:10:00.000000000,0.2730148460893045
F_TOP3,92711,selected,49104,2024-12-07T00:10:00.000000000,0.2365814382828429
F_TOP3,92711,selected,49248,2024-12-08T00:10:00.000000000,0.2630238884510768
F_TOP3,92711,selected,49392,2024-12-09T00:10:00.000000000,0.182688636353545
F_TOP3,92711,selected,49536,2024-12-10T00:10:00.000000000,0.1272153707701643
F_TOP3,92711,selected,49680,2024-12-11T00:10:00.000000000,0.14589903111658278
F_TOP3,92711,selected,49824,2024-12-12T00:10:00.000000000,0.10681628432085473
F_TOP3,92711,selected,49968,2024-12-13T00:10:00.000000000,0.12291796708544776
F_TOP3,92711,selected,50112,2024-12-14T00:10:00.000000000,0.1150095198968145
F_TOP3,92711,selected,50256,2024-12-15T00:10:00.000000000,0.19477620170124
F_TOP3,92711,selected,50400,2024-12-16T00:10:00.000000000,0.1683505215684727
F_TOP3,92711,selected,50544,2024-12-17T00:10:00.000000000,0.09142987035156744
F_TOP3,92711,selected,50688,2024-12-18T00:10:00.000000000,0.31502173823497925
F_TOP3,92711,selected,50832,2024-12-19T00:10:00.000000000,0.30567818904071486
F_TOP3,92711,selected,50976,2024-12-20T00:10:00.000000000,0.11868295876096244
F_TOP3,92711,selected,51120,2024-12-21T00:10:00.000000000,0.2833903999978576
F_TOP3,92711,selected,51264,2024-12-22T00:10:00.000000000,0.25188728711033676
F_TOP3,92711,selected,51408,2024-12-23T00:10:00.000000000,0.14336151294830027
F_TOP3,92711,selected,51552,2024-12-24T00:10:00.000000000,0.12093142760546807
F_TOP3,92711,selected,51696,2024-12-25T00:10:00.000000000,0.13812555514378774
F_TOP3,92711,selected,51840,2024-12-26T00:10:00.000000000,0.15041612517108105
F_TOP3,92711,selected,51984,2024-12-27T00:10:00.000000000,0.1915081719993147
F_TOP3,92711,selected,52128,2024-12-28T00:10:00.000000000,0.13775102550507723
F_TOP3,92711,selected,52272,2024-12-29T00:10:00.000000000,0.16493246307413933
F_TOP3,92711,selected,52416,2024-12-30T00:10:00.000000000,0.13726575365016241
F_TOP3,92711,selected,52560,2024-12-31T00:10:00.000000000,0.1176010432992795
E_EMLOC,92711,selected,42048,2024-10-19T00:10:00.000000000,0.14038195954956417
E_EMLOC,92711,selected,42192,2024-10-20T00:10:00.000000000,0.10721129225263662
E_EMLOC,92711,selected,42336,2024-10-21T00:10:00.000000000,0.12234863756518458
E_EMLOC,92711,selected,42480,2024-10-22T00:10:00.000000000,0.24759963071475471
E_EMLOC,92711,selected,42624,2024-10-23T00:10:00.000000000,0.14273129836455173
E_EMLOC,92711,selected,42768,2024-10-24T00:10:00.000000000,0.1795610675862983
E_EMLOC,92711,selected,42912,2024-10-25T00:10:00.000000000,0.10518092782660814
E_EMLOC,92711,selected,43056,2024-10-26T00:10:00.000000000,0.12898943683843214
E_EMLOC,92711,selected,43200,2024-10-27T00:10:00.000000000,0.13536933642505267
E_EMLOC,92711,selected,43344,2024-10-28T00:10:00.000000000,0.11952475115809576
E_EMLOC,92711,selected,43488,2024-10-29T00:10:00.000000000,0.15561045829552306
E_EMLOC,92711,selected,43632,2024-10-30T00:10:00.000000000,0.1410755435634895
E_EMLOC,92711,selected,43776,2024-10-31T00:10:00.000000000,0.11750886826092513
E_EMLOC,92711,selected,43920,2024-11-01T00:10:00.000000000,0.13423011056067646
E_EMLOC,92711,selected,44064,2024-11-02T00:10:00.000000000,0.3291903171031733
E_EMLOC,92711,selected,44208,2024-11-03T00:10:00.000000000,0.1649930400315017
E_EMLOC,92711,selected,44352,2024-11-04T00:10:00.000000000,0.21466399562197122
E_EMLOC,92711,selected,44496,2024-11-05T00:10:00.000000000,0.12339540323299995
E_EMLOC,92711,selected,44640,2024-11-06T00:10:00.000000000,0.1920663785772344
E_EMLOC,92711,selected,44784,2024-11-07T00:10:00.000000000,0.18106198494269096
E_EMLOC,92711,selected,44928,2024-11-08T00:10:00.000000000,0.13322755418815885
E_EMLOC,92711,selected,45072,2024-11-09T00:10:00.000000000,0.18208941875349566
E_EMLOC,92711,selected,45216,2024-11-10T00:10:00.000000000,0.13198084705109872
E_EMLOC,92711,selected,45360,2024-11-11T00:10:00.000000000,0.19821627570248784
E_EMLOC,92711,selected,45504,2024-11-12T00:10:00.000000000,0.2106445083731377
E_EMLOC,92711,selected,45648,2024-11-13T00:10:00.000000000,0.1193905161630077
E_EMLOC,92711,selected,45792,2024-11-14T00:10:00.000000000,0.2002388893215713
E_EMLOC,92711,selected,45936,2024-11-15T00:10:00.000000000,0.12426049050843702
E_EMLOC,92711,selected,46080,2024-11-16T00:10:00.000000000,0.1346703649899521
E_EMLOC,92711,selected,46224,2024-11-17T00:10:00.000000000,0.1515657994897756
E_EMLOC,92711,selected,46368,2024-11-18T00:10:00.000000000,0.1571872126593028
E_EMLOC,92711,selected,46512,2024-11-19T00:10:00.000000000,0.4617326152319511
E_EMLOC,92711,selected,46656,2024-11-20T00:10:00.000000000,0.1474816110814014
E_EMLOC,92711,selected,46800,2024-11-21T00:10:00.000000000,0.17697870157298748
E_EMLOC,92711,selected,46944,2024-11-22T00:10:00.000000000,0.18071920006985667
E_EMLOC,92711,selected,47088,2024-11-23T00:10:00.000000000,0.1932239999401207
E_EMLOC,92711,selected,47232,2024-11-24T00:10:00.000000000,0.32950160708195697
E_EMLOC,92711,selected,47376,2024-11-25T00:10:00.000000000,0.19623922449660866
E_EMLOC,92711,selected,47520,2024-11-26T00:10:00.000000000,0.2500878760483848
E_EMLOC,92711,selected,47664,2024-11-27T00:10:00.000000000,0.21527355880833568
E_EMLOC,92711,selected,47808,2024-11-28T00:10:00.000000000,0.2460752535285766
E_EMLOC,92711,selected,47952,2024-11-29T00:10:00.000000000,0.16856600037372949
E_EMLOC,92711,selected,48096,2024-11-30T00:10:00.000000000,0.14821062276072838
E_EMLOC,92711,selected,48240,2024-12-01T00:10:00.000000000,0.1372768709105785
E_EMLOC,92711,selected,48384,2024-12-02T00:10:00.000000000,0.15291900682174267
E_EMLOC,92711,selected,48528,2024-12-03T00:10:00.000000000,0.17946339869279693
E_EMLOC,92711,selected,48672,2024-12-04T00:10:00.000000000,0.11033371830735003
E_EMLOC,92711,selected,48816,2024-12-05T00:10:00.000000000,0.2193514387130265
E_EMLOC,92711,selected,48960,2024-12-06T00:10:00.000000000,0.2766137213100805
E_EMLOC,92711,selected,49104,2024-12-07T00:10:00.000000000,0.24124592750552523
E_EMLOC,92711,selected,49248,2024-12-08T00:10:00.000000000,0.2615039680449846
E_EMLOC,92711,selected,49392,2024-12-09T00:10:00.000000000,0.1927100333313633
E_EMLOC,92711,selected,49536,2024-12-10T00:10:00.000000000,0.11991556716575139
E_EMLOC,92711,selected,49680,2024-12-11T00:10:00.000000000,0.14617242247130363
E_EMLOC,92711,selected,49824,2024-12-12T00:10:00.000000000,0.10957314108971787
E_EMLOC,92711,selected,49968,2024-12-13T00:10:00.000000000,0.12267313270866384
E_EMLOC,92711,selected,50112,2024-12-14T00:10:00.000000000,0.11987761557901029
E_EMLOC,92711,selected,50256,2024-12-15T00:10:00.000000000,0.18411094543454082
E_EMLOC,92711,selected,50400,2024-12-16T00:10:00.000000000,0.16872690838048054
E_EMLOC,92711,selected,50544,2024-12-17T00:10:00.000000000,0.09592240571722968
E_EMLOC,92711,selected,50688,2024-12-18T00:10:00.000000000,0.30750963369377826
E_EMLOC,92711,selected,50832,2024-12-19T00:10:00.000000000,0.2859780166535279
E_EMLOC,92711,selected,50976,2024-12-20T00:10:00.000000000,0.11633095845595412
E_EMLOC,92711,selected,51120,2024-12-21T00:10:00.000000000,0.27621453773416277
E_EMLOC,92711,selected,51264,2024-12-22T00:10:00.000000000,0.27128379590188834
E_EMLOC,92711,selected,51408,2024-12-23T00:10:00.000000000,0.1403264859146684
E_EMLOC,92711,selected,51552,2024-12-24T00:10:00.000000000,0.11813719606080894
E_EMLOC,92711,selected,51696,2024-12-25T00:10:00.000000000,0.12850608859964577
E_EMLOC,92711,selected,51840,2024-12-26T00:10:00.000000000,0.15862827605596774
E_EMLOC,92711,selected,51984,2024-12-27T00:10:00.000000000,0.1887443599492193
E_EMLOC,92711,selected,52128,2024-12-28T00:10:00.000000000,0.13903432229489224
E_EMLOC,92711,selected,52272,2024-12-29T00:10:00.000000000,0.17658642024404408
E_EMLOC,92711,selected,52416,2024-12-30T00:10:00.000000000,0.14071688500292254
E_EMLOC,92711,selected,52560,2024-12-31T00:10:00.000000000,0.1168263215575269
E_DELTA,92711,selected,42048,2024-10-19T00:10:00.000000000,0.13999282276022434
E_DELTA,92711,selected,42192,2024-10-20T00:10:00.000000000,0.10441051802157843
E_DELTA,92711,selected,42336,2024-10-21T00:10:00.000000000,0.11503745813559171
E_DELTA,92711,selected,42480,2024-10-22T00:10:00.000000000,0.2530976564403737
E_DELTA,92711,selected,42624,2024-10-23T00:10:00.000000000,0.14032920888294742
E_DELTA,92711,selected,42768,2024-10-24T00:10:00.000000000,0.18186846426562214
E_DELTA,92711,selected,42912,2024-10-25T00:10:00.000000000,0.10413586350662622
E_DELTA,92711,selected,43056,2024-10-26T00:10:00.000000000,0.13174204447302063
E_DELTA,92711,selected,43200,2024-10-27T00:10:00.000000000,0.13239317676818896
E_DELTA,92711,selected,43344,2024-10-28T00:10:00.000000000,0.12219871534417684
E_DELTA,92711,selected,43488,2024-10-29T00:10:00.000000000,0.15249789529960453
E_DELTA,92711,selected,43632,2024-10-30T00:10:00.000000000,0.1446409096509774
E_DELTA,92711,selected,43776,2024-10-31T00:10:00.000000000,0.11987344862880478
E_DELTA,92711,selected,43920,2024-11-01T00:10:00.000000000,0.13926624083757644
E_DELTA,92711,selected,44064,2024-11-02T00:10:00.000000000,0.33452495936812127
E_DELTA,92711,selected,44208,2024-11-03T00:10:00.000000000,0.1645881849810584
E_DELTA,92711,selected,44352,2024-11-04T00:10:00.000000000,0.18306877238867697
E_DELTA,92711,selected,44496,2024-11-05T00:10:00.000000000,0.12679674447309142
E_DELTA,92711,selected,44640,2024-11-06T00:10:00.000000000,0.18163491916862562
E_DELTA,92711,selected,44784,2024-11-07T00:10:00.000000000,0.17896857917897147
E_DELTA,92711,selected,44928,2024-11-08T00:10:00.000000000,0.1311571397139003
E_DELTA,92711,selected,45072,2024-11-09T00:10:00.000000000,0.18627283921529073
E_DELTA,92711,selected,45216,2024-11-10T00:10:00.000000000,0.12281885880026575
E_DELTA,92711,selected,45360,2024-11-11T00:10:00.000000000,0.20169730362127905
E_DELTA,92711,selected,45504,2024-11-12T00:10:00.000000000,0.21866275027147272
E_DELTA,92711,selected,45648,2024-11-13T00:10:00.000000000,0.11978038299658748
E_DELTA,92711,selected,45792,2024-11-14T00:10:00.000000000,0.20335555176598838
E_DELTA,92711,selected,45936,2024-11-15T00:10:00.000000000,0.12906223524985624
E_DELTA,92711,selected,46080,2024-11-16T00:10:00.000000000,0.13656577276965143
E_DELTA,92711,selected,46224,2024-11-17T00:10:00.000000000,0.14974712786660388
E_DELTA,92711,selected,46368,2024-11-18T00:10:00.000000000,0.15969954268102354
E_DELTA,92711,selected,46512,2024-11-19T00:10:00.000000000,0.47223973487433113
E_DELTA,92711,selected,46656,2024-11-20T00:10:00.000000000,0.14399123189564667
E_DELTA,92711,selected,46800,2024-11-21T00:10:00.000000000,0.17595715834753292
E_DELTA,92711,selected,46944,2024-11-22T00:10:00.000000000,0.18262349383922058
E_DELTA,92711,selected,47088,2024-11-23T00:10:00.000000000,0.1916221459402501
E_DELTA,92711,selected,47232,2024-11-24T00:10:00.000000000,0.3280121816903148
E_DELTA,92711,selected,47376,2024-11-25T00:10:00.000000000,0.1967853525532974
E_DELTA,92711,selected,47520,2024-11-26T00:10:00.000000000,0.26186474701271534
E_DELTA,92711,selected,47664,2024-11-27T00:10:00.000000000,0.21709295947684892
E_DELTA,92711,selected,47808,2024-11-28T00:10:00.000000000,0.24719972053965295
E_DELTA,92711,selected,47952,2024-11-29T00:10:00.000000000,0.1727122543921177
E_DELTA,92711,selected,48096,2024-11-30T00:10:00.000000000,0.15088716503820754
E_DELTA,92711,selected,48240,2024-12-01T00:10:00.000000000,0.12996822166964728
E_DELTA,92711,selected,48384,2024-12-02T00:10:00.000000000,0.14883579663640956
E_DELTA,92711,selected,48528,2024-12-03T00:10:00.000000000,0.17381045976251847
E_DELTA,92711,selected,48672,2024-12-04T00:10:00.000000000,0.10772319834243708
E_DELTA,92711,selected,48816,2024-12-05T00:10:00.000000000,0.221672350016314
E_DELTA,92711,selected,48960,2024-12-06T00:10:00.000000000,0.2750595277559831
E_DELTA,92711,selected,49104,2024-12-07T00:10:00.000000000,0.24479590497722392
E_DELTA,92711,selected,49248,2024-12-08T00:10:00.000000000,0.2633274376565683
E_DELTA,92711,selected,49392,2024-12-09T00:10:00.000000000,0.18215582479365577
E_DELTA,92711,selected,49536,2024-12-10T00:10:00.000000000,0.12076260483493984
E_DELTA,92711,selected,49680,2024-12-11T00:10:00.000000000,0.14627143954891453
E_DELTA,92711,selected,49824,2024-12-12T00:10:00.000000000,0.10709392591836508
E_DELTA,92711,selected,49968,2024-12-13T00:10:00.000000000,0.12339912337255181
E_DELTA,92711,selected,50112,2024-12-14T00:10:00.000000000,0.11631268988487169
E_DELTA,92711,selected,50256,2024-12-15T00:10:00.000000000,0.19127810056498115
E_DELTA,92711,selected,50400,2024-12-16T00:10:00.000000000,0.17020607561374615
E_DELTA,92711,selected,50544,2024-12-17T00:10:00.000000000,0.09299424938177304
E_DELTA,92711,selected,50688,2024-12-18T00:10:00.000000000,0.30982516100965113
E_DELTA,92711,selected,50832,2024-12-19T00:10:00.000000000,0.2975640991874027
E_DELTA,92711,selected,50976,2024-12-20T00:10:00.000000000,0.11966500172686127
E_DELTA,92711,selected,51120,2024-12-21T00:10:00.000000000,0.2720318580377527
E_DELTA,92711,selected,51264,2024-12-22T00:10:00.000000000,0.26749324819017667
E_DELTA,92711,selected,51408,2024-12-23T00:10:00.000000000,0.14106366062203332
E_DELTA,92711,selected,51552,2024-12-24T00:10:00.000000000,0.1177365422500248
E_DELTA,92711,selected,51696,2024-12-25T00:10:00.000000000,0.130797051640237
E_DELTA,92711,selected,51840,2024-12-26T00:10:00.000000000,0.1492589307302928
E_DELTA,92711,selected,51984,2024-12-27T00:10:00.000000000,0.18518529701637765
E_DELTA,92711,selected,52128,2024-12-28T00:10:00.000000000,0.13843860507627287
E_DELTA,92711,selected,52272,2024-12-29T00:10:00.000000000,0.1622471350735746
E_DELTA,92711,selected,52416,2024-12-30T00:10:00.000000000,0.1355038447376196
E_DELTA,92711,selected,52560,2024-12-31T00:10:00.000000000,0.11449812146850315
E_VALUE_DELTA,92711,selected,42048,2024-10-19T00:10:00.000000000,0.13870085095089937
E_VALUE_DELTA,92711,selected,42192,2024-10-20T00:10:00.000000000,0.10455636212623587
E_VALUE_DELTA,92711,selected,42336,2024-10-21T00:10:00.000000000,0.11482499246223812
E_VALUE_DELTA,92711,selected,42480,2024-10-22T00:10:00.000000000,0.2544726766843252
E_VALUE_DELTA,92711,selected,42624,2024-10-23T00:10:00.000000000,0.14006823525073078
E_VALUE_DELTA,92711,selected,42768,2024-10-24T00:10:00.000000000,0.18433232588980125
E_VALUE_DELTA,92711,selected,42912,2024-10-25T00:10:00.000000000,0.10376138308503137
E_VALUE_DELTA,92711,selected,43056,2024-10-26T00:10:00.000000000,0.13018448906201247
E_VALUE_DELTA,92711,selected,43200,2024-10-27T00:10:00.000000000,0.13285876016118198
E_VALUE_DELTA,92711,selected,43344,2024-10-28T00:10:00.000000000,0.1213931538101151
E_VALUE_DELTA,92711,selected,43488,2024-10-29T00:10:00.000000000,0.1525840654937595
E_VALUE_DELTA,92711,selected,43632,2024-10-30T00:10:00.000000000,0.1446793345165714
E_VALUE_DELTA,92711,selected,43776,2024-10-31T00:10:00.000000000,0.11987661571776724
E_VALUE_DELTA,92711,selected,43920,2024-11-01T00:10:00.000000000,0.13766077160645535
E_VALUE_DELTA,92711,selected,44064,2024-11-02T00:10:00.000000000,0.3317385687722367
E_VALUE_DELTA,92711,selected,44208,2024-11-03T00:10:00.000000000,0.1636130302086689
E_VALUE_DELTA,92711,selected,44352,2024-11-04T00:10:00.000000000,0.18494226372901024
E_VALUE_DELTA,92711,selected,44496,2024-11-05T00:10:00.000000000,0.1268538156828865
E_VALUE_DELTA,92711,selected,44640,2024-11-06T00:10:00.000000000,0.18115077837944824
E_VALUE_DELTA,92711,selected,44784,2024-11-07T00:10:00.000000000,0.17810909746495587
E_VALUE_DELTA,92711,selected,44928,2024-11-08T00:10:00.000000000,0.13165737153767115
E_VALUE_DELTA,92711,selected,45072,2024-11-09T00:10:00.000000000,0.18504603230366973
E_VALUE_DELTA,92711,selected,45216,2024-11-10T00:10:00.000000000,0.12239865258763605
E_VALUE_DELTA,92711,selected,45360,2024-11-11T00:10:00.000000000,0.20075324998173016
E_VALUE_DELTA,92711,selected,45504,2024-11-12T00:10:00.000000000,0.22056639430341518
E_VALUE_DELTA,92711,selected,45648,2024-11-13T00:10:00.000000000,0.11960082111531788
E_VALUE_DELTA,92711,selected,45792,2024-11-14T00:10:00.000000000,0.20316932125298462
E_VALUE_DELTA,92711,selected,45936,2024-11-15T00:10:00.000000000,0.12956076924558924
E_VALUE_DELTA,92711,selected,46080,2024-11-16T00:10:00.000000000,0.1352186480729045
E_VALUE_DELTA,92711,selected,46224,2024-11-17T00:10:00.000000000,0.14895677850655936
E_VALUE_DELTA,92711,selected,46368,2024-11-18T00:10:00.000000000,0.1595405921926974
E_VALUE_DELTA,92711,selected,46512,2024-11-19T00:10:00.000000000,0.47488875848711715
E_VALUE_DELTA,92711,selected,46656,2024-11-20T00:10:00.000000000,0.14510813659693472
E_VALUE_DELTA,92711,selected,46800,2024-11-21T00:10:00.000000000,0.17616374872764695
E_VALUE_DELTA,92711,selected,46944,2024-11-22T00:10:00.000000000,0.18392194559603575
E_VALUE_DELTA,92711,selected,47088,2024-11-23T00:10:00.000000000,0.1915670604121955
E_VALUE_DELTA,92711,selected,47232,2024-11-24T00:10:00.000000000,0.3259402813972239
E_VALUE_DELTA,92711,selected,47376,2024-11-25T00:10:00.000000000,0.19613495714986348
E_VALUE_DELTA,92711,selected,47520,2024-11-26T00:10:00.000000000,0.2645029357846179
E_VALUE_DELTA,92711,selected,47664,2024-11-27T00:10:00.000000000,0.21712598675248948
E_VALUE_DELTA,92711,selected,47808,2024-11-28T00:10:00.000000000,0.2487939091584771
E_VALUE_DELTA,92711,selected,47952,2024-11-29T00:10:00.000000000,0.1710433871308454
E_VALUE_DELTA,92711,selected,48096,2024-11-30T00:10:00.000000000,0.15150575131574526
E_VALUE_DELTA,92711,selected,48240,2024-12-01T00:10:00.000000000,0.1301043483825884
E_VALUE_DELTA,92711,selected,48384,2024-12-02T00:10:00.000000000,0.1501915517477305
E_VALUE_DELTA,92711,selected,48528,2024-12-03T00:10:00.000000000,0.17105121904748413
E_VALUE_DELTA,92711,selected,48672,2024-12-04T00:10:00.000000000,0.10743041560332597
E_VALUE_DELTA,92711,selected,48816,2024-12-05T00:10:00.000000000,0.22161431319672478
E_VALUE_DELTA,92711,selected,48960,2024-12-06T00:10:00.000000000,0.2738773287519515
E_VALUE_DELTA,92711,selected,49104,2024-12-07T00:10:00.000000000,0.2453520106178698
E_VALUE_DELTA,92711,selected,49248,2024-12-08T00:10:00.000000000,0.26348085589413095
E_VALUE_DELTA,92711,selected,49392,2024-12-09T00:10:00.000000000,0.182352935965877
E_VALUE_DELTA,92711,selected,49536,2024-12-10T00:10:00.000000000,0.1205286113187609
E_VALUE_DELTA,92711,selected,49680,2024-12-11T00:10:00.000000000,0.14577227722623615
E_VALUE_DELTA,92711,selected,49824,2024-12-12T00:10:00.000000000,0.10729370490233099
E_VALUE_DELTA,92711,selected,49968,2024-12-13T00:10:00.000000000,0.12351301806175362
E_VALUE_DELTA,92711,selected,50112,2024-12-14T00:10:00.000000000,0.1163654266620432
E_VALUE_DELTA,92711,selected,50256,2024-12-15T00:10:00.000000000,0.19182987761931894
E_VALUE_DELTA,92711,selected,50400,2024-12-16T00:10:00.000000000,0.169209916336291
E_VALUE_DELTA,92711,selected,50544,2024-12-17T00:10:00.000000000,0.09277227904306648
E_VALUE_DELTA,92711,selected,50688,2024-12-18T00:10:00.000000000,0.30762306933715056
E_VALUE_DELTA,92711,selected,50832,2024-12-19T00:10:00.000000000,0.2972127361536873
E_VALUE_DELTA,92711,selected,50976,2024-12-20T00:10:00.000000000,0.11942547259853689
E_VALUE_DELTA,92711,selected,51120,2024-12-21T00:10:00.000000000,0.2739586409900113
E_VALUE_DELTA,92711,selected,51264,2024-12-22T00:10:00.000000000,0.2698912684553607
E_VALUE_DELTA,92711,selected,51408,2024-12-23T00:10:00.000000000,0.1405708304787813
E_VALUE_DELTA,92711,selected,51552,2024-12-24T00:10:00.000000000,0.11686996409513921
E_VALUE_DELTA,92711,selected,51696,2024-12-25T00:10:00.000000000,0.1309285952850241
E_VALUE_DELTA,92711,selected,51840,2024-12-26T00:10:00.000000000,0.14846229214755102
E_VALUE_DELTA,92711,selected,51984,2024-12-27T00:10:00.000000000,0.184005872486846
E_VALUE_DELTA,92711,selected,52128,2024-12-28T00:10:00.000000000,0.13865098749280882
E_VALUE_DELTA,92711,selected,52272,2024-12-29T00:10:00.000000000,0.1606256611379332
E_VALUE_DELTA,92711,selected,52416,2024-12-30T00:10:00.000000000,0.1354623278782007
E_VALUE_DELTA,92711,selected,52560,2024-12-31T00:10:00.000000000,0.11446674160496997
E_RESPONSE_DELTA,92711,selected,42048,2024-10-19T00:10:00.000000000,0.13994982396224784
E_RESPONSE_DELTA,92711,selected,42192,2024-10-20T00:10:00.000000000,0.10400913828678379
E_RESPONSE_DELTA,92711,selected,42336,2024-10-21T00:10:00.000000000,0.11494498763490651
E_RESPONSE_DELTA,92711,selected,42480,2024-10-22T00:10:00.000000000,0.25466609134607726
E_RESPONSE_DELTA,92711,selected,42624,2024-10-23T00:10:00.000000000,0.13968209693252615
E_RESPONSE_DELTA,92711,selected,42768,2024-10-24T00:10:00.000000000,0.18469127793060552
E_RESPONSE_DELTA,92711,selected,42912,2024-10-25T00:10:00.000000000,0.10565426990336355
E_RESPONSE_DELTA,92711,selected,43056,2024-10-26T00:10:00.000000000,0.13167237554685454
E_RESPONSE_DELTA,92711,selected,43200,2024-10-27T00:10:00.000000000,0.13249842601590742
E_RESPONSE_DELTA,92711,selected,43344,2024-10-28T00:10:00.000000000,0.12207759894311332
E_RESPONSE_DELTA,92711,selected,43488,2024-10-29T00:10:00.000000000,0.15214291578091566
E_RESPONSE_DELTA,92711,selected,43632,2024-10-30T00:10:00.000000000,0.14432307307718925
E_RESPONSE_DELTA,92711,selected,43776,2024-10-31T00:10:00.000000000,0.12050964562152924
E_RESPONSE_DELTA,92711,selected,43920,2024-11-01T00:10:00.000000000,0.13873921674185807
E_RESPONSE_DELTA,92711,selected,44064,2024-11-02T00:10:00.000000000,0.3332565720691122
E_RESPONSE_DELTA,92711,selected,44208,2024-11-03T00:10:00.000000000,0.1621786494770265
E_RESPONSE_DELTA,92711,selected,44352,2024-11-04T00:10:00.000000000,0.17930768973691166
E_RESPONSE_DELTA,92711,selected,44496,2024-11-05T00:10:00.000000000,0.12699317864308335
E_RESPONSE_DELTA,92711,selected,44640,2024-11-06T00:10:00.000000000,0.18072968230596023
E_RESPONSE_DELTA,92711,selected,44784,2024-11-07T00:10:00.000000000,0.17662597560596097
E_RESPONSE_DELTA,92711,selected,44928,2024-11-08T00:10:00.000000000,0.13198648791153994
E_RESPONSE_DELTA,92711,selected,45072,2024-11-09T00:10:00.000000000,0.18806593306785624
E_RESPONSE_DELTA,92711,selected,45216,2024-11-10T00:10:00.000000000,0.11992361208332807
E_RESPONSE_DELTA,92711,selected,45360,2024-11-11T00:10:00.000000000,0.20203221851798545
E_RESPONSE_DELTA,92711,selected,45504,2024-11-12T00:10:00.000000000,0.22089035715171393
E_RESPONSE_DELTA,92711,selected,45648,2024-11-13T00:10:00.000000000,0.12012684225943063
E_RESPONSE_DELTA,92711,selected,45792,2024-11-14T00:10:00.000000000,0.20361219182429866
E_RESPONSE_DELTA,92711,selected,45936,2024-11-15T00:10:00.000000000,0.1308151245076825
E_RESPONSE_DELTA,92711,selected,46080,2024-11-16T00:10:00.000000000,0.1357024498985319
E_RESPONSE_DELTA,92711,selected,46224,2024-11-17T00:10:00.000000000,0.15074217095413583
E_RESPONSE_DELTA,92711,selected,46368,2024-11-18T00:10:00.000000000,0.15959137813027696
E_RESPONSE_DELTA,92711,selected,46512,2024-11-19T00:10:00.000000000,0.47217803804462494
E_RESPONSE_DELTA,92711,selected,46656,2024-11-20T00:10:00.000000000,0.14637264875879896
E_RESPONSE_DELTA,92711,selected,46800,2024-11-21T00:10:00.000000000,0.17608717828793316
E_RESPONSE_DELTA,92711,selected,46944,2024-11-22T00:10:00.000000000,0.18322382968565723
E_RESPONSE_DELTA,92711,selected,47088,2024-11-23T00:10:00.000000000,0.1903442488397467
E_RESPONSE_DELTA,92711,selected,47232,2024-11-24T00:10:00.000000000,0.328097432050801
E_RESPONSE_DELTA,92711,selected,47376,2024-11-25T00:10:00.000000000,0.19467652219926246
E_RESPONSE_DELTA,92711,selected,47520,2024-11-26T00:10:00.000000000,0.26578521429279495
E_RESPONSE_DELTA,92711,selected,47664,2024-11-27T00:10:00.000000000,0.217859969406654
E_RESPONSE_DELTA,92711,selected,47808,2024-11-28T00:10:00.000000000,0.24768634993312938
E_RESPONSE_DELTA,92711,selected,47952,2024-11-29T00:10:00.000000000,0.17136428697500097
E_RESPONSE_DELTA,92711,selected,48096,2024-11-30T00:10:00.000000000,0.15091990839605082
E_RESPONSE_DELTA,92711,selected,48240,2024-12-01T00:10:00.000000000,0.13021291388793768
E_RESPONSE_DELTA,92711,selected,48384,2024-12-02T00:10:00.000000000,0.15151982312810877
E_RESPONSE_DELTA,92711,selected,48528,2024-12-03T00:10:00.000000000,0.1734883354082807
E_RESPONSE_DELTA,92711,selected,48672,2024-12-04T00:10:00.000000000,0.10762925472835934
E_RESPONSE_DELTA,92711,selected,48816,2024-12-05T00:10:00.000000000,0.22035763050099938
E_RESPONSE_DELTA,92711,selected,48960,2024-12-06T00:10:00.000000000,0.2750971934679598
E_RESPONSE_DELTA,92711,selected,49104,2024-12-07T00:10:00.000000000,0.2444132071818741
E_RESPONSE_DELTA,92711,selected,49248,2024-12-08T00:10:00.000000000,0.26363115622886757
E_RESPONSE_DELTA,92711,selected,49392,2024-12-09T00:10:00.000000000,0.1816700413894345
E_RESPONSE_DELTA,92711,selected,49536,2024-12-10T00:10:00.000000000,0.12162836704058674
E_RESPONSE_DELTA,92711,selected,49680,2024-12-11T00:10:00.000000000,0.1455497625120101
E_RESPONSE_DELTA,92711,selected,49824,2024-12-12T00:10:00.000000000,0.10638488486519548
E_RESPONSE_DELTA,92711,selected,49968,2024-12-13T00:10:00.000000000,0.12296484964515837
E_RESPONSE_DELTA,92711,selected,50112,2024-12-14T00:10:00.000000000,0.11539136966486818
E_RESPONSE_DELTA,92711,selected,50256,2024-12-15T00:10:00.000000000,0.19304100422067455
E_RESPONSE_DELTA,92711,selected,50400,2024-12-16T00:10:00.000000000,0.1712879286930633
E_RESPONSE_DELTA,92711,selected,50544,2024-12-17T00:10:00.000000000,0.09276205210619083
E_RESPONSE_DELTA,92711,selected,50688,2024-12-18T00:10:00.000000000,0.31044844067634064
E_RESPONSE_DELTA,92711,selected,50832,2024-12-19T00:10:00.000000000,0.2977067467874055
E_RESPONSE_DELTA,92711,selected,50976,2024-12-20T00:10:00.000000000,0.11981924086413291
E_RESPONSE_DELTA,92711,selected,51120,2024-12-21T00:10:00.000000000,0.2759783047213003
E_RESPONSE_DELTA,92711,selected,51264,2024-12-22T00:10:00.000000000,0.2664059654577561
E_RESPONSE_DELTA,92711,selected,51408,2024-12-23T00:10:00.000000000,0.14178683952580723
E_RESPONSE_DELTA,92711,selected,51552,2024-12-24T00:10:00.000000000,0.11881516328822382
E_RESPONSE_DELTA,92711,selected,51696,2024-12-25T00:10:00.000000000,0.13180870708831535
E_RESPONSE_DELTA,92711,selected,51840,2024-12-26T00:10:00.000000000,0.149118634054004
E_RESPONSE_DELTA,92711,selected,51984,2024-12-27T00:10:00.000000000,0.1862838636745312
E_RESPONSE_DELTA,92711,selected,52128,2024-12-28T00:10:00.000000000,0.1428281358694336
E_RESPONSE_DELTA,92711,selected,52272,2024-12-29T00:10:00.000000000,0.16017824163435976
E_RESPONSE_DELTA,92711,selected,52416,2024-12-30T00:10:00.000000000,0.13564892033387657
E_RESPONSE_DELTA,92711,selected,52560,2024-12-31T00:10:00.000000000,0.11489837119436232
E_EMLOC,92711,naive_transfer_same_step,42048,2024-10-19T00:10:00.000000000,0.14001008850144278
E_EMLOC,92711,naive_transfer_same_step,42192,2024-10-20T00:10:00.000000000,0.10678494019185021
E_EMLOC,92711,naive_transfer_same_step,42336,2024-10-21T00:10:00.000000000,0.12207450319011477
E_EMLOC,92711,naive_transfer_same_step,42480,2024-10-22T00:10:00.000000000,0.24768353922644176
E_EMLOC,92711,naive_transfer_same_step,42624,2024-10-23T00:10:00.000000000,0.14185483826332024
E_EMLOC,92711,naive_transfer_same_step,42768,2024-10-24T00:10:00.000000000,0.17962439974864225
E_EMLOC,92711,naive_transfer_same_step,42912,2024-10-25T00:10:00.000000000,0.10511866777788403
E_EMLOC,92711,naive_transfer_same_step,43056,2024-10-26T00:10:00.000000000,0.1288569495870918
E_EMLOC,92711,naive_transfer_same_step,43200,2024-10-27T00:10:00.000000000,0.1339725594376321
E_EMLOC,92711,naive_transfer_same_step,43344,2024-10-28T00:10:00.000000000,0.11981200147096593
E_EMLOC,92711,naive_transfer_same_step,43488,2024-10-29T00:10:00.000000000,0.15517937201415155
E_EMLOC,92711,naive_transfer_same_step,43632,2024-10-30T00:10:00.000000000,0.14071077750557898
E_EMLOC,92711,naive_transfer_same_step,43776,2024-10-31T00:10:00.000000000,0.11705898404649219
E_EMLOC,92711,naive_transfer_same_step,43920,2024-11-01T00:10:00.000000000,0.13423994249900364
E_EMLOC,92711,naive_transfer_same_step,44064,2024-11-02T00:10:00.000000000,0.33006448660893806
E_EMLOC,92711,naive_transfer_same_step,44208,2024-11-03T00:10:00.000000000,0.16406898297445896
E_EMLOC,92711,naive_transfer_same_step,44352,2024-11-04T00:10:00.000000000,0.2119995853984729
E_EMLOC,92711,naive_transfer_same_step,44496,2024-11-05T00:10:00.000000000,0.12337966166657718
E_EMLOC,92711,naive_transfer_same_step,44640,2024-11-06T00:10:00.000000000,0.19212388152896684
E_EMLOC,92711,naive_transfer_same_step,44784,2024-11-07T00:10:00.000000000,0.18187393060986817
E_EMLOC,92711,naive_transfer_same_step,44928,2024-11-08T00:10:00.000000000,0.1329362093872236
E_EMLOC,92711,naive_transfer_same_step,45072,2024-11-09T00:10:00.000000000,0.182300030907177
E_EMLOC,92711,naive_transfer_same_step,45216,2024-11-10T00:10:00.000000000,0.13183692913601064
E_EMLOC,92711,naive_transfer_same_step,45360,2024-11-11T00:10:00.000000000,0.19922759295174405
E_EMLOC,92711,naive_transfer_same_step,45504,2024-11-12T00:10:00.000000000,0.21145435195911347
E_EMLOC,92711,naive_transfer_same_step,45648,2024-11-13T00:10:00.000000000,0.11975271739527094
E_EMLOC,92711,naive_transfer_same_step,45792,2024-11-14T00:10:00.000000000,0.20020240408413106
E_EMLOC,92711,naive_transfer_same_step,45936,2024-11-15T00:10:00.000000000,0.12435068489479932
E_EMLOC,92711,naive_transfer_same_step,46080,2024-11-16T00:10:00.000000000,0.13504377523542863
E_EMLOC,92711,naive_transfer_same_step,46224,2024-11-17T00:10:00.000000000,0.1519339627210275
E_EMLOC,92711,naive_transfer_same_step,46368,2024-11-18T00:10:00.000000000,0.15722466951816186
E_EMLOC,92711,naive_transfer_same_step,46512,2024-11-19T00:10:00.000000000,0.4607282613069551
E_EMLOC,92711,naive_transfer_same_step,46656,2024-11-20T00:10:00.000000000,0.14812731602126933
E_EMLOC,92711,naive_transfer_same_step,46800,2024-11-21T00:10:00.000000000,0.17848202390994086
E_EMLOC,92711,naive_transfer_same_step,46944,2024-11-22T00:10:00.000000000,0.18003885622323895
E_EMLOC,92711,naive_transfer_same_step,47088,2024-11-23T00:10:00.000000000,0.19369661325762957
E_EMLOC,92711,naive_transfer_same_step,47232,2024-11-24T00:10:00.000000000,0.3283035613785056
E_EMLOC,92711,naive_transfer_same_step,47376,2024-11-25T00:10:00.000000000,0.19571294525121066
E_EMLOC,92711,naive_transfer_same_step,47520,2024-11-26T00:10:00.000000000,0.2516711382689511
E_EMLOC,92711,naive_transfer_same_step,47664,2024-11-27T00:10:00.000000000,0.21506247332191497
E_EMLOC,92711,naive_transfer_same_step,47808,2024-11-28T00:10:00.000000000,0.24424807837940904
E_EMLOC,92711,naive_transfer_same_step,47952,2024-11-29T00:10:00.000000000,0.16833535774469816
E_EMLOC,92711,naive_transfer_same_step,48096,2024-11-30T00:10:00.000000000,0.14771798373929432
E_EMLOC,92711,naive_transfer_same_step,48240,2024-12-01T00:10:00.000000000,0.13788362303828708
E_EMLOC,92711,naive_transfer_same_step,48384,2024-12-02T00:10:00.000000000,0.1522907432183681
E_EMLOC,92711,naive_transfer_same_step,48528,2024-12-03T00:10:00.000000000,0.17827769734761542
E_EMLOC,92711,naive_transfer_same_step,48672,2024-12-04T00:10:00.000000000,0.10998486738256637
E_EMLOC,92711,naive_transfer_same_step,48816,2024-12-05T00:10:00.000000000,0.21891509924230632
E_EMLOC,92711,naive_transfer_same_step,48960,2024-12-06T00:10:00.000000000,0.27540100361594133
E_EMLOC,92711,naive_transfer_same_step,49104,2024-12-07T00:10:00.000000000,0.24229652532428608
E_EMLOC,92711,naive_transfer_same_step,49248,2024-12-08T00:10:00.000000000,0.26133377788777457
E_EMLOC,92711,naive_transfer_same_step,49392,2024-12-09T00:10:00.000000000,0.19299190835033456
E_EMLOC,92711,naive_transfer_same_step,49536,2024-12-10T00:10:00.000000000,0.11983662717973849
E_EMLOC,92711,naive_transfer_same_step,49680,2024-12-11T00:10:00.000000000,0.14610023025264463
E_EMLOC,92711,naive_transfer_same_step,49824,2024-12-12T00:10:00.000000000,0.10927856827280227
E_EMLOC,92711,naive_transfer_same_step,49968,2024-12-13T00:10:00.000000000,0.12279548718971503
E_EMLOC,92711,naive_transfer_same_step,50112,2024-12-14T00:10:00.000000000,0.11976354412245663
E_EMLOC,92711,naive_transfer_same_step,50256,2024-12-15T00:10:00.000000000,0.1834025284814528
E_EMLOC,92711,naive_transfer_same_step,50400,2024-12-16T00:10:00.000000000,0.16891674406477947
E_EMLOC,92711,naive_transfer_same_step,50544,2024-12-17T00:10:00.000000000,0.09594729697231484
E_EMLOC,92711,naive_transfer_same_step,50688,2024-12-18T00:10:00.000000000,0.30723586905876765
E_EMLOC,92711,naive_transfer_same_step,50832,2024-12-19T00:10:00.000000000,0.2863469099990184
E_EMLOC,92711,naive_transfer_same_step,50976,2024-12-20T00:10:00.000000000,0.11522415785554226
E_EMLOC,92711,naive_transfer_same_step,51120,2024-12-21T00:10:00.000000000,0.27661756602135945
E_EMLOC,92711,naive_transfer_same_step,51264,2024-12-22T00:10:00.000000000,0.2677026046628289
E_EMLOC,92711,naive_transfer_same_step,51408,2024-12-23T00:10:00.000000000,0.14008852550291523
E_EMLOC,92711,naive_transfer_same_step,51552,2024-12-24T00:10:00.000000000,0.11952534881460879
E_EMLOC,92711,naive_transfer_same_step,51696,2024-12-25T00:10:00.000000000,0.1283819303117607
E_EMLOC,92711,naive_transfer_same_step,51840,2024-12-26T00:10:00.000000000,0.15963258787016713
E_EMLOC,92711,naive_transfer_same_step,51984,2024-12-27T00:10:00.000000000,0.189178601991485
E_EMLOC,92711,naive_transfer_same_step,52128,2024-12-28T00:10:00.000000000,0.13845254853199562
E_EMLOC,92711,naive_transfer_same_step,52272,2024-12-29T00:10:00.000000000,0.17705776368720216
E_EMLOC,92711,naive_transfer_same_step,52416,2024-12-30T00:10:00.000000000,0.14065891333709682
E_EMLOC,92711,naive_transfer_same_step,52560,2024-12-31T00:10:00.000000000,0.11693053503275463
F_FULL,92712,selected,42048,2024-10-19T00:10:00.000000000,0.13115167116103624
F_FULL,92712,selected,42192,2024-10-20T00:10:00.000000000,0.10048495081555994
F_FULL,92712,selected,42336,2024-10-21T00:10:00.000000000,0.11010678311600948
F_FULL,92712,selected,42480,2024-10-22T00:10:00.000000000,0.2616547185490317
F_FULL,92712,selected,42624,2024-10-23T00:10:00.000000000,0.13989734941238738
F_FULL,92712,selected,42768,2024-10-24T00:10:00.000000000,0.1703286832193566
F_FULL,92712,selected,42912,2024-10-25T00:10:00.000000000,0.11133196205221318
F_FULL,92712,selected,43056,2024-10-26T00:10:00.000000000,0.1295972582316685
F_FULL,92712,selected,43200,2024-10-27T00:10:00.000000000,0.1275381208942323
F_FULL,92712,selected,43344,2024-10-28T00:10:00.000000000,0.11903985652080819
F_FULL,92712,selected,43488,2024-10-29T00:10:00.000000000,0.15480796898663934
F_FULL,92712,selected,43632,2024-10-30T00:10:00.000000000,0.14639350882271268
F_FULL,92712,selected,43776,2024-10-31T00:10:00.000000000,0.11842505831706626
F_FULL,92712,selected,43920,2024-11-01T00:10:00.000000000,0.13562042891246465
F_FULL,92712,selected,44064,2024-11-02T00:10:00.000000000,0.3366200133177198
F_FULL,92712,selected,44208,2024-11-03T00:10:00.000000000,0.16074849204092784
F_FULL,92712,selected,44352,2024-11-04T00:10:00.000000000,0.19733083070788446
F_FULL,92712,selected,44496,2024-11-05T00:10:00.000000000,0.1172934498636765
F_FULL,92712,selected,44640,2024-11-06T00:10:00.000000000,0.19745349497529874
F_FULL,92712,selected,44784,2024-11-07T00:10:00.000000000,0.20241775462077344
F_FULL,92712,selected,44928,2024-11-08T00:10:00.000000000,0.13689666143078774
F_FULL,92712,selected,45072,2024-11-09T00:10:00.000000000,0.19558645424920829
F_FULL,92712,selected,45216,2024-11-10T00:10:00.000000000,0.12959975705592217
F_FULL,92712,selected,45360,2024-11-11T00:10:00.000000000,0.20378998904883527
F_FULL,92712,selected,45504,2024-11-12T00:10:00.000000000,0.2150386859253192
F_FULL,92712,selected,45648,2024-11-13T00:10:00.000000000,0.11338448863488762
F_FULL,92712,selected,45792,2024-11-14T00:10:00.000000000,0.2010604728775586
F_FULL,92712,selected,45936,2024-11-15T00:10:00.000000000,0.12439288863681089
F_FULL,92712,selected,46080,2024-11-16T00:10:00.000000000,0.13414753738033763
F_FULL,92712,selected,46224,2024-11-17T00:10:00.000000000,0.154651872070819
F_FULL,92712,selected,46368,2024-11-18T00:10:00.000000000,0.1609559604632835
F_FULL,92712,selected,46512,2024-11-19T00:10:00.000000000,0.4641193245145221
F_FULL,92712,selected,46656,2024-11-20T00:10:00.000000000,0.14744595944967703
F_FULL,92712,selected,46800,2024-11-21T00:10:00.000000000,0.17578795969766864
F_FULL,92712,selected,46944,2024-11-22T00:10:00.000000000,0.1841645960423774
F_FULL,92712,selected,47088,2024-11-23T00:10:00.000000000,0.18343511874418844
F_FULL,92712,selected,47232,2024-11-24T00:10:00.000000000,0.3106589697314966
F_FULL,92712,selected,47376,2024-11-25T00:10:00.000000000,0.1831655395008848
F_FULL,92712,selected,47520,2024-11-26T00:10:00.000000000,0.2749982548295849
F_FULL,92712,selected,47664,2024-11-27T00:10:00.000000000,0.21555643303091032
F_FULL,92712,selected,47808,2024-11-28T00:10:00.000000000,0.2645893601785148
F_FULL,92712,selected,47952,2024-11-29T00:10:00.000000000,0.17604064980870981
F_FULL,92712,selected,48096,2024-11-30T00:10:00.000000000,0.14833972104285104
F_FULL,92712,selected,48240,2024-12-01T00:10:00.000000000,0.13662670993751164
F_FULL,92712,selected,48384,2024-12-02T00:10:00.000000000,0.1482913008424608
F_FULL,92712,selected,48528,2024-12-03T00:10:00.000000000,0.1772419498389902
F_FULL,92712,selected,48672,2024-12-04T00:10:00.000000000,0.11168454907207494
F_FULL,92712,selected,48816,2024-12-05T00:10:00.000000000,0.2208641620063813
F_FULL,92712,selected,48960,2024-12-06T00:10:00.000000000,0.2578058638867897
F_FULL,92712,selected,49104,2024-12-07T00:10:00.000000000,0.24479277349973522
F_FULL,92712,selected,49248,2024-12-08T00:10:00.000000000,0.2701316056170037
F_FULL,92712,selected,49392,2024-12-09T00:10:00.000000000,0.20397148781626184
F_FULL,92712,selected,49536,2024-12-10T00:10:00.000000000,0.12621771980696253
F_FULL,92712,selected,49680,2024-12-11T00:10:00.000000000,0.15059007627500637
F_FULL,92712,selected,49824,2024-12-12T00:10:00.000000000,0.10538138123539256
F_FULL,92712,selected,49968,2024-12-13T00:10:00.000000000,0.12011407664563745
F_FULL,92712,selected,50112,2024-12-14T00:10:00.000000000,0.11843924605949858
F_FULL,92712,selected,50256,2024-12-15T00:10:00.000000000,0.18005163802941515
F_FULL,92712,selected,50400,2024-12-16T00:10:00.000000000,0.1636585745484895
F_FULL,92712,selected,50544,2024-12-17T00:10:00.000000000,0.09235435557487148
F_FULL,92712,selected,50688,2024-12-18T00:10:00.000000000,0.3174997466731555
F_FULL,92712,selected,50832,2024-12-19T00:10:00.000000000,0.29778864509581077
F_FULL,92712,selected,50976,2024-12-20T00:10:00.000000000,0.11316464396464869
F_FULL,92712,selected,51120,2024-12-21T00:10:00.000000000,0.27630153311198946
F_FULL,92712,selected,51264,2024-12-22T00:10:00.000000000,0.2508494993946711
F_FULL,92712,selected,51408,2024-12-23T00:10:00.000000000,0.13811211432260484
F_FULL,92712,selected,51552,2024-12-24T00:10:00.000000000,0.11663042594199262
F_FULL,92712,selected,51696,2024-12-25T00:10:00.000000000,0.126266595291581
F_FULL,92712,selected,51840,2024-12-26T00:10:00.000000000,0.16519608818753564
F_FULL,92712,selected,51984,2024-12-27T00:10:00.000000000,0.18729806143831765
F_FULL,92712,selected,52128,2024-12-28T00:10:00.000000000,0.14567723416712228
F_FULL,92712,selected,52272,2024-12-29T00:10:00.000000000,0.17296808242999956
F_FULL,92712,selected,52416,2024-12-30T00:10:00.000000000,0.13520525246812581
F_FULL,92712,selected,52560,2024-12-31T00:10:00.000000000,0.11346386817471865
F_TOP3,92712,selected,42048,2024-10-19T00:10:00.000000000,0.1311446599502173
F_TOP3,92712,selected,42192,2024-10-20T00:10:00.000000000,0.10328744688084802
F_TOP3,92712,selected,42336,2024-10-21T00:10:00.000000000,0.11504369120424103
F_TOP3,92712,selected,42480,2024-10-22T00:10:00.000000000,0.2604786319574212
F_TOP3,92712,selected,42624,2024-10-23T00:10:00.000000000,0.1429459871959753
F_TOP3,92712,selected,42768,2024-10-24T00:10:00.000000000,0.18075739959366255
F_TOP3,92712,selected,42912,2024-10-25T00:10:00.000000000,0.1038203636500185
F_TOP3,92712,selected,43056,2024-10-26T00:10:00.000000000,0.13054304075961026
F_TOP3,92712,selected,43200,2024-10-27T00:10:00.000000000,0.13559867317581625
F_TOP3,92712,selected,43344,2024-10-28T00:10:00.000000000,0.1201815315964774
F_TOP3,92712,selected,43488,2024-10-29T00:10:00.000000000,0.1525900055233508
F_TOP3,92712,selected,43632,2024-10-30T00:10:00.000000000,0.1417747236930614
F_TOP3,92712,selected,43776,2024-10-31T00:10:00.000000000,0.11942633390403547
F_TOP3,92712,selected,43920,2024-11-01T00:10:00.000000000,0.14247818953339686
F_TOP3,92712,selected,44064,2024-11-02T00:10:00.000000000,0.3255200108310377
F_TOP3,92712,selected,44208,2024-11-03T00:10:00.000000000,0.15960035367062797
F_TOP3,92712,selected,44352,2024-11-04T00:10:00.000000000,0.1920247365627072
F_TOP3,92712,selected,44496,2024-11-05T00:10:00.000000000,0.1248388404129342
F_TOP3,92712,selected,44640,2024-11-06T00:10:00.000000000,0.1930621953820825
F_TOP3,92712,selected,44784,2024-11-07T00:10:00.000000000,0.18335217150833652
F_TOP3,92712,selected,44928,2024-11-08T00:10:00.000000000,0.13593005895196308
F_TOP3,92712,selected,45072,2024-11-09T00:10:00.000000000,0.18407406485504968
F_TOP3,92712,selected,45216,2024-11-10T00:10:00.000000000,0.12394744594283819
F_TOP3,92712,selected,45360,2024-11-11T00:10:00.000000000,0.19945773294758515
F_TOP3,92712,selected,45504,2024-11-12T00:10:00.000000000,0.2162442371913401
F_TOP3,92712,selected,45648,2024-11-13T00:10:00.000000000,0.12108098395917927
F_TOP3,92712,selected,45792,2024-11-14T00:10:00.000000000,0.20355149064054648
F_TOP3,92712,selected,45936,2024-11-15T00:10:00.000000000,0.13314374903505607
F_TOP3,92712,selected,46080,2024-11-16T00:10:00.000000000,0.13776258640994146
F_TOP3,92712,selected,46224,2024-11-17T00:10:00.000000000,0.1566861668121768
F_TOP3,92712,selected,46368,2024-11-18T00:10:00.000000000,0.156953853346425
F_TOP3,92712,selected,46512,2024-11-19T00:10:00.000000000,0.46240768063263327
F_TOP3,92712,selected,46656,2024-11-20T00:10:00.000000000,0.1467156724984932
F_TOP3,92712,selected,46800,2024-11-21T00:10:00.000000000,0.1788380366470149
F_TOP3,92712,selected,46944,2024-11-22T00:10:00.000000000,0.17992211812807085
F_TOP3,92712,selected,47088,2024-11-23T00:10:00.000000000,0.18040175486137563
F_TOP3,92712,selected,47232,2024-11-24T00:10:00.000000000,0.31719860202490896
F_TOP3,92712,selected,47376,2024-11-25T00:10:00.000000000,0.19201416026590246
F_TOP3,92712,selected,47520,2024-11-26T00:10:00.000000000,0.29135535844429156
F_TOP3,92712,selected,47664,2024-11-27T00:10:00.000000000,0.21910127432323656
F_TOP3,92712,selected,47808,2024-11-28T00:10:00.000000000,0.24867791104926407
F_TOP3,92712,selected,47952,2024-11-29T00:10:00.000000000,0.17041651117309908
F_TOP3,92712,selected,48096,2024-11-30T00:10:00.000000000,0.1508162464138483
F_TOP3,92712,selected,48240,2024-12-01T00:10:00.000000000,0.14518379366514253
F_TOP3,92712,selected,48384,2024-12-02T00:10:00.000000000,0.15133326252922594
F_TOP3,92712,selected,48528,2024-12-03T00:10:00.000000000,0.17511131178686765
F_TOP3,92712,selected,48672,2024-12-04T00:10:00.000000000,0.11008086334427651
F_TOP3,92712,selected,48816,2024-12-05T00:10:00.000000000,0.21692508497094623
F_TOP3,92712,selected,48960,2024-12-06T00:10:00.000000000,0.2737351109596901
F_TOP3,92712,selected,49104,2024-12-07T00:10:00.000000000,0.24168323247235435
F_TOP3,92712,selected,49248,2024-12-08T00:10:00.000000000,0.2660382784383932
F_TOP3,92712,selected,49392,2024-12-09T00:10:00.000000000,0.18539703102091218
F_TOP3,92712,selected,49536,2024-12-10T00:10:00.000000000,0.13033164643158268
F_TOP3,92712,selected,49680,2024-12-11T00:10:00.000000000,0.14446309694925102
F_TOP3,92712,selected,49824,2024-12-12T00:10:00.000000000,0.10452145081615252
F_TOP3,92712,selected,49968,2024-12-13T00:10:00.000000000,0.12135117126760625
F_TOP3,92712,selected,50112,2024-12-14T00:10:00.000000000,0.11384129726150627
F_TOP3,92712,selected,50256,2024-12-15T00:10:00.000000000,0.1914583549927606
F_TOP3,92712,selected,50400,2024-12-16T00:10:00.000000000,0.161581941778824
F_TOP3,92712,selected,50544,2024-12-17T00:10:00.000000000,0.09098591191810093
F_TOP3,92712,selected,50688,2024-12-18T00:10:00.000000000,0.31603837207192836
F_TOP3,92712,selected,50832,2024-12-19T00:10:00.000000000,0.3061870932387475
F_TOP3,92712,selected,50976,2024-12-20T00:10:00.000000000,0.11859920353985143
F_TOP3,92712,selected,51120,2024-12-21T00:10:00.000000000,0.28950248715939153
F_TOP3,92712,selected,51264,2024-12-22T00:10:00.000000000,0.2628536431743048
F_TOP3,92712,selected,51408,2024-12-23T00:10:00.000000000,0.14334382731264222
F_TOP3,92712,selected,51552,2024-12-24T00:10:00.000000000,0.11901582789001655
F_TOP3,92712,selected,51696,2024-12-25T00:10:00.000000000,0.13844991433239398
F_TOP3,92712,selected,51840,2024-12-26T00:10:00.000000000,0.15353422294780536
F_TOP3,92712,selected,51984,2024-12-27T00:10:00.000000000,0.19321514404068646
F_TOP3,92712,selected,52128,2024-12-28T00:10:00.000000000,0.13839010352231118
F_TOP3,92712,selected,52272,2024-12-29T00:10:00.000000000,0.16408922908146995
F_TOP3,92712,selected,52416,2024-12-30T00:10:00.000000000,0.13816899922149478
F_TOP3,92712,selected,52560,2024-12-31T00:10:00.000000000,0.11647783302382922
E_EMLOC,92712,selected,42048,2024-10-19T00:10:00.000000000,0.13122074775085468
E_EMLOC,92712,selected,42192,2024-10-20T00:10:00.000000000,0.10168671016315566
E_EMLOC,92712,selected,42336,2024-10-21T00:10:00.000000000,0.11102218659938747
E_EMLOC,92712,selected,42480,2024-10-22T00:10:00.000000000,0.2633534210975461
E_EMLOC,92712,selected,42624,2024-10-23T00:10:00.000000000,0.13427725984832933
E_EMLOC,92712,selected,42768,2024-10-24T00:10:00.000000000,0.18532138568954917
E_EMLOC,92712,selected,42912,2024-10-25T00:10:00.000000000,0.11824694710482059
E_EMLOC,92712,selected,43056,2024-10-26T00:10:00.000000000,0.12995189883417724
E_EMLOC,92712,selected,43200,2024-10-27T00:10:00.000000000,0.1307916197670049
E_EMLOC,92712,selected,43344,2024-10-28T00:10:00.000000000,0.11953702662046972
E_EMLOC,92712,selected,43488,2024-10-29T00:10:00.000000000,0.15296715692157895
E_EMLOC,92712,selected,43632,2024-10-30T00:10:00.000000000,0.14916071792991975
E_EMLOC,92712,selected,43776,2024-10-31T00:10:00.000000000,0.12110183393072632
E_EMLOC,92712,selected,43920,2024-11-01T00:10:00.000000000,0.13273292170237938
E_EMLOC,92712,selected,44064,2024-11-02T00:10:00.000000000,0.3463352385287039
E_EMLOC,92712,selected,44208,2024-11-03T00:10:00.000000000,0.15838801063228886
E_EMLOC,92712,selected,44352,2024-11-04T00:10:00.000000000,0.18963557362674788
E_EMLOC,92712,selected,44496,2024-11-05T00:10:00.000000000,0.11803929605912857
E_EMLOC,92712,selected,44640,2024-11-06T00:10:00.000000000,0.1984518710208839
E_EMLOC,92712,selected,44784,2024-11-07T00:10:00.000000000,0.1999880322913452
E_EMLOC,92712,selected,44928,2024-11-08T00:10:00.000000000,0.1355660607000157
E_EMLOC,92712,selected,45072,2024-11-09T00:10:00.000000000,0.19795878416629747
E_EMLOC,92712,selected,45216,2024-11-10T00:10:00.000000000,0.13373229136814063
E_EMLOC,92712,selected,45360,2024-11-11T00:10:00.000000000,0.20534519427348685
E_EMLOC,92712,selected,45504,2024-11-12T00:10:00.000000000,0.21858638154698398
E_EMLOC,92712,selected,45648,2024-11-13T00:10:00.000000000,0.11430627758427146
E_EMLOC,92712,selected,45792,2024-11-14T00:10:00.000000000,0.19968797182456058
E_EMLOC,92712,selected,45936,2024-11-15T00:10:00.000000000,0.12472844378927997
E_EMLOC,92712,selected,46080,2024-11-16T00:10:00.000000000,0.13352001257846496
E_EMLOC,92712,selected,46224,2024-11-17T00:10:00.000000000,0.15375820253081737
E_EMLOC,92712,selected,46368,2024-11-18T00:10:00.000000000,0.1613205037777838
E_EMLOC,92712,selected,46512,2024-11-19T00:10:00.000000000,0.4641388493379677
E_EMLOC,92712,selected,46656,2024-11-20T00:10:00.000000000,0.14532969316886143
E_EMLOC,92712,selected,46800,2024-11-21T00:10:00.000000000,0.16966220117182637
E_EMLOC,92712,selected,46944,2024-11-22T00:10:00.000000000,0.18683492000849508
E_EMLOC,92712,selected,47088,2024-11-23T00:10:00.000000000,0.1983227520609401
E_EMLOC,92712,selected,47232,2024-11-24T00:10:00.000000000,0.3157283712706442
E_EMLOC,92712,selected,47376,2024-11-25T00:10:00.000000000,0.18143268913925775
E_EMLOC,92712,selected,47520,2024-11-26T00:10:00.000000000,0.28104458700167645
E_EMLOC,92712,selected,47664,2024-11-27T00:10:00.000000000,0.21741578868622438
E_EMLOC,92712,selected,47808,2024-11-28T00:10:00.000000000,0.27021823221412217
E_EMLOC,92712,selected,47952,2024-11-29T00:10:00.000000000,0.17397248660885417
E_EMLOC,92712,selected,48096,2024-11-30T00:10:00.000000000,0.15911912728903874
E_EMLOC,92712,selected,48240,2024-12-01T00:10:00.000000000,0.12763287509838928
E_EMLOC,92712,selected,48384,2024-12-02T00:10:00.000000000,0.1517990657354967
E_EMLOC,92712,selected,48528,2024-12-03T00:10:00.000000000,0.18324393443555503
E_EMLOC,92712,selected,48672,2024-12-04T00:10:00.000000000,0.11212804143924389
E_EMLOC,92712,selected,48816,2024-12-05T00:10:00.000000000,0.2235310007528929
E_EMLOC,92712,selected,48960,2024-12-06T00:10:00.000000000,0.2744100997669839
E_EMLOC,92712,selected,49104,2024-12-07T00:10:00.000000000,0.25020578062538207
E_EMLOC,92712,selected,49248,2024-12-08T00:10:00.000000000,0.27172437648615116
E_EMLOC,92712,selected,49392,2024-12-09T00:10:00.000000000,0.19931777315772387
E_EMLOC,92712,selected,49536,2024-12-10T00:10:00.000000000,0.12262899178197438
E_EMLOC,92712,selected,49680,2024-12-11T00:10:00.000000000,0.1499456321700569
E_EMLOC,92712,selected,49824,2024-12-12T00:10:00.000000000,0.10252721152985288
E_EMLOC,92712,selected,49968,2024-12-13T00:10:00.000000000,0.12047125291391242
E_EMLOC,92712,selected,50112,2024-12-14T00:10:00.000000000,0.12290656238544188
E_EMLOC,92712,selected,50256,2024-12-15T00:10:00.000000000,0.18021666993487886
E_EMLOC,92712,selected,50400,2024-12-16T00:10:00.000000000,0.15934191135394674
E_EMLOC,92712,selected,50544,2024-12-17T00:10:00.000000000,0.09357910705033382
E_EMLOC,92712,selected,50688,2024-12-18T00:10:00.000000000,0.3085220826964317
E_EMLOC,92712,selected,50832,2024-12-19T00:10:00.000000000,0.29336667012986695
E_EMLOC,92712,selected,50976,2024-12-20T00:10:00.000000000,0.11491106817503446
E_EMLOC,92712,selected,51120,2024-12-21T00:10:00.000000000,0.27833656465572837
E_EMLOC,92712,selected,51264,2024-12-22T00:10:00.000000000,0.2621791638961851
E_EMLOC,92712,selected,51408,2024-12-23T00:10:00.000000000,0.1356632291908729
E_EMLOC,92712,selected,51552,2024-12-24T00:10:00.000000000,0.11555775019102893
E_EMLOC,92712,selected,51696,2024-12-25T00:10:00.000000000,0.13176063432644997
E_EMLOC,92712,selected,51840,2024-12-26T00:10:00.000000000,0.159725751480752
E_EMLOC,92712,selected,51984,2024-12-27T00:10:00.000000000,0.17801732956968058
E_EMLOC,92712,selected,52128,2024-12-28T00:10:00.000000000,0.1518196126839094
E_EMLOC,92712,selected,52272,2024-12-29T00:10:00.000000000,0.1635130101658803
E_EMLOC,92712,selected,52416,2024-12-30T00:10:00.000000000,0.13295751112649537
E_EMLOC,92712,selected,52560,2024-12-31T00:10:00.000000000,0.11406799717386236
E_DELTA,92712,selected,42048,2024-10-19T00:10:00.000000000,0.1318225493519283
E_DELTA,92712,selected,42192,2024-10-20T00:10:00.000000000,0.10240887737640192
E_DELTA,92712,selected,42336,2024-10-21T00:10:00.000000000,0.11142614854292307
E_DELTA,92712,selected,42480,2024-10-22T00:10:00.000000000,0.26232170912634495
E_DELTA,92712,selected,42624,2024-10-23T00:10:00.000000000,0.1342170325016967
E_DELTA,92712,selected,42768,2024-10-24T00:10:00.000000000,0.1808342529423752
E_DELTA,92712,selected,42912,2024-10-25T00:10:00.000000000,0.11551479671909745
E_DELTA,92712,selected,43056,2024-10-26T00:10:00.000000000,0.13013279940767036
E_DELTA,92712,selected,43200,2024-10-27T00:10:00.000000000,0.12941089143450177
E_DELTA,92712,selected,43344,2024-10-28T00:10:00.000000000,0.11954627878931894
E_DELTA,92712,selected,43488,2024-10-29T00:10:00.000000000,0.15415478147565137
E_DELTA,92712,selected,43632,2024-10-30T00:10:00.000000000,0.14898491230463562
E_DELTA,92712,selected,43776,2024-10-31T00:10:00.000000000,0.1201038399790666
E_DELTA,92712,selected,43920,2024-11-01T00:10:00.000000000,0.13588330818156047
E_DELTA,92712,selected,44064,2024-11-02T00:10:00.000000000,0.3443208677803494
E_DELTA,92712,selected,44208,2024-11-03T00:10:00.000000000,0.1590334174134763
E_DELTA,92712,selected,44352,2024-11-04T00:10:00.000000000,0.19159844193720071
E_DELTA,92712,selected,44496,2024-11-05T00:10:00.000000000,0.11883771030339324
E_DELTA,92712,selected,44640,2024-11-06T00:10:00.000000000,0.19994059006705836
E_DELTA,92712,selected,44784,2024-11-07T00:10:00.000000000,0.1993816515700554
E_DELTA,92712,selected,44928,2024-11-08T00:10:00.000000000,0.1366119399521096
E_DELTA,92712,selected,45072,2024-11-09T00:10:00.000000000,0.19736842311306038
E_DELTA,92712,selected,45216,2024-11-10T00:10:00.000000000,0.13627276904172625
E_DELTA,92712,selected,45360,2024-11-11T00:10:00.000000000,0.20720336609709256
E_DELTA,92712,selected,45504,2024-11-12T00:10:00.000000000,0.2228190300636404
E_DELTA,92712,selected,45648,2024-11-13T00:10:00.000000000,0.11734932287809166
E_DELTA,92712,selected,45792,2024-11-14T00:10:00.000000000,0.20008092130606844
E_DELTA,92712,selected,45936,2024-11-15T00:10:00.000000000,0.12622527154565866
E_DELTA,92712,selected,46080,2024-11-16T00:10:00.000000000,0.13696591108117984
E_DELTA,92712,selected,46224,2024-11-17T00:10:00.000000000,0.1545117360782243
E_DELTA,92712,selected,46368,2024-11-18T00:10:00.000000000,0.16129174771123833
E_DELTA,92712,selected,46512,2024-11-19T00:10:00.000000000,0.46063955517819
E_DELTA,92712,selected,46656,2024-11-20T00:10:00.000000000,0.14841084674960053
E_DELTA,92712,selected,46800,2024-11-21T00:10:00.000000000,0.17329349748442116
E_DELTA,92712,selected,46944,2024-11-22T00:10:00.000000000,0.18328414028914772
E_DELTA,92712,selected,47088,2024-11-23T00:10:00.000000000,0.19140068075604164
E_DELTA,92712,selected,47232,2024-11-24T00:10:00.000000000,0.3088640469321266
E_DELTA,92712,selected,47376,2024-11-25T00:10:00.000000000,0.17967416510576212
E_DELTA,92712,selected,47520,2024-11-26T00:10:00.000000000,0.2908782666691754
E_DELTA,92712,selected,47664,2024-11-27T00:10:00.000000000,0.21533494307882775
E_DELTA,92712,selected,47808,2024-11-28T00:10:00.000000000,0.2659693405370005
E_DELTA,92712,selected,47952,2024-11-29T00:10:00.000000000,0.17611130422143878
E_DELTA,92712,selected,48096,2024-11-30T00:10:00.000000000,0.15539663187398237
E_DELTA,92712,selected,48240,2024-12-01T00:10:00.000000000,0.1321730478617379
E_DELTA,92712,selected,48384,2024-12-02T00:10:00.000000000,0.15006769038959536
E_DELTA,92712,selected,48528,2024-12-03T00:10:00.000000000,0.18070964793558222
E_DELTA,92712,selected,48672,2024-12-04T00:10:00.000000000,0.11282697646789897
E_DELTA,92712,selected,48816,2024-12-05T00:10:00.000000000,0.21983901934781774
E_DELTA,92712,selected,48960,2024-12-06T00:10:00.000000000,0.2682748884213181
E_DELTA,92712,selected,49104,2024-12-07T00:10:00.000000000,0.24802924063286166
E_DELTA,92712,selected,49248,2024-12-08T00:10:00.000000000,0.2699728398745669
E_DELTA,92712,selected,49392,2024-12-09T00:10:00.000000000,0.19953865709747673
E_DELTA,92712,selected,49536,2024-12-10T00:10:00.000000000,0.12445488987678839
E_DELTA,92712,selected,49680,2024-12-11T00:10:00.000000000,0.15026161664926221
E_DELTA,92712,selected,49824,2024-12-12T00:10:00.000000000,0.10269863923074507
E_DELTA,92712,selected,49968,2024-12-13T00:10:00.000000000,0.12010042234992908
E_DELTA,92712,selected,50112,2024-12-14T00:10:00.000000000,0.12334237630694046
E_DELTA,92712,selected,50256,2024-12-15T00:10:00.000000000,0.18361745787197567
E_DELTA,92712,selected,50400,2024-12-16T00:10:00.000000000,0.16228383719634512
E_DELTA,92712,selected,50544,2024-12-17T00:10:00.000000000,0.09313185540880686
E_DELTA,92712,selected,50688,2024-12-18T00:10:00.000000000,0.3100635546046791
E_DELTA,92712,selected,50832,2024-12-19T00:10:00.000000000,0.29444988492795665
E_DELTA,92712,selected,50976,2024-12-20T00:10:00.000000000,0.11646152348348668
E_DELTA,92712,selected,51120,2024-12-21T00:10:00.000000000,0.2763798284933744
E_DELTA,92712,selected,51264,2024-12-22T00:10:00.000000000,0.25664024530092244
E_DELTA,92712,selected,51408,2024-12-23T00:10:00.000000000,0.13887508596017376
E_DELTA,92712,selected,51552,2024-12-24T00:10:00.000000000,0.11640097604346382
E_DELTA,92712,selected,51696,2024-12-25T00:10:00.000000000,0.13249086159473597
E_DELTA,92712,selected,51840,2024-12-26T00:10:00.000000000,0.16246276475138405
E_DELTA,92712,selected,51984,2024-12-27T00:10:00.000000000,0.18304957786578688
E_DELTA,92712,selected,52128,2024-12-28T00:10:00.000000000,0.14769572166390402
E_DELTA,92712,selected,52272,2024-12-29T00:10:00.000000000,0.16536894671185282
E_DELTA,92712,selected,52416,2024-12-30T00:10:00.000000000,0.13207385669928187
E_DELTA,92712,selected,52560,2024-12-31T00:10:00.000000000,0.113297130807736
E_VALUE_DELTA,92712,selected,42048,2024-10-19T00:10:00.000000000,0.12823277113979673
E_VALUE_DELTA,92712,selected,42192,2024-10-20T00:10:00.000000000,0.10119528659428263
E_VALUE_DELTA,92712,selected,42336,2024-10-21T00:10:00.000000000,0.1133073904130035
E_VALUE_DELTA,92712,selected,42480,2024-10-22T00:10:00.000000000,0.26374117139293973
E_VALUE_DELTA,92712,selected,42624,2024-10-23T00:10:00.000000000,0.13800969886825515
E_VALUE_DELTA,92712,selected,42768,2024-10-24T00:10:00.000000000,0.17739830637434337
E_VALUE_DELTA,92712,selected,42912,2024-10-25T00:10:00.000000000,0.11282508148610895
E_VALUE_DELTA,92712,selected,43056,2024-10-26T00:10:00.000000000,0.1282634741401587
E_VALUE_DELTA,92712,selected,43200,2024-10-27T00:10:00.000000000,0.1312881116586983
E_VALUE_DELTA,92712,selected,43344,2024-10-28T00:10:00.000000000,0.1186765344077713
E_VALUE_DELTA,92712,selected,43488,2024-10-29T00:10:00.000000000,0.15493520739087327
E_VALUE_DELTA,92712,selected,43632,2024-10-30T00:10:00.000000000,0.14732783893193963
E_VALUE_DELTA,92712,selected,43776,2024-10-31T00:10:00.000000000,0.11951932732672868
E_VALUE_DELTA,92712,selected,43920,2024-11-01T00:10:00.000000000,0.13408793935278973
E_VALUE_DELTA,92712,selected,44064,2024-11-02T00:10:00.000000000,0.3333232692139195
E_VALUE_DELTA,92712,selected,44208,2024-11-03T00:10:00.000000000,0.1578433039104051
E_VALUE_DELTA,92712,selected,44352,2024-11-04T00:10:00.000000000,0.19920994926822969
E_VALUE_DELTA,92712,selected,44496,2024-11-05T00:10:00.000000000,0.11957994339019558
E_VALUE_DELTA,92712,selected,44640,2024-11-06T00:10:00.000000000,0.19888555666103608
E_VALUE_DELTA,92712,selected,44784,2024-11-07T00:10:00.000000000,0.20245950291723125
E_VALUE_DELTA,92712,selected,44928,2024-11-08T00:10:00.000000000,0.13726303240215904
E_VALUE_DELTA,92712,selected,45072,2024-11-09T00:10:00.000000000,0.19556172252396886
E_VALUE_DELTA,92712,selected,45216,2024-11-10T00:10:00.000000000,0.1312684147732006
E_VALUE_DELTA,92712,selected,45360,2024-11-11T00:10:00.000000000,0.2034009773917231
E_VALUE_DELTA,92712,selected,45504,2024-11-12T00:10:00.000000000,0.2267206047167812
E_VALUE_DELTA,92712,selected,45648,2024-11-13T00:10:00.000000000,0.11965697442982719
E_VALUE_DELTA,92712,selected,45792,2024-11-14T00:10:00.000000000,0.2012613527766272
E_VALUE_DELTA,92712,selected,45936,2024-11-15T00:10:00.000000000,0.1274681532752386
E_VALUE_DELTA,92712,selected,46080,2024-11-16T00:10:00.000000000,0.13868531290011749
E_VALUE_DELTA,92712,selected,46224,2024-11-17T00:10:00.000000000,0.1521137937252559
E_VALUE_DELTA,92712,selected,46368,2024-11-18T00:10:00.000000000,0.15980876414625916
E_VALUE_DELTA,92712,selected,46512,2024-11-19T00:10:00.000000000,0.4600300918401556
E_VALUE_DELTA,92712,selected,46656,2024-11-20T00:10:00.000000000,0.15351522234589238
E_VALUE_DELTA,92712,selected,46800,2024-11-21T00:10:00.000000000,0.17718305893553424
E_VALUE_DELTA,92712,selected,46944,2024-11-22T00:10:00.000000000,0.1836239465323977
E_VALUE_DELTA,92712,selected,47088,2024-11-23T00:10:00.000000000,0.18856348066764558
E_VALUE_DELTA,92712,selected,47232,2024-11-24T00:10:00.000000000,0.3020797276217896
E_VALUE_DELTA,92712,selected,47376,2024-11-25T00:10:00.000000000,0.1781540986587419
E_VALUE_DELTA,92712,selected,47520,2024-11-26T00:10:00.000000000,0.28722393537469976
E_VALUE_DELTA,92712,selected,47664,2024-11-27T00:10:00.000000000,0.21508573342699067
E_VALUE_DELTA,92712,selected,47808,2024-11-28T00:10:00.000000000,0.26451868756689034
E_VALUE_DELTA,92712,selected,47952,2024-11-29T00:10:00.000000000,0.17823101008612377
E_VALUE_DELTA,92712,selected,48096,2024-11-30T00:10:00.000000000,0.15227358463115034
E_VALUE_DELTA,92712,selected,48240,2024-12-01T00:10:00.000000000,0.13876355140079324
E_VALUE_DELTA,92712,selected,48384,2024-12-02T00:10:00.000000000,0.1482863865300986
E_VALUE_DELTA,92712,selected,48528,2024-12-03T00:10:00.000000000,0.177380107482269
E_VALUE_DELTA,92712,selected,48672,2024-12-04T00:10:00.000000000,0.11321758037556733
E_VALUE_DELTA,92712,selected,48816,2024-12-05T00:10:00.000000000,0.21851663267823765
E_VALUE_DELTA,92712,selected,48960,2024-12-06T00:10:00.000000000,0.2609501142739863
E_VALUE_DELTA,92712,selected,49104,2024-12-07T00:10:00.000000000,0.2499497286796928
E_VALUE_DELTA,92712,selected,49248,2024-12-08T00:10:00.000000000,0.2690387359161819
E_VALUE_DELTA,92712,selected,49392,2024-12-09T00:10:00.000000000,0.19789405839787397
E_VALUE_DELTA,92712,selected,49536,2024-12-10T00:10:00.000000000,0.12520656614918155
E_VALUE_DELTA,92712,selected,49680,2024-12-11T00:10:00.000000000,0.14983305588695184
E_VALUE_DELTA,92712,selected,49824,2024-12-12T00:10:00.000000000,0.10505551599379052
E_VALUE_DELTA,92712,selected,49968,2024-12-13T00:10:00.000000000,0.11927256903214903
E_VALUE_DELTA,92712,selected,50112,2024-12-14T00:10:00.000000000,0.12005642398397498
E_VALUE_DELTA,92712,selected,50256,2024-12-15T00:10:00.000000000,0.1842429144782987
E_VALUE_DELTA,92712,selected,50400,2024-12-16T00:10:00.000000000,0.16163716505604142
E_VALUE_DELTA,92712,selected,50544,2024-12-17T00:10:00.000000000,0.09253730488671792
E_VALUE_DELTA,92712,selected,50688,2024-12-18T00:10:00.000000000,0.31279451033258543
E_VALUE_DELTA,92712,selected,50832,2024-12-19T00:10:00.000000000,0.29417373934581803
E_VALUE_DELTA,92712,selected,50976,2024-12-20T00:10:00.000000000,0.11698147175512885
E_VALUE_DELTA,92712,selected,51120,2024-12-21T00:10:00.000000000,0.28100027379545944
E_VALUE_DELTA,92712,selected,51264,2024-12-22T00:10:00.000000000,0.2637889924278453
E_VALUE_DELTA,92712,selected,51408,2024-12-23T00:10:00.000000000,0.1422658482701176
E_VALUE_DELTA,92712,selected,51552,2024-12-24T00:10:00.000000000,0.11616798141856503
E_VALUE_DELTA,92712,selected,51696,2024-12-25T00:10:00.000000000,0.13008103508903476
E_VALUE_DELTA,92712,selected,51840,2024-12-26T00:10:00.000000000,0.1660102988606611
E_VALUE_DELTA,92712,selected,51984,2024-12-27T00:10:00.000000000,0.18841268208176784
E_VALUE_DELTA,92712,selected,52128,2024-12-28T00:10:00.000000000,0.1419970313754456
E_VALUE_DELTA,92712,selected,52272,2024-12-29T00:10:00.000000000,0.17219635535467762
E_VALUE_DELTA,92712,selected,52416,2024-12-30T00:10:00.000000000,0.136208197800792
E_VALUE_DELTA,92712,selected,52560,2024-12-31T00:10:00.000000000,0.11469142947524433
E_RESPONSE_DELTA,92712,selected,42048,2024-10-19T00:10:00.000000000,0.13148661819434157
E_RESPONSE_DELTA,92712,selected,42192,2024-10-20T00:10:00.000000000,0.10125191672556917
E_RESPONSE_DELTA,92712,selected,42336,2024-10-21T00:10:00.000000000,0.11253807194048122
E_RESPONSE_DELTA,92712,selected,42480,2024-10-22T00:10:00.000000000,0.26295131523816245
E_RESPONSE_DELTA,92712,selected,42624,2024-10-23T00:10:00.000000000,0.13667782224701075
E_RESPONSE_DELTA,92712,selected,42768,2024-10-24T00:10:00.000000000,0.18176137824577906
E_RESPONSE_DELTA,92712,selected,42912,2024-10-25T00:10:00.000000000,0.1145236207370116
E_RESPONSE_DELTA,92712,selected,43056,2024-10-26T00:10:00.000000000,0.12918084031716584
E_RESPONSE_DELTA,92712,selected,43200,2024-10-27T00:10:00.000000000,0.12895263194105816
E_RESPONSE_DELTA,92712,selected,43344,2024-10-28T00:10:00.000000000,0.11864514995780344
E_RESPONSE_DELTA,92712,selected,43488,2024-10-29T00:10:00.000000000,0.15402343506498375
E_RESPONSE_DELTA,92712,selected,43632,2024-10-30T00:10:00.000000000,0.147243026157429
E_RESPONSE_DELTA,92712,selected,43776,2024-10-31T00:10:00.000000000,0.12052171574872264
E_RESPONSE_DELTA,92712,selected,43920,2024-11-01T00:10:00.000000000,0.1359608902959377
E_RESPONSE_DELTA,92712,selected,44064,2024-11-02T00:10:00.000000000,0.3342888557817644
E_RESPONSE_DELTA,92712,selected,44208,2024-11-03T00:10:00.000000000,0.1561032236303505
E_RESPONSE_DELTA,92712,selected,44352,2024-11-04T00:10:00.000000000,0.19315350605719067
E_RESPONSE_DELTA,92712,selected,44496,2024-11-05T00:10:00.000000000,0.11778698641856458
E_RESPONSE_DELTA,92712,selected,44640,2024-11-06T00:10:00.000000000,0.1947388430323016
E_RESPONSE_DELTA,92712,selected,44784,2024-11-07T00:10:00.000000000,0.20231473170579786
E_RESPONSE_DELTA,92712,selected,44928,2024-11-08T00:10:00.000000000,0.13533109444705177
E_RESPONSE_DELTA,92712,selected,45072,2024-11-09T00:10:00.000000000,0.19820344425611
E_RESPONSE_DELTA,92712,selected,45216,2024-11-10T00:10:00.000000000,0.13034328542009735
E_RESPONSE_DELTA,92712,selected,45360,2024-11-11T00:10:00.000000000,0.2062035615661138
E_RESPONSE_DELTA,92712,selected,45504,2024-11-12T00:10:00.000000000,0.2283008460699732
E_RESPONSE_DELTA,92712,selected,45648,2024-11-13T00:10:00.000000000,0.1219248273122379
E_RESPONSE_DELTA,92712,selected,45792,2024-11-14T00:10:00.000000000,0.19981420334261227
E_RESPONSE_DELTA,92712,selected,45936,2024-11-15T00:10:00.000000000,0.12795508226449312
E_RESPONSE_DELTA,92712,selected,46080,2024-11-16T00:10:00.000000000,0.1363676319642388
E_RESPONSE_DELTA,92712,selected,46224,2024-11-17T00:10:00.000000000,0.15241082054444735
E_RESPONSE_DELTA,92712,selected,46368,2024-11-18T00:10:00.000000000,0.16029415583870552
E_RESPONSE_DELTA,92712,selected,46512,2024-11-19T00:10:00.000000000,0.46007745050128446
E_RESPONSE_DELTA,92712,selected,46656,2024-11-20T00:10:00.000000000,0.15308658475657094
E_RESPONSE_DELTA,92712,selected,46800,2024-11-21T00:10:00.000000000,0.17905446223708105
E_RESPONSE_DELTA,92712,selected,46944,2024-11-22T00:10:00.000000000,0.18346654920739575
E_RESPONSE_DELTA,92712,selected,47088,2024-11-23T00:10:00.000000000,0.1871305320143043
E_RESPONSE_DELTA,92712,selected,47232,2024-11-24T00:10:00.000000000,0.3066167037489538
E_RESPONSE_DELTA,92712,selected,47376,2024-11-25T00:10:00.000000000,0.18142575280028733
E_RESPONSE_DELTA,92712,selected,47520,2024-11-26T00:10:00.000000000,0.28382375933637694
E_RESPONSE_DELTA,92712,selected,47664,2024-11-27T00:10:00.000000000,0.21475853945333276
E_RESPONSE_DELTA,92712,selected,47808,2024-11-28T00:10:00.000000000,0.2654871519107901
E_RESPONSE_DELTA,92712,selected,47952,2024-11-29T00:10:00.000000000,0.17657589722137737
E_RESPONSE_DELTA,92712,selected,48096,2024-11-30T00:10:00.000000000,0.15328333274373512
E_RESPONSE_DELTA,92712,selected,48240,2024-12-01T00:10:00.000000000,0.13470096171438697
E_RESPONSE_DELTA,92712,selected,48384,2024-12-02T00:10:00.000000000,0.14905263947079644
E_RESPONSE_DELTA,92712,selected,48528,2024-12-03T00:10:00.000000000,0.18100236379625065
E_RESPONSE_DELTA,92712,selected,48672,2024-12-04T00:10:00.000000000,0.11365599520890009
E_RESPONSE_DELTA,92712,selected,48816,2024-12-05T00:10:00.000000000,0.21800116057401006
E_RESPONSE_DELTA,92712,selected,48960,2024-12-06T00:10:00.000000000,0.2629246213758571
E_RESPONSE_DELTA,92712,selected,49104,2024-12-07T00:10:00.000000000,0.24593779515398304
E_RESPONSE_DELTA,92712,selected,49248,2024-12-08T00:10:00.000000000,0.26762262668108505
E_RESPONSE_DELTA,92712,selected,49392,2024-12-09T00:10:00.000000000,0.19704104705161238
E_RESPONSE_DELTA,92712,selected,49536,2024-12-10T00:10:00.000000000,0.12364212263752303
E_RESPONSE_DELTA,92712,selected,49680,2024-12-11T00:10:00.000000000,0.14943132774275222
E_RESPONSE_DELTA,92712,selected,49824,2024-12-12T00:10:00.000000000,0.1040762051403407
E_RESPONSE_DELTA,92712,selected,49968,2024-12-13T00:10:00.000000000,0.12002008057872457
E_RESPONSE_DELTA,92712,selected,50112,2024-12-14T00:10:00.000000000,0.11919979839086846
E_RESPONSE_DELTA,92712,selected,50256,2024-12-15T00:10:00.000000000,0.18683494351740065
E_RESPONSE_DELTA,92712,selected,50400,2024-12-16T00:10:00.000000000,0.16602222683584905
E_RESPONSE_DELTA,92712,selected,50544,2024-12-17T00:10:00.000000000,0.09404310798525697
E_RESPONSE_DELTA,92712,selected,50688,2024-12-18T00:10:00.000000000,0.3098233444938438
E_RESPONSE_DELTA,92712,selected,50832,2024-12-19T00:10:00.000000000,0.2931857691965548
E_RESPONSE_DELTA,92712,selected,50976,2024-12-20T00:10:00.000000000,0.11837328337637758
E_RESPONSE_DELTA,92712,selected,51120,2024-12-21T00:10:00.000000000,0.27654736319124085
E_RESPONSE_DELTA,92712,selected,51264,2024-12-22T00:10:00.000000000,0.26155557393301404
E_RESPONSE_DELTA,92712,selected,51408,2024-12-23T00:10:00.000000000,0.14268672134728488
E_RESPONSE_DELTA,92712,selected,51552,2024-12-24T00:10:00.000000000,0.11791877269241827
E_RESPONSE_DELTA,92712,selected,51696,2024-12-25T00:10:00.000000000,0.13051609398370095
E_RESPONSE_DELTA,92712,selected,51840,2024-12-26T00:10:00.000000000,0.15991801067552447
E_RESPONSE_DELTA,92712,selected,51984,2024-12-27T00:10:00.000000000,0.18530745175410937
E_RESPONSE_DELTA,92712,selected,52128,2024-12-28T00:10:00.000000000,0.14520620603137332
E_RESPONSE_DELTA,92712,selected,52272,2024-12-29T00:10:00.000000000,0.16715544087997522
E_RESPONSE_DELTA,92712,selected,52416,2024-12-30T00:10:00.000000000,0.13363848549835783
E_RESPONSE_DELTA,92712,selected,52560,2024-12-31T00:10:00.000000000,0.11439803754879418
E_EMLOC,92712,naive_transfer_same_step,42048,2024-10-19T00:10:00.000000000,0.13126647306787523
E_EMLOC,92712,naive_transfer_same_step,42192,2024-10-20T00:10:00.000000000,0.10233582601363109
E_EMLOC,92712,naive_transfer_same_step,42336,2024-10-21T00:10:00.000000000,0.11052536580671092
E_EMLOC,92712,naive_transfer_same_step,42480,2024-10-22T00:10:00.000000000,0.2637261361618777
E_EMLOC,92712,naive_transfer_same_step,42624,2024-10-23T00:10:00.000000000,0.1333563413697673
E_EMLOC,92712,naive_transfer_same_step,42768,2024-10-24T00:10:00.000000000,0.18604514662818594
E_EMLOC,92712,naive_transfer_same_step,42912,2024-10-25T00:10:00.000000000,0.11755336408230686
E_EMLOC,92712,naive_transfer_same_step,43056,2024-10-26T00:10:00.000000000,0.12978808999048813
E_EMLOC,92712,naive_transfer_same_step,43200,2024-10-27T00:10:00.000000000,0.1299829275858585
E_EMLOC,92712,naive_transfer_same_step,43344,2024-10-28T00:10:00.000000000,0.11952076608876114
E_EMLOC,92712,naive_transfer_same_step,43488,2024-10-29T00:10:00.000000000,0.15322649024321797
E_EMLOC,92712,naive_transfer_same_step,43632,2024-10-30T00:10:00.000000000,0.14912492768189944
E_EMLOC,92712,naive_transfer_same_step,43776,2024-10-31T00:10:00.000000000,0.12029712379215769
E_EMLOC,92712,naive_transfer_same_step,43920,2024-11-01T00:10:00.000000000,0.13298281962650668
E_EMLOC,92712,naive_transfer_same_step,44064,2024-11-02T00:10:00.000000000,0.34565957526554536
E_EMLOC,92712,naive_transfer_same_step,44208,2024-11-03T00:10:00.000000000,0.15741338001680122
E_EMLOC,92712,naive_transfer_same_step,44352,2024-11-04T00:10:00.000000000,0.189626025819954
E_EMLOC,92712,naive_transfer_same_step,44496,2024-11-05T00:10:00.000000000,0.11878683697200258
E_EMLOC,92712,naive_transfer_same_step,44640,2024-11-06T00:10:00.000000000,0.19845408403131828
E_EMLOC,92712,naive_transfer_same_step,44784,2024-11-07T00:10:00.000000000,0.19962154404408133
E_EMLOC,92712,naive_transfer_same_step,44928,2024-11-08T00:10:00.000000000,0.13592345610225268
E_EMLOC,92712,naive_transfer_same_step,45072,2024-11-09T00:10:00.000000000,0.19834538586808603
E_EMLOC,92712,naive_transfer_same_step,45216,2024-11-10T00:10:00.000000000,0.1336208670354746
E_EMLOC,92712,naive_transfer_same_step,45360,2024-11-11T00:10:00.000000000,0.20550880162789215
E_EMLOC,92712,naive_transfer_same_step,45504,2024-11-12T00:10:00.000000000,0.21904660660269415
E_EMLOC,92712,naive_transfer_same_step,45648,2024-11-13T00:10:00.000000000,0.11469587585584867
E_EMLOC,92712,naive_transfer_same_step,45792,2024-11-14T00:10:00.000000000,0.2003140553519734
E_EMLOC,92712,naive_transfer_same_step,45936,2024-11-15T00:10:00.000000000,0.12477688140305913
E_EMLOC,92712,naive_transfer_same_step,46080,2024-11-16T00:10:00.000000000,0.1337243735631713
E_EMLOC,92712,naive_transfer_same_step,46224,2024-11-17T00:10:00.000000000,0.15450129157380574
E_EMLOC,92712,naive_transfer_same_step,46368,2024-11-18T00:10:00.000000000,0.16126741256204782
E_EMLOC,92712,naive_transfer_same_step,46512,2024-11-19T00:10:00.000000000,0.4614656175616399
E_EMLOC,92712,naive_transfer_same_step,46656,2024-11-20T00:10:00.000000000,0.14691028714101895
E_EMLOC,92712,naive_transfer_same_step,46800,2024-11-21T00:10:00.000000000,0.17051588498336487
E_EMLOC,92712,naive_transfer_same_step,46944,2024-11-22T00:10:00.000000000,0.18554411429845466
E_EMLOC,92712,naive_transfer_same_step,47088,2024-11-23T00:10:00.000000000,0.19807909942796023
E_EMLOC,92712,naive_transfer_same_step,47232,2024-11-24T00:10:00.000000000,0.3128929877028655
E_EMLOC,92712,naive_transfer_same_step,47376,2024-11-25T00:10:00.000000000,0.18050714668118767
E_EMLOC,92712,naive_transfer_same_step,47520,2024-11-26T00:10:00.000000000,0.28378190394735703
E_EMLOC,92712,naive_transfer_same_step,47664,2024-11-27T00:10:00.000000000,0.2164811316394603
E_EMLOC,92712,naive_transfer_same_step,47808,2024-11-28T00:10:00.000000000,0.26929233741369785
E_EMLOC,92712,naive_transfer_same_step,47952,2024-11-29T00:10:00.000000000,0.1747947840555758
E_EMLOC,92712,naive_transfer_same_step,48096,2024-11-30T00:10:00.000000000,0.16001246303465316
E_EMLOC,92712,naive_transfer_same_step,48240,2024-12-01T00:10:00.000000000,0.12795550400367225
E_EMLOC,92712,naive_transfer_same_step,48384,2024-12-02T00:10:00.000000000,0.1515712141472531
E_EMLOC,92712,naive_transfer_same_step,48528,2024-12-03T00:10:00.000000000,0.18450167555233282
E_EMLOC,92712,naive_transfer_same_step,48672,2024-12-04T00:10:00.000000000,0.11242611433302553
E_EMLOC,92712,naive_transfer_same_step,48816,2024-12-05T00:10:00.000000000,0.22200412971761677
E_EMLOC,92712,naive_transfer_same_step,48960,2024-12-06T00:10:00.000000000,0.2747043270038259
E_EMLOC,92712,naive_transfer_same_step,49104,2024-12-07T00:10:00.000000000,0.24932308671462003
E_EMLOC,92712,naive_transfer_same_step,49248,2024-12-08T00:10:00.000000000,0.2723551270021221
E_EMLOC,92712,naive_transfer_same_step,49392,2024-12-09T00:10:00.000000000,0.20061679679297756
E_EMLOC,92712,naive_transfer_same_step,49536,2024-12-10T00:10:00.000000000,0.122878532648652
E_EMLOC,92712,naive_transfer_same_step,49680,2024-12-11T00:10:00.000000000,0.15023701202980425
E_EMLOC,92712,naive_transfer_same_step,49824,2024-12-12T00:10:00.000000000,0.10205227708224446
E_EMLOC,92712,naive_transfer_same_step,49968,2024-12-13T00:10:00.000000000,0.12049480789913422
E_EMLOC,92712,naive_transfer_same_step,50112,2024-12-14T00:10:00.000000000,0.12249690004061002
E_EMLOC,92712,naive_transfer_same_step,50256,2024-12-15T00:10:00.000000000,0.18003773680913995
E_EMLOC,92712,naive_transfer_same_step,50400,2024-12-16T00:10:00.000000000,0.15853894463542845
E_EMLOC,92712,naive_transfer_same_step,50544,2024-12-17T00:10:00.000000000,0.09423983075510692
E_EMLOC,92712,naive_transfer_same_step,50688,2024-12-18T00:10:00.000000000,0.3087553507258292
E_EMLOC,92712,naive_transfer_same_step,50832,2024-12-19T00:10:00.000000000,0.2916699601271723
E_EMLOC,92712,naive_transfer_same_step,50976,2024-12-20T00:10:00.000000000,0.11566967411669966
E_EMLOC,92712,naive_transfer_same_step,51120,2024-12-21T00:10:00.000000000,0.277104956744701
E_EMLOC,92712,naive_transfer_same_step,51264,2024-12-22T00:10:00.000000000,0.2632024831440032
E_EMLOC,92712,naive_transfer_same_step,51408,2024-12-23T00:10:00.000000000,0.13626919626940498
E_EMLOC,92712,naive_transfer_same_step,51552,2024-12-24T00:10:00.000000000,0.1151842849612668
E_EMLOC,92712,naive_transfer_same_step,51696,2024-12-25T00:10:00.000000000,0.13311765638916892
E_EMLOC,92712,naive_transfer_same_step,51840,2024-12-26T00:10:00.000000000,0.15999453058880078
E_EMLOC,92712,naive_transfer_same_step,51984,2024-12-27T00:10:00.000000000,0.17856556552128516
E_EMLOC,92712,naive_transfer_same_step,52128,2024-12-28T00:10:00.000000000,0.15314458145165086
E_EMLOC,92712,naive_transfer_same_step,52272,2024-12-29T00:10:00.000000000,0.1619006059645103
E_EMLOC,92712,naive_transfer_same_step,52416,2024-12-30T00:10:00.000000000,0.13239403581284512
E_EMLOC,92712,naive_transfer_same_step,52560,2024-12-31T00:10:00.000000000,0.11385869850330176
