channel,channel_index,feature,interpretation_scope,n,outcome,pearson,period,spearman
Robin_office_Addie,0,last,descriptive exposed-TEST diagnostic; no causal or routing claim,40,level_future_mean_signed_error,0.41399449448744813,test_a,0.4123827392120076
Robin_office_Addie,0,recent24_mean,descriptive exposed-TEST diagnostic; no causal or routing claim,40,level_future_mean_signed_error,0.575965664027669,test_a,0.5467166979362101
Robin_office_Addie,0,recent24_std,descriptive exposed-TEST diagnostic; no causal or routing claim,40,level_future_mean_signed_error,0.06986749414146767,test_a,0.04652908067542214
Robin_office_Addie,0,recent24_change,descriptive exposed-TEST diagnostic; no causal or routing claim,40,level_future_mean_signed_error,-0.03830774712564657,test_a,-0.027016885553470923
Robin_office_Addie,0,last,descriptive exposed-TEST diagnostic; no causal or routing claim,40,level_future_mse,-0.0845257415278773,test_a,-0.17335834896810506
Robin_office_Addie,0,recent24_mean,descriptive exposed-TEST diagnostic; no causal or routing claim,40,level_future_mse,-0.14041081057823723,test_a,-0.2131332082551595
Robin_office_Addie,0,recent24_std,descriptive exposed-TEST diagnostic; no causal or routing claim,40,level_future_mse,-0.10349560944803617,test_a,-0.07729831144465292
Robin_office_Addie,0,recent24_change,descriptive exposed-TEST diagnostic; no causal or routing claim,40,level_future_mse,0.19608648236839624,test_a,0.100375234521576
Robin_office_Adolph,1,last,descriptive exposed-TEST diagnostic; no causal or routing claim,40,level_future_mean_signed_error,0.13072751340656388,test_a,0.039962476547842414
Robin_office_Adolph,1,recent24_mean,descriptive exposed-TEST diagnostic; no causal or routing claim,40,level_future_mean_signed_error,0.23279324121256856,test_a,0.20844277673545966
Robin_office_Adolph,1,recent24_std,descriptive exposed-TEST diagnostic; no causal or routing claim,40,level_future_mean_signed_error,-0.08765975505391148,test_a,-0.07898686679174484
Robin_office_Adolph,1,recent24_change,descriptive exposed-TEST diagnostic; no causal or routing claim,40,level_future_mean_signed_error,-0.13990614522028666,test_a,-0.12701688555347093
Robin_office_Adolph,1,last,descriptive exposed-TEST diagnostic; no causal or routing claim,40,level_future_mse,-0.12821111127866164,test_a,0.0776735459662289
Robin_office_Adolph,1,recent24_mean,descriptive exposed-TEST diagnostic; no causal or routing claim,40,level_future_mse,-0.1231629866690883,test_a,0.1181988742964353
Robin_office_Adolph,1,recent24_std,descriptive exposed-TEST diagnostic; no causal or routing claim,40,level_future_mse,-0.22579369575025957,test_a,-0.2879924953095685
Robin_office_Adolph,1,recent24_change,descriptive exposed-TEST diagnostic; no causal or routing claim,40,level_future_mse,0.0631304231305023,test_a,0.07617260787992497
Robin_office_Antonina,2,last,descriptive exposed-TEST diagnostic; no causal or routing claim,40,level_future_mean_signed_error,-0.07157197336964892,test_a,-0.07692307692307694
Robin_office_Antonina,2,recent24_mean,descriptive exposed-TEST diagnostic; no causal or routing claim,40,level_future_mean_signed_error,-0.03557400015498179,test_a,-0.01106941838649156
Robin_office_Antonina,2,recent24_std,descriptive exposed-TEST diagnostic; no causal or routing claim,40,level_future_mean_signed_error,-0.13416574139128726,test_a,-0.1484052532833021
Robin_office_Antonina,2,recent24_change,descriptive exposed-TEST diagnostic; no causal or routing claim,40,level_future_mean_signed_error,0.08488339137643572,test_a,0.02607879924953096
Robin_office_Antonina,2,last,descriptive exposed-TEST diagnostic; no causal or routing claim,40,level_future_mse,0.11122917935954121,test_a,0.037898686679174495
Robin_office_Antonina,2,recent24_mean,descriptive exposed-TEST diagnostic; no causal or routing claim,40,level_future_mse,-0.01709425044399745,test_a,0.010694183864915574
Robin_office_Antonina,2,recent24_std,descriptive exposed-TEST diagnostic; no causal or routing claim,40,level_future_mse,0.22656457896752016,test_a,0.24202626641651034
Robin_office_Antonina,2,recent24_change,descriptive exposed-TEST diagnostic; no causal or routing claim,40,level_future_mse,0.21214878393772493,test_a,0.15984990619136966
Robin_office_Dina,3,last,descriptive exposed-TEST diagnostic; no causal or routing claim,40,level_future_mean_signed_error,-0.014359597359512399,test_a,-0.2654784240150094
Robin_office_Dina,3,recent24_mean,descriptive exposed-TEST diagnostic; no causal or routing claim,40,level_future_mean_signed_error,0.18458259082035272,test_a,0.014258911819887431
Robin_office_Dina,3,recent24_std,descriptive exposed-TEST diagnostic; no causal or routing claim,40,level_future_mean_signed_error,0.38958568846269165,test_a,0.11238273921200752
Robin_office_Dina,3,recent24_change,descriptive exposed-TEST diagnostic; no causal or routing claim,40,level_future_mean_signed_error,-0.3315770296413025,test_a,-0.007129455909943716
Robin_office_Dina,3,last,descriptive exposed-TEST diagnostic; no causal or routing claim,40,level_future_mse,0.30876633443926993,test_a,-0.28030018761726083
Robin_office_Dina,3,recent24_mean,descriptive exposed-TEST diagnostic; no causal or routing claim,40,level_future_mse,0.4365783573461421,test_a,-0.21238273921200754
Robin_office_Dina,3,recent24_std,descriptive exposed-TEST diagnostic; no causal or routing claim,40,level_future_mse,0.368691992739853,test_a,-0.13039399624765483
Robin_office_Dina,3,recent24_change,descriptive exposed-TEST diagnostic; no causal or routing claim,40,level_future_mse,-0.20506674010406462,test_a,0.09043151969981238
Robin_office_Donald,4,last,descriptive exposed-TEST diagnostic; no causal or routing claim,40,level_future_mean_signed_error,-0.3121465810908096,test_a,-0.5726078799249531
Robin_office_Donald,4,recent24_mean,descriptive exposed-TEST diagnostic; no causal or routing claim,40,level_future_mean_signed_error,-0.11564039538045597,test_a,-0.4356472795497186
Robin_office_Donald,4,recent24_std,descriptive exposed-TEST diagnostic; no causal or routing claim,40,level_future_mean_signed_error,0.3511653222396242,test_a,0.2711069418386492
Robin_office_Donald,4,recent24_change,descriptive exposed-TEST diagnostic; no causal or routing claim,40,level_future_mean_signed_error,-0.5674540205637917,test_a,-0.20694183864915575
Robin_office_Donald,4,last,descriptive exposed-TEST diagnostic; no causal or routing claim,40,level_future_mse,-0.07450647230841033,test_a,-0.43283302063789875
Robin_office_Donald,4,recent24_mean,descriptive exposed-TEST diagnostic; no causal or routing claim,40,level_future_mse,0.13231926775850517,test_a,-0.33733583489681057
Robin_office_Donald,4,recent24_std,descriptive exposed-TEST diagnostic; no causal or routing claim,40,level_future_mse,0.22359392740946124,test_a,0.21951219512195125
Robin_office_Donald,4,recent24_change,descriptive exposed-TEST diagnostic; no causal or routing claim,40,level_future_mse,-0.6306641097046262,test_a,-0.12082551594746718
Robin_office_Erma,5,last,descriptive exposed-TEST diagnostic; no causal or routing claim,40,level_future_mean_signed_error,0.02313981357295098,test_a,0.06772983114446529
Robin_office_Erma,5,recent24_mean,descriptive exposed-TEST diagnostic; no causal or routing claim,40,level_future_mean_signed_error,0.24598223948761685,test_a,0.15647279549718576
Robin_office_Erma,5,recent24_std,descriptive exposed-TEST diagnostic; no causal or routing claim,40,level_future_mean_signed_error,0.3814067507997136,test_a,0.2022514071294559
Robin_office_Erma,5,recent24_change,descriptive exposed-TEST diagnostic; no causal or routing claim,40,level_future_mean_signed_error,-0.27600342473599077,test_a,-0.01988742964352721
Robin_office_Erma,5,last,descriptive exposed-TEST diagnostic; no causal or routing claim,40,level_future_mse,-0.1930286425030815,test_a,0.13020637898686682
Robin_office_Erma,5,recent24_mean,descriptive exposed-TEST diagnostic; no causal or routing claim,40,level_future_mse,-0.022448881755905852,test_a,0.0326454033771107
Robin_office_Erma,5,recent24_std,descriptive exposed-TEST diagnostic; no causal or routing claim,40,level_future_mse,0.20632903107116396,test_a,-0.1851782363977486
Robin_office_Erma,5,recent24_change,descriptive exposed-TEST diagnostic; no causal or routing claim,40,level_future_mse,-0.2399864830249295,test_a,0.02401500938086304
Robin_office_Gayle,6,last,descriptive exposed-TEST diagnostic; no causal or routing claim,40,level_future_mean_signed_error,0.2834595806801759,test_a,0.2808630393996248
Robin_office_Gayle,6,recent24_mean,descriptive exposed-TEST diagnostic; no causal or routing claim,40,level_future_mean_signed_error,0.10814744290447875,test_a,0.12945590994371484
Robin_office_Gayle,6,recent24_std,descriptive exposed-TEST diagnostic; no causal or routing claim,40,level_future_mean_signed_error,-0.30240684829985764,test_a,-0.28667917448405256
Robin_office_Gayle,6,recent24_change,descriptive exposed-TEST diagnostic; no causal or routing claim,40,level_future_mean_signed_error,0.0232663105211887,test_a,-0.0013133208255159477
Robin_office_Gayle,6,last,descriptive exposed-TEST diagnostic; no causal or routing claim,40,level_future_mse,0.19302681187670745,test_a,0.14371482176360226
Robin_office_Gayle,6,recent24_mean,descriptive exposed-TEST diagnostic; no causal or routing claim,40,level_future_mse,0.25678369348002067,test_a,0.24671669793621018
Robin_office_Gayle,6,recent24_std,descriptive exposed-TEST diagnostic; no causal or routing claim,40,level_future_mse,0.2378431707162714,test_a,0.32814258911819894
Robin_office_Gayle,6,recent24_change,descriptive exposed-TEST diagnostic; no causal or routing claim,40,level_future_mse,0.273658775682572,test_a,0.3645403377110695
Robin_office_Lindsay,7,last,descriptive exposed-TEST diagnostic; no causal or routing claim,40,level_future_mean_signed_error,-0.17548857039505322,test_a,-0.24221388367729837
Robin_office_Lindsay,7,recent24_mean,descriptive exposed-TEST diagnostic; no causal or routing claim,40,level_future_mean_signed_error,0.16380795270954693,test_a,0.14183864915572234
Robin_office_Lindsay,7,recent24_std,descriptive exposed-TEST diagnostic; no causal or routing claim,40,level_future_mean_signed_error,-0.12321332120915945,test_a,-0.04371482176360226
Robin_office_Lindsay,7,recent24_change,descriptive exposed-TEST diagnostic; no causal or routing claim,40,level_future_mean_signed_error,-0.3413076907477071,test_a,-0.4947467166979363
Robin_office_Lindsay,7,last,descriptive exposed-TEST diagnostic; no causal or routing claim,40,level_future_mse,0.3769923426082241,test_a,0.5157598499061915
Robin_office_Lindsay,7,recent24_mean,descriptive exposed-TEST diagnostic; no causal or routing claim,40,level_future_mse,0.12467006961616767,test_a,0.250656660412758
Robin_office_Lindsay,7,recent24_std,descriptive exposed-TEST diagnostic; no causal or routing claim,40,level_future_mse,-0.07945571379911243,test_a,-0.1273921200750469
Robin_office_Lindsay,7,recent24_change,descriptive exposed-TEST diagnostic; no causal or routing claim,40,level_future_mse,0.1402761381202745,test_a,0.37392120075046914
Robin_office_Maryann,8,last,descriptive exposed-TEST diagnostic; no causal or routing claim,40,level_future_mean_signed_error,-0.1036588183793472,test_a,-0.04409005628517824
Robin_office_Maryann,8,recent24_mean,descriptive exposed-TEST diagnostic; no causal or routing claim,40,level_future_mean_signed_error,0.14370324599344,test_a,0.226078799249531
Robin_office_Maryann,8,recent24_std,descriptive exposed-TEST diagnostic; no causal or routing claim,40,level_future_mean_signed_error,0.4726077244955576,test_a,0.4737335834896811
Robin_office_Maryann,8,recent24_change,descriptive exposed-TEST diagnostic; no causal or routing claim,40,level_future_mean_signed_error,0.0606186366498308,test_a,0.13020637898686682
Robin_office_Maryann,8,last,descriptive exposed-TEST diagnostic; no causal or routing claim,40,level_future_mse,0.202325047252731,test_a,0.2557223264540338
Robin_office_Maryann,8,recent24_mean,descriptive exposed-TEST diagnostic; no causal or routing claim,40,level_future_mse,-0.12164108934156413,test_a,-0.18780487804878052
Robin_office_Maryann,8,recent24_std,descriptive exposed-TEST diagnostic; no causal or routing claim,40,level_future_mse,-0.26237472107673177,test_a,-0.35722326454033776
Robin_office_Maryann,8,recent24_change,descriptive exposed-TEST diagnostic; no causal or routing claim,40,level_future_mse,0.11037056735382174,test_a,0.13151969981238276
Robin_office_Sammie,9,last,descriptive exposed-TEST diagnostic; no causal or routing claim,40,level_future_mean_signed_error,0.22087005482495578,test_a,0.17992495309568482
Robin_office_Sammie,9,recent24_mean,descriptive exposed-TEST diagnostic; no causal or routing claim,40,level_future_mean_signed_error,0.30977089839633276,test_a,0.29774859287054417
Robin_office_Sammie,9,recent24_std,descriptive exposed-TEST diagnostic; no causal or routing claim,40,level_future_mean_signed_error,0.21592739247939208,test_a,0.07054409005628519
Robin_office_Sammie,9,recent24_change,descriptive exposed-TEST diagnostic; no causal or routing claim,40,level_future_mean_signed_error,0.09502753298382055,test_a,0.07016885553470921
Robin_office_Sammie,9,last,descriptive exposed-TEST diagnostic; no causal or routing claim,40,level_future_mse,-0.07804285302081257,test_a,-0.18236397748592875
Robin_office_Sammie,9,recent24_mean,descriptive exposed-TEST diagnostic; no causal or routing claim,40,level_future_mse,-0.0727262080953608,test_a,-0.21444652908067546
Robin_office_Sammie,9,recent24_std,descriptive exposed-TEST diagnostic; no causal or routing claim,40,level_future_mse,-0.08795014907616629,test_a,-0.09699812382739213
Robin_office_Sammie,9,recent24_change,descriptive exposed-TEST diagnostic; no causal or routing claim,40,level_future_mse,-0.01804134740853588,test_a,-0.09906191369606004
Robin_office_Saul,10,last,descriptive exposed-TEST diagnostic; no causal or routing claim,40,level_future_mean_signed_error,-0.20682744322072452,test_a,-0.20112570356472798
Robin_office_Saul,10,recent24_mean,descriptive exposed-TEST diagnostic; no causal or routing claim,40,level_future_mean_signed_error,-0.23230692210270318,test_a,-0.26829268292682934
Robin_office_Saul,10,recent24_std,descriptive exposed-TEST diagnostic; no causal or routing claim,40,level_future_mean_signed_error,0.2073923451312086,test_a,0.22439024390243903
Robin_office_Saul,10,recent24_change,descriptive exposed-TEST diagnostic; no causal or routing claim,40,level_future_mean_signed_error,-0.013523516471245394,test_a,0.043151969981238276
Robin_office_Saul,10,last,descriptive exposed-TEST diagnostic; no causal or routing claim,40,level_future_mse,0.1032114416573586,test_a,-0.0602251407129456
Robin_office_Saul,10,recent24_mean,descriptive exposed-TEST diagnostic; no causal or routing claim,40,level_future_mse,0.029750967247201547,test_a,-0.12382739212007506
Robin_office_Saul,10,recent24_std,descriptive exposed-TEST diagnostic; no causal or routing claim,40,level_future_mse,-0.22370151043694947,test_a,-0.16378986866791745
Robin_office_Saul,10,recent24_change,descriptive exposed-TEST diagnostic; no causal or routing claim,40,level_future_mse,0.17678648888834733,test_a,0.23151969981238277
Robin_office_Serena,11,last,descriptive exposed-TEST diagnostic; no causal or routing claim,40,level_future_mean_signed_error,-0.05398866047881799,test_a,-0.0906191369606004
Robin_office_Serena,11,recent24_mean,descriptive exposed-TEST diagnostic; no causal or routing claim,40,level_future_mean_signed_error,0.026987418058034753,test_a,0.01632270168855535
Robin_office_Serena,11,recent24_std,descriptive exposed-TEST diagnostic; no causal or routing claim,40,level_future_mean_signed_error,-0.07950505437222961,test_a,-0.08592870544090057
Robin_office_Serena,11,recent24_change,descriptive exposed-TEST diagnostic; no causal or routing claim,40,level_future_mean_signed_error,-0.052268531554209005,test_a,-0.07317073170731708
Robin_office_Serena,11,last,descriptive exposed-TEST diagnostic; no causal or routing claim,40,level_future_mse,-0.1753899357632718,test_a,-0.10900562851782367
Robin_office_Serena,11,recent24_mean,descriptive exposed-TEST diagnostic; no causal or routing claim,40,level_future_mse,-0.2165795786670492,test_a,-0.18893058161350848
Robin_office_Serena,11,recent24_std,descriptive exposed-TEST diagnostic; no causal or routing claim,40,level_future_mse,-0.036253998781587485,test_a,-0.1052532833020638
Robin_office_Serena,11,recent24_change,descriptive exposed-TEST diagnostic; no causal or routing claim,40,level_future_mse,-0.04612137016337643,test_a,0.11744840525328332
Robin_office_Shirlene,12,last,descriptive exposed-TEST diagnostic; no causal or routing claim,40,level_future_mean_signed_error,-0.029100842563232917,test_a,-0.05984990619136961
Robin_office_Shirlene,12,recent24_mean,descriptive exposed-TEST diagnostic; no causal or routing claim,40,level_future_mean_signed_error,0.1610178083071931,test_a,0.020075046904315202
Robin_office_Shirlene,12,recent24_std,descriptive exposed-TEST diagnostic; no causal or routing claim,40,level_future_mean_signed_error,0.31905104137074575,test_a,0.30900562851782365
Robin_office_Shirlene,12,recent24_change,descriptive exposed-TEST diagnostic; no causal or routing claim,40,level_future_mean_signed_error,-0.06688546579437114,test_a,0.04671669793621014
Robin_office_Shirlene,12,last,descriptive exposed-TEST diagnostic; no causal or routing claim,40,level_future_mse,-0.5537514139263632,test_a,-0.48761726078799256
Robin_office_Shirlene,12,recent24_mean,descriptive exposed-TEST diagnostic; no causal or routing claim,40,level_future_mse,-0.4903602906306141,test_a,-0.03283302063789869
Robin_office_Shirlene,12,recent24_std,descriptive exposed-TEST diagnostic; no causal or routing claim,40,level_future_mse,-0.08957014759081022,test_a,0.05347091932457786
Robin_office_Shirlene,12,recent24_change,descriptive exposed-TEST diagnostic; no causal or routing claim,40,level_future_mse,-0.23029774593083652,test_a,-0.15834896810506568
Robin_office_Soledad,13,last,descriptive exposed-TEST diagnostic; no causal or routing claim,40,level_future_mean_signed_error,-0.0297899807539682,test_a,-0.015384615384615387
Robin_office_Soledad,13,recent24_mean,descriptive exposed-TEST diagnostic; no causal or routing claim,40,level_future_mean_signed_error,-0.02548994043535263,test_a,0.01632270168855535
Robin_office_Soledad,13,recent24_std,descriptive exposed-TEST diagnostic; no causal or routing claim,40,level_future_mean_signed_error,0.33086072690663487,test_a,0.3037523452157599
Robin_office_Soledad,13,recent24_change,descriptive exposed-TEST diagnostic; no causal or routing claim,40,level_future_mean_signed_error,0.10338216064063453,test_a,0.005065666041275799
Robin_office_Soledad,13,last,descriptive exposed-TEST diagnostic; no causal or routing claim,40,level_future_mse,-0.25709076043074874,test_a,-0.15459662288930584
Robin_office_Soledad,13,recent24_mean,descriptive exposed-TEST diagnostic; no causal or routing claim,40,level_future_mse,-0.2081188376014988,test_a,-0.13208255159474674
Robin_office_Soledad,13,recent24_std,descriptive exposed-TEST diagnostic; no causal or routing claim,40,level_future_mse,-0.20209357659796076,test_a,-0.19268292682926833
Robin_office_Soledad,13,recent24_change,descriptive exposed-TEST diagnostic; no causal or routing claim,40,level_future_mse,-0.10304867607268572,test_a,-0.041088180112570365
Robin_office_Victor,14,last,descriptive exposed-TEST diagnostic; no causal or routing claim,40,level_future_mean_signed_error,-0.025206782174105002,test_a,-0.06848030018761728
Robin_office_Victor,14,recent24_mean,descriptive exposed-TEST diagnostic; no causal or routing claim,40,level_future_mean_signed_error,0.020843907871206383,test_a,-0.007879924953095686
Robin_office_Victor,14,recent24_std,descriptive exposed-TEST diagnostic; no causal or routing claim,40,level_future_mean_signed_error,0.25436639232613567,test_a,0.25628517823639774
Robin_office_Victor,14,recent24_change,descriptive exposed-TEST diagnostic; no causal or routing claim,40,level_future_mean_signed_error,0.015439514375263344,test_a,0.04878048780487805
Robin_office_Victor,14,last,descriptive exposed-TEST diagnostic; no causal or routing claim,40,level_future_mse,-0.2587743127345634,test_a,-0.225703564727955
Robin_office_Victor,14,recent24_mean,descriptive exposed-TEST diagnostic; no causal or routing claim,40,level_future_mse,-0.42844820048738497,test_a,-0.3521575984990619
Robin_office_Victor,14,recent24_std,descriptive exposed-TEST diagnostic; no causal or routing claim,40,level_future_mse,-0.21209772746902103,test_a,-0.20018761726078801
Robin_office_Victor,14,recent24_change,descriptive exposed-TEST diagnostic; no causal or routing claim,40,level_future_mse,-0.15752337823758342,test_a,0.028517823639774863
Robin_office_Wai,15,last,descriptive exposed-TEST diagnostic; no causal or routing claim,40,level_future_mean_signed_error,-0.2519311032308476,test_a,-0.24240150093808632
Robin_office_Wai,15,recent24_mean,descriptive exposed-TEST diagnostic; no causal or routing claim,40,level_future_mean_signed_error,-0.1596681497704252,test_a,-0.17298311444652908
Robin_office_Wai,15,recent24_std,descriptive exposed-TEST diagnostic; no causal or routing claim,40,level_future_mean_signed_error,0.13847633562144332,test_a,0.11144465290806756
Robin_office_Wai,15,recent24_change,descriptive exposed-TEST diagnostic; no causal or routing claim,40,level_future_mean_signed_error,-0.16300819240149547,test_a,-0.0878048780487805
Robin_office_Wai,15,last,descriptive exposed-TEST diagnostic; no causal or routing claim,40,level_future_mse,0.32278618729347863,test_a,0.04033771106941839
Robin_office_Wai,15,recent24_mean,descriptive exposed-TEST diagnostic; no causal or routing claim,40,level_future_mse,0.40822471970272667,test_a,0.23283302063789874
Robin_office_Wai,15,recent24_std,descriptive exposed-TEST diagnostic; no causal or routing claim,40,level_future_mse,-0.13019050413453315,test_a,-0.06604127579737337
Robin_office_Wai,15,recent24_change,descriptive exposed-TEST diagnostic; no causal or routing claim,40,level_future_mse,-0.07323005550736106,test_a,-0.07223264540337712
Robin_office_Zelma,16,last,descriptive exposed-TEST diagnostic; no causal or routing claim,40,level_future_mean_signed_error,-0.20824054198069342,test_a,-0.2555347091932458
Robin_office_Zelma,16,recent24_mean,descriptive exposed-TEST diagnostic; no causal or routing claim,40,level_future_mean_signed_error,0.03123048836540428,test_a,-0.039024390243902446
Robin_office_Zelma,16,recent24_std,descriptive exposed-TEST diagnostic; no causal or routing claim,40,level_future_mean_signed_error,0.01487032724211871,test_a,-0.01857410881801126
Robin_office_Zelma,16,recent24_change,descriptive exposed-TEST diagnostic; no causal or routing claim,40,level_future_mean_signed_error,-0.28037059415127796,test_a,-0.2840525328330206
Robin_office_Zelma,16,last,descriptive exposed-TEST diagnostic; no causal or routing claim,40,level_future_mse,0.3953877705982621,test_a,0.2401500938086304
Robin_office_Zelma,16,recent24_mean,descriptive exposed-TEST diagnostic; no causal or routing claim,40,level_future_mse,0.4592989194077989,test_a,0.3151969981238274
Robin_office_Zelma,16,recent24_std,descriptive exposed-TEST diagnostic; no causal or routing claim,40,level_future_mse,-0.32334925012166665,test_a,-0.2857410881801126
Robin_office_Zelma,16,recent24_change,descriptive exposed-TEST diagnostic; no causal or routing claim,40,level_future_mse,0.27427470509604274,test_a,0.17166979362101317
Robin_office_Addie,0,last,descriptive exposed-TEST diagnostic; no causal or routing claim,40,level_future_mean_signed_error,0.2159141394332727,test_b,0.2560975609756098
Robin_office_Addie,0,recent24_mean,descriptive exposed-TEST diagnostic; no causal or routing claim,40,level_future_mean_signed_error,0.3515819376332792,test_b,0.37185741088180113
Robin_office_Addie,0,recent24_std,descriptive exposed-TEST diagnostic; no causal or routing claim,40,level_future_mean_signed_error,0.14212170813334024,test_b,0.10225140712945593
Robin_office_Addie,0,recent24_change,descriptive exposed-TEST diagnostic; no causal or routing claim,40,level_future_mean_signed_error,-0.03044551577290446,test_b,-0.029268292682926834
Robin_office_Addie,0,last,descriptive exposed-TEST diagnostic; no causal or routing claim,40,level_future_mse,-0.4150459269623698,test_b,-0.34784240150093815
Robin_office_Addie,0,recent24_mean,descriptive exposed-TEST diagnostic; no causal or routing claim,40,level_future_mse,-0.3821929433261409,test_b,-0.35515947467166986
Robin_office_Addie,0,recent24_std,descriptive exposed-TEST diagnostic; no causal or routing claim,40,level_future_mse,-0.2531720207902302,test_b,-0.4000000000000001
Robin_office_Addie,0,recent24_change,descriptive exposed-TEST diagnostic; no causal or routing claim,40,level_future_mse,-0.07117975192252379,test_b,-0.06078799249530957
Robin_office_Adolph,1,last,descriptive exposed-TEST diagnostic; no causal or routing claim,40,level_future_mean_signed_error,-0.09366676241009424,test_b,-0.09981238273921203
Robin_office_Adolph,1,recent24_mean,descriptive exposed-TEST diagnostic; no causal or routing claim,40,level_future_mean_signed_error,0.023356151537642943,test_b,0.11519699812382742
Robin_office_Adolph,1,recent24_std,descriptive exposed-TEST diagnostic; no causal or routing claim,40,level_future_mean_signed_error,0.17624818557455837,test_b,0.18292682926829273
Robin_office_Adolph,1,recent24_change,descriptive exposed-TEST diagnostic; no causal or routing claim,40,level_future_mean_signed_error,-0.24124610870373048,test_b,-0.19155722326454036
Robin_office_Adolph,1,last,descriptive exposed-TEST diagnostic; no causal or routing claim,40,level_future_mse,-0.054834082230609565,test_b,0.1953095684803002
Robin_office_Adolph,1,recent24_mean,descriptive exposed-TEST diagnostic; no causal or routing claim,40,level_future_mse,-0.14944178530819383,test_b,0.20487804878048785
Robin_office_Adolph,1,recent24_std,descriptive exposed-TEST diagnostic; no causal or routing claim,40,level_future_mse,0.6161022453572966,test_b,0.7594746716697938
Robin_office_Adolph,1,recent24_change,descriptive exposed-TEST diagnostic; no causal or routing claim,40,level_future_mse,-0.34743700216802764,test_b,-0.10131332082551595
Robin_office_Antonina,2,last,descriptive exposed-TEST diagnostic; no causal or routing claim,40,level_future_mean_signed_error,-0.020945975164084363,test_b,0.06679174484052533
Robin_office_Antonina,2,recent24_mean,descriptive exposed-TEST diagnostic; no causal or routing claim,40,level_future_mean_signed_error,0.054386467599203105,test_b,0.10000000000000002
Robin_office_Antonina,2,recent24_std,descriptive exposed-TEST diagnostic; no causal or routing claim,40,level_future_mean_signed_error,-0.077949484360162,test_b,-0.18180112570356474
Robin_office_Antonina,2,recent24_change,descriptive exposed-TEST diagnostic; no causal or routing claim,40,level_future_mean_signed_error,-0.09322562157663065,test_b,-0.07166979362101314
Robin_office_Antonina,2,last,descriptive exposed-TEST diagnostic; no causal or routing claim,40,level_future_mse,0.050912680785849956,test_b,-0.04183864915572233
Robin_office_Antonina,2,recent24_mean,descriptive exposed-TEST diagnostic; no causal or routing claim,40,level_future_mse,0.07845818935393344,test_b,0.09718574108818012
Robin_office_Antonina,2,recent24_std,descriptive exposed-TEST diagnostic; no causal or routing claim,40,level_future_mse,0.16418410887042448,test_b,0.27936210131332084
Robin_office_Antonina,2,recent24_change,descriptive exposed-TEST diagnostic; no causal or routing claim,40,level_future_mse,0.045304952078915314,test_b,-0.10393996247654785
Robin_office_Dina,3,last,descriptive exposed-TEST diagnostic; no causal or routing claim,40,level_future_mean_signed_error,-0.19713050687052308,test_b,-0.09324577861163227
Robin_office_Dina,3,recent24_mean,descriptive exposed-TEST diagnostic; no causal or routing claim,40,level_future_mean_signed_error,-0.23209719331521533,test_b,-0.16285178236397752
Robin_office_Dina,3,recent24_std,descriptive exposed-TEST diagnostic; no causal or routing claim,40,level_future_mean_signed_error,-0.02413133254083266,test_b,-0.01575984990619137
Robin_office_Dina,3,recent24_change,descriptive exposed-TEST diagnostic; no causal or routing claim,40,level_future_mean_signed_error,-0.019796279403333027,test_b,0.06866791744840527
Robin_office_Dina,3,last,descriptive exposed-TEST diagnostic; no causal or routing claim,40,level_future_mse,-0.3680645853435646,test_b,-0.014446529080675424
Robin_office_Dina,3,recent24_mean,descriptive exposed-TEST diagnostic; no causal or routing claim,40,level_future_mse,-0.4141264034922981,test_b,-0.21894934333958727
Robin_office_Dina,3,recent24_std,descriptive exposed-TEST diagnostic; no causal or routing claim,40,level_future_mse,-0.0692163142852102,test_b,-0.0300187617260788
Robin_office_Dina,3,recent24_change,descriptive exposed-TEST diagnostic; no causal or routing claim,40,level_future_mse,-0.11931529231419959,test_b,-0.004127579737335836
Robin_office_Donald,4,last,descriptive exposed-TEST diagnostic; no causal or routing claim,40,level_future_mean_signed_error,-0.23970100888947846,test_b,-0.3382739212007505
Robin_office_Donald,4,recent24_mean,descriptive exposed-TEST diagnostic; no causal or routing claim,40,level_future_mean_signed_error,-0.12589598004492103,test_b,-0.26529080675422145
Robin_office_Donald,4,recent24_std,descriptive exposed-TEST diagnostic; no causal or routing claim,40,level_future_mean_signed_error,-0.2991334571522042,test_b,-0.10694183864915573
Robin_office_Donald,4,recent24_change,descriptive exposed-TEST diagnostic; no causal or routing claim,40,level_future_mean_signed_error,-0.4565015570777565,test_b,0.03639774859287055
Robin_office_Donald,4,last,descriptive exposed-TEST diagnostic; no causal or routing claim,40,level_future_mse,0.07125606699474377,test_b,0.3339587242026267
Robin_office_Donald,4,recent24_mean,descriptive exposed-TEST diagnostic; no causal or routing claim,40,level_future_mse,-0.007406796861417062,test_b,0.3151969981238274
Robin_office_Donald,4,recent24_std,descriptive exposed-TEST diagnostic; no causal or routing claim,40,level_future_mse,0.21744518099273588,test_b,0.11350844277673548
Robin_office_Donald,4,recent24_change,descriptive exposed-TEST diagnostic; no causal or routing claim,40,level_future_mse,0.45298560127235027,test_b,0.09699812382739213
Robin_office_Erma,5,last,descriptive exposed-TEST diagnostic; no causal or routing claim,40,level_future_mean_signed_error,-0.06126275569441899,test_b,0.02082551594746717
Robin_office_Erma,5,recent24_mean,descriptive exposed-TEST diagnostic; no causal or routing claim,40,level_future_mean_signed_error,-0.18851277491885846,test_b,-0.21238273921200754
Robin_office_Erma,5,recent24_std,descriptive exposed-TEST diagnostic; no causal or routing claim,40,level_future_mean_signed_error,0.3291191601229954,test_b,0.39643527204502815
Robin_office_Erma,5,recent24_change,descriptive exposed-TEST diagnostic; no causal or routing claim,40,level_future_mean_signed_error,0.06694584112939728,test_b,0.07110694183864917
Robin_office_Erma,5,last,descriptive exposed-TEST diagnostic; no causal or routing claim,40,level_future_mse,0.11328025769388855,test_b,-0.04652908067542214
Robin_office_Erma,5,recent24_mean,descriptive exposed-TEST diagnostic; no causal or routing claim,40,level_future_mse,0.027094678348414183,test_b,-0.125328330206379
Robin_office_Erma,5,recent24_std,descriptive exposed-TEST diagnostic; no causal or routing claim,40,level_future_mse,0.045748604140136914,test_b,0.13470919324577862
Robin_office_Erma,5,recent24_change,descriptive exposed-TEST diagnostic; no causal or routing claim,40,level_future_mse,-0.11081547512117705,test_b,-0.04878048780487805
Robin_office_Gayle,6,last,descriptive exposed-TEST diagnostic; no causal or routing claim,40,level_future_mean_signed_error,0.09530394490850716,test_b,0.20131332082551595
Robin_office_Gayle,6,recent24_mean,descriptive exposed-TEST diagnostic; no causal or routing claim,40,level_future_mean_signed_error,0.07364331478396959,test_b,0.008255159474671672
Robin_office_Gayle,6,recent24_std,descriptive exposed-TEST diagnostic; no causal or routing claim,40,level_future_mean_signed_error,-0.0594842572208078,test_b,-0.004690431519699813
Robin_office_Gayle,6,recent24_change,descriptive exposed-TEST diagnostic; no causal or routing claim,40,level_future_mean_signed_error,0.08994267490554292,test_b,0.19343339587242028
Robin_office_Gayle,6,last,descriptive exposed-TEST diagnostic; no causal or routing claim,40,level_future_mse,-0.35092125398554297,test_b,-0.27467166979362106
Robin_office_Gayle,6,recent24_mean,descriptive exposed-TEST diagnostic; no causal or routing claim,40,level_future_mse,-0.37675437354181873,test_b,-0.5030018761726079
Robin_office_Gayle,6,recent24_std,descriptive exposed-TEST diagnostic; no causal or routing claim,40,level_future_mse,0.3352192311647834,test_b,0.46303939962476554
Robin_office_Gayle,6,recent24_change,descriptive exposed-TEST diagnostic; no causal or routing claim,40,level_future_mse,-0.014197653246719922,test_b,0.34709193245778613
Robin_office_Lindsay,7,last,descriptive exposed-TEST diagnostic; no causal or routing claim,40,level_future_mean_signed_error,-0.23368366228286624,test_b,-0.18292682926829273
Robin_office_Lindsay,7,recent24_mean,descriptive exposed-TEST diagnostic; no causal or routing claim,40,level_future_mean_signed_error,-0.06353804907284875,test_b,-0.0427767354596623
Robin_office_Lindsay,7,recent24_std,descriptive exposed-TEST diagnostic; no causal or routing claim,40,level_future_mean_signed_error,0.025968627985440442,test_b,0.05347091932457786
Robin_office_Lindsay,7,recent24_change,descriptive exposed-TEST diagnostic; no causal or routing claim,40,level_future_mean_signed_error,-0.35519053635996195,test_b,-0.35422138836772993
Robin_office_Lindsay,7,last,descriptive exposed-TEST diagnostic; no causal or routing claim,40,level_future_mse,-0.09507859635891151,test_b,-0.02607879924953096
Robin_office_Lindsay,7,recent24_mean,descriptive exposed-TEST diagnostic; no causal or routing claim,40,level_future_mse,-0.04078115519070715,test_b,-0.002063789868667918
Robin_office_Lindsay,7,recent24_std,descriptive exposed-TEST diagnostic; no causal or routing claim,40,level_future_mse,0.13548637130231905,test_b,0.20806754221388368
Robin_office_Lindsay,7,recent24_change,descriptive exposed-TEST diagnostic; no causal or routing claim,40,level_future_mse,-0.15140377134762362,test_b,-0.10844277673545967
Robin_office_Maryann,8,last,descriptive exposed-TEST diagnostic; no causal or routing claim,40,level_future_mean_signed_error,-0.15357243187081882,test_b,-0.15722326454033772
Robin_office_Maryann,8,recent24_mean,descriptive exposed-TEST diagnostic; no causal or routing claim,40,level_future_mean_signed_error,0.13073751122807123,test_b,0.11838649155722329
Robin_office_Maryann,8,recent24_std,descriptive exposed-TEST diagnostic; no causal or routing claim,40,level_future_mean_signed_error,0.45861597021086314,test_b,0.49437148217636023
Robin_office_Maryann,8,recent24_change,descriptive exposed-TEST diagnostic; no causal or routing claim,40,level_future_mean_signed_error,-0.017781520280673663,test_b,-0.07073170731707318
Robin_office_Maryann,8,last,descriptive exposed-TEST diagnostic; no causal or routing claim,40,level_future_mse,0.21560793622323926,test_b,0.05609756097560976
Robin_office_Maryann,8,recent24_mean,descriptive exposed-TEST diagnostic; no causal or routing claim,40,level_future_mse,0.047030217275053285,test_b,-0.057410881801125704
Robin_office_Maryann,8,recent24_std,descriptive exposed-TEST diagnostic; no causal or routing claim,40,level_future_mse,-0.25847020910706964,test_b,-0.05572232645403378
Robin_office_Maryann,8,recent24_change,descriptive exposed-TEST diagnostic; no causal or routing claim,40,level_future_mse,0.04306859316275124,test_b,0.07073170731707318
Robin_office_Sammie,9,last,descriptive exposed-TEST diagnostic; no causal or routing claim,40,level_future_mean_signed_error,0.19037726700682198,test_b,0.22776735459662292
Robin_office_Sammie,9,recent24_mean,descriptive exposed-TEST diagnostic; no causal or routing claim,40,level_future_mean_signed_error,0.08132741324770218,test_b,0.150093808630394
Robin_office_Sammie,9,recent24_std,descriptive exposed-TEST diagnostic; no causal or routing claim,40,level_future_mean_signed_error,-0.15431185177546392,test_b,-0.18105065666041278
Robin_office_Sammie,9,recent24_change,descriptive exposed-TEST diagnostic; no causal or routing claim,40,level_future_mean_signed_error,0.26723935207487987,test_b,0.19043151969981242
Robin_office_Sammie,9,last,descriptive exposed-TEST diagnostic; no causal or routing claim,40,level_future_mse,0.03780276372163356,test_b,-0.1709193245778612
Robin_office_Sammie,9,recent24_mean,descriptive exposed-TEST diagnostic; no causal or routing claim,40,level_future_mse,-0.09684243879823344,test_b,-0.05928705440900564
Robin_office_Sammie,9,recent24_std,descriptive exposed-TEST diagnostic; no causal or routing claim,40,level_future_mse,0.14999834783304064,test_b,0.4069418386491558
Robin_office_Sammie,9,recent24_change,descriptive exposed-TEST diagnostic; no causal or routing claim,40,level_future_mse,-0.02008595615023851,test_b,-0.11838649155722329
Robin_office_Saul,10,last,descriptive exposed-TEST diagnostic; no causal or routing claim,40,level_future_mean_signed_error,0.23453475254415185,test_b,0.11106941838649158
Robin_office_Saul,10,recent24_mean,descriptive exposed-TEST diagnostic; no causal or routing claim,40,level_future_mean_signed_error,0.3295293691778759,test_b,0.27223264540337716
Robin_office_Saul,10,recent24_std,descriptive exposed-TEST diagnostic; no causal or routing claim,40,level_future_mean_signed_error,0.31574588383388397,test_b,0.16885553470919326
Robin_office_Saul,10,recent24_change,descriptive exposed-TEST diagnostic; no causal or routing claim,40,level_future_mean_signed_error,-0.15674920374405207,test_b,-0.17654784240150098
Robin_office_Saul,10,last,descriptive exposed-TEST diagnostic; no causal or routing claim,40,level_future_mse,0.36948754998828054,test_b,0.1455909943714822
Robin_office_Saul,10,recent24_mean,descriptive exposed-TEST diagnostic; no causal or routing claim,40,level_future_mse,0.4133904148953083,test_b,0.3138836772983115
Robin_office_Saul,10,recent24_std,descriptive exposed-TEST diagnostic; no causal or routing claim,40,level_future_mse,0.2773804959301766,test_b,0.16210131332082556
Robin_office_Saul,10,recent24_change,descriptive exposed-TEST diagnostic; no causal or routing claim,40,level_future_mse,-0.020168099955613996,test_b,-0.18217636022514072
Robin_office_Serena,11,last,descriptive exposed-TEST diagnostic; no causal or routing claim,40,level_future_mean_signed_error,0.47325780098944076,test_b,0.49718574108818014
Robin_office_Serena,11,recent24_mean,descriptive exposed-TEST diagnostic; no causal or routing claim,40,level_future_mean_signed_error,0.2826490427814076,test_b,0.27917448405253287
Robin_office_Serena,11,recent24_std,descriptive exposed-TEST diagnostic; no causal or routing claim,40,level_future_mean_signed_error,0.22090888044572562,test_b,0.1803001876172608
Robin_office_Serena,11,recent24_change,descriptive exposed-TEST diagnostic; no causal or routing claim,40,level_future_mean_signed_error,0.07119377647939883,test_b,0.09868667917448407
Robin_office_Serena,11,last,descriptive exposed-TEST diagnostic; no causal or routing claim,40,level_future_mse,-0.28683530331878276,test_b,-0.27279549718574114
Robin_office_Serena,11,recent24_mean,descriptive exposed-TEST diagnostic; no causal or routing claim,40,level_future_mse,-0.28930041081269947,test_b,-0.1482176360225141
Robin_office_Serena,11,recent24_std,descriptive exposed-TEST diagnostic; no causal or routing claim,40,level_future_mse,-0.07182984814577696,test_b,-0.020262664165103195
Robin_office_Serena,11,recent24_change,descriptive exposed-TEST diagnostic; no causal or routing claim,40,level_future_mse,-0.11161185039581542,test_b,-0.1028142589118199
Robin_office_Shirlene,12,last,descriptive exposed-TEST diagnostic; no causal or routing claim,40,level_future_mean_signed_error,0.10610727357832359,test_b,0.027767354596622894
Robin_office_Shirlene,12,recent24_mean,descriptive exposed-TEST diagnostic; no causal or routing claim,40,level_future_mean_signed_error,0.1125337517681619,test_b,0.07992495309568483
Robin_office_Shirlene,12,recent24_std,descriptive exposed-TEST diagnostic; no causal or routing claim,40,level_future_mean_signed_error,0.004258583997387284,test_b,-0.025140712945590997
Robin_office_Shirlene,12,recent24_change,descriptive exposed-TEST diagnostic; no causal or routing claim,40,level_future_mean_signed_error,0.10902008375563657,test_b,-0.010881801125703567
Robin_office_Shirlene,12,last,descriptive exposed-TEST diagnostic; no causal or routing claim,40,level_future_mse,-0.04802428396314433,test_b,0.05966228893058162
Robin_office_Shirlene,12,recent24_mean,descriptive exposed-TEST diagnostic; no causal or routing claim,40,level_future_mse,-0.10698814614772682,test_b,0.10731707317073173
Robin_office_Shirlene,12,recent24_std,descriptive exposed-TEST diagnostic; no causal or routing claim,40,level_future_mse,0.05762776273363513,test_b,0.3232645403377111
Robin_office_Shirlene,12,recent24_change,descriptive exposed-TEST diagnostic; no causal or routing claim,40,level_future_mse,0.1058377759086611,test_b,0.05046904315196998
Robin_office_Soledad,13,last,descriptive exposed-TEST diagnostic; no causal or routing claim,40,level_future_mean_signed_error,0.009242580247447217,test_b,-0.02382739212007505
Robin_office_Soledad,13,recent24_mean,descriptive exposed-TEST diagnostic; no causal or routing claim,40,level_future_mean_signed_error,-0.1165065037666062,test_b,-0.12682926829268296
Robin_office_Soledad,13,recent24_std,descriptive exposed-TEST diagnostic; no causal or routing claim,40,level_future_mean_signed_error,0.1047545299286074,test_b,0.014258911819887431
Robin_office_Soledad,13,recent24_change,descriptive exposed-TEST diagnostic; no causal or routing claim,40,level_future_mean_signed_error,0.4269346390839317,test_b,0.39643527204502815
Robin_office_Soledad,13,last,descriptive exposed-TEST diagnostic; no causal or routing claim,40,level_future_mse,0.11468861234203766,test_b,0.276547842401501
Robin_office_Soledad,13,recent24_mean,descriptive exposed-TEST diagnostic; no causal or routing claim,40,level_future_mse,0.14322984798426347,test_b,0.27767354596622895
Robin_office_Soledad,13,recent24_std,descriptive exposed-TEST diagnostic; no causal or routing claim,40,level_future_mse,0.5083017850987551,test_b,0.6894934333958725
Robin_office_Soledad,13,recent24_change,descriptive exposed-TEST diagnostic; no causal or routing claim,40,level_future_mse,0.327586766943437,test_b,0.22757973733583495
Robin_office_Victor,14,last,descriptive exposed-TEST diagnostic; no causal or routing claim,40,level_future_mean_signed_error,-0.04265620684137531,test_b,-0.02739212007504691
Robin_office_Victor,14,recent24_mean,descriptive exposed-TEST diagnostic; no causal or routing claim,40,level_future_mean_signed_error,0.023086505613281193,test_b,0.09305816135084428
Robin_office_Victor,14,recent24_std,descriptive exposed-TEST diagnostic; no causal or routing claim,40,level_future_mean_signed_error,0.12790872826649152,test_b,-0.020450281425891184
Robin_office_Victor,14,recent24_change,descriptive exposed-TEST diagnostic; no causal or routing claim,40,level_future_mean_signed_error,0.04822363569962423,test_b,0.008442776735459663
Robin_office_Victor,14,last,descriptive exposed-TEST diagnostic; no causal or routing claim,40,level_future_mse,-0.17854217903107247,test_b,0.14352720450281425
Robin_office_Victor,14,recent24_mean,descriptive exposed-TEST diagnostic; no causal or routing claim,40,level_future_mse,-0.16919098308116098,test_b,-0.15478424015009384
Robin_office_Victor,14,recent24_std,descriptive exposed-TEST diagnostic; no causal or routing claim,40,level_future_mse,0.024492548495362164,test_b,-0.24559099437148219
Robin_office_Victor,14,recent24_change,descriptive exposed-TEST diagnostic; no causal or routing claim,40,level_future_mse,-0.20200222715679017,test_b,-0.1607879924953096
Robin_office_Wai,15,last,descriptive exposed-TEST diagnostic; no causal or routing claim,40,level_future_mean_signed_error,-0.12674278662880645,test_b,-0.0626641651031895
Robin_office_Wai,15,recent24_mean,descriptive exposed-TEST diagnostic; no causal or routing claim,40,level_future_mean_signed_error,-0.1101456982860353,test_b,0.007317073170731709
Robin_office_Wai,15,recent24_std,descriptive exposed-TEST diagnostic; no causal or routing claim,40,level_future_mean_signed_error,0.06384796410855724,test_b,-0.006941838649155724
Robin_office_Wai,15,recent24_change,descriptive exposed-TEST diagnostic; no causal or routing claim,40,level_future_mean_signed_error,-0.006783006558444634,test_b,-0.07091932457786117
Robin_office_Wai,15,last,descriptive exposed-TEST diagnostic; no causal or routing claim,40,level_future_mse,0.2412324440199568,test_b,0.08574108818011258
Robin_office_Wai,15,recent24_mean,descriptive exposed-TEST diagnostic; no causal or routing claim,40,level_future_mse,0.3300203926690428,test_b,0.32908067542213887
Robin_office_Wai,15,recent24_std,descriptive exposed-TEST diagnostic; no causal or routing claim,40,level_future_mse,0.09054409955138308,test_b,0.28818011257035653
Robin_office_Wai,15,recent24_change,descriptive exposed-TEST diagnostic; no causal or routing claim,40,level_future_mse,0.013382393441594245,test_b,-0.12476547842401503
Robin_office_Zelma,16,last,descriptive exposed-TEST diagnostic; no causal or routing claim,40,level_future_mean_signed_error,-0.1365209093152392,test_b,-0.16454033771106943
Robin_office_Zelma,16,recent24_mean,descriptive exposed-TEST diagnostic; no causal or routing claim,40,level_future_mean_signed_error,-0.13521417770484997,test_b,-0.13639774859287057
Robin_office_Zelma,16,recent24_std,descriptive exposed-TEST diagnostic; no causal or routing claim,40,level_future_mean_signed_error,-0.0758597971679094,test_b,-0.07448405253283302
Robin_office_Zelma,16,recent24_change,descriptive exposed-TEST diagnostic; no causal or routing claim,40,level_future_mean_signed_error,-0.19233211021728558,test_b,-0.15666041275797377
Robin_office_Zelma,16,last,descriptive exposed-TEST diagnostic; no causal or routing claim,40,level_future_mse,0.10758761342879437,test_b,-0.11876172607879927
Robin_office_Zelma,16,recent24_mean,descriptive exposed-TEST diagnostic; no causal or routing claim,40,level_future_mse,0.09531892032936082,test_b,-0.08761726078799251
Robin_office_Zelma,16,recent24_std,descriptive exposed-TEST diagnostic; no causal or routing claim,40,level_future_mse,-0.03404782502897225,test_b,0.06697936210131332
Robin_office_Zelma,16,recent24_change,descriptive exposed-TEST diagnostic; no causal or routing claim,40,level_future_mse,0.024600409455249703,test_b,0.10938086303939965
