panel,arm,seed,variant,channel,primary
jena,F0_LONG,0,selected,p (mbar),0.23077196510463246
jena,F0_LONG,0,selected,T (degC),0.14865454022751112
jena,F0_LONG,0,selected,Tpot (K),0.15169403440648935
jena,F0_LONG,0,selected,Tdew (degC),0.15793879796024266
jena,F0_LONG,0,selected,rh (%),0.21079343439418788
jena,F0_LONG,0,selected,VPmax (mbar),0.1019404733419691
jena,F0_LONG,0,selected,VPact (mbar),0.12779110103410643
jena,F0_LONG,0,selected,VPdef (mbar),0.08980336967879189
jena,F0_LONG,0,selected,sh (g/kg),0.12718932504194908
jena,F0_LONG,0,selected,H2OC (mmol/mol),0.12762589784596007
jena,F0_LONG,0,selected,rho (g/m**3),0.1726290321702484
jena,F0_LONG,0,selected,wv (m/s),0.41231714432988104
jena,F0_LONG,0,selected,max. wv (m/s),0.4179003869601462
jena,F0_LONG,0,selected,wd (deg),0.5328373211002013
jena,F0_LONG,0,selected,rain (mm),0.037766824933281186
jena,F0_LONG,0,selected,raining (s),0.20377734412838575
jena,F0_LONG,0,selected,SWDR (W/m²),0.05950322498024807
jena,F0_LONG,0,selected,PAR (µmol/m²/s),0.05274267396105578
jena,F0_LONG,0,selected,max. PAR (µmol/m²/s),0.04914028162173585
jena,F0_LONG,0,selected,Tlog (degC),0.13627446060655268
jena,F0_LONG,0,selected,CO2 (ppm),0.22621650955299075
jena,F0_SHORT,0,selected,p (mbar),0.22107452566525562
jena,F0_SHORT,0,selected,T (degC),0.15861095754013796
jena,F0_SHORT,0,selected,Tpot (K),0.16179887976001722
jena,F0_SHORT,0,selected,Tdew (degC),0.16913359637403888
jena,F0_SHORT,0,selected,rh (%),0.21273353659068242
jena,F0_SHORT,0,selected,VPmax (mbar),0.10937362481265302
jena,F0_SHORT,0,selected,VPact (mbar),0.13535995353398908
jena,F0_SHORT,0,selected,VPdef (mbar),0.09197702077018452
jena,F0_SHORT,0,selected,sh (g/kg),0.13498883209674295
jena,F0_SHORT,0,selected,H2OC (mmol/mol),0.1353793954394373
jena,F0_SHORT,0,selected,rho (g/m**3),0.1822346115408677
jena,F0_SHORT,0,selected,wv (m/s),0.41971248935536537
jena,F0_SHORT,0,selected,max. wv (m/s),0.42437321340762785
jena,F0_SHORT,0,selected,wd (deg),0.540121127159969
jena,F0_SHORT,0,selected,rain (mm),0.04480959390362665
jena,F0_SHORT,0,selected,raining (s),0.23025136368687119
jena,F0_SHORT,0,selected,SWDR (W/m²),0.06214776941438226
jena,F0_SHORT,0,selected,PAR (µmol/m²/s),0.05542494357194027
jena,F0_SHORT,0,selected,max. PAR (µmol/m²/s),0.05146326736467398
jena,F0_SHORT,0,selected,Tlog (degC),0.1466648945599074
jena,F0_SHORT,0,selected,CO2 (ppm),0.23029664184256457
jena,SEASONAL_NAIVE,0,selected,p (mbar),0.6376780019490645
jena,SEASONAL_NAIVE,0,selected,T (degC),0.31707621901928895
jena,SEASONAL_NAIVE,0,selected,Tpot (K),0.3317963240030531
jena,SEASONAL_NAIVE,0,selected,Tdew (degC),0.35489974010342584
jena,SEASONAL_NAIVE,0,selected,rh (%),0.3766168668951246
jena,SEASONAL_NAIVE,0,selected,VPmax (mbar),0.21762091908489892
jena,SEASONAL_NAIVE,0,selected,VPact (mbar),0.29154533078193834
jena,SEASONAL_NAIVE,0,selected,VPdef (mbar),0.16115344938531356
jena,SEASONAL_NAIVE,0,selected,sh (g/kg),0.29116189219189376
jena,SEASONAL_NAIVE,0,selected,H2OC (mmol/mol),0.291917103775271
jena,SEASONAL_NAIVE,0,selected,rho (g/m**3),0.40284214247423045
jena,SEASONAL_NAIVE,0,selected,wv (m/s),0.8247074622589375
jena,SEASONAL_NAIVE,0,selected,max. wv (m/s),0.8276850050347885
jena,SEASONAL_NAIVE,0,selected,wd (deg),1.0376269376312026
jena,SEASONAL_NAIVE,0,selected,rain (mm),0.06299176720429354
jena,SEASONAL_NAIVE,0,selected,raining (s),0.359669567488889
jena,SEASONAL_NAIVE,0,selected,SWDR (W/m²),0.10092689413294793
jena,SEASONAL_NAIVE,0,selected,PAR (µmol/m²/s),0.09026366036637481
jena,SEASONAL_NAIVE,0,selected,max. PAR (µmol/m²/s),0.08347490361685705
jena,SEASONAL_NAIVE,0,selected,Tlog (degC),0.29070338616693453
jena,SEASONAL_NAIVE,0,selected,CO2 (ppm),0.46908271510580185
jena,HEAD,92601,selected,p (mbar),0.22857890914804674
jena,HEAD,92601,selected,T (degC),0.1503394444711659
jena,HEAD,92601,selected,Tpot (K),0.153494566912361
jena,HEAD,92601,selected,Tdew (degC),0.1604032956271118
jena,HEAD,92601,selected,rh (%),0.20886200472719949
jena,HEAD,92601,selected,VPmax (mbar),0.10321708218811386
jena,HEAD,92601,selected,VPact (mbar),0.12978848751699604
jena,HEAD,92601,selected,VPdef (mbar),0.08935982189697061
jena,HEAD,92601,selected,sh (g/kg),0.12938185798651688
jena,HEAD,92601,selected,H2OC (mmol/mol),0.12977941418535885
jena,HEAD,92601,selected,rho (g/m**3),0.17266602449525392
jena,HEAD,92601,selected,wv (m/s),0.40463218206250656
jena,HEAD,92601,selected,max. wv (m/s),0.4062041127960922
jena,HEAD,92601,selected,wd (deg),0.523694252762828
jena,HEAD,92601,selected,rain (mm),0.033596561667125366
jena,HEAD,92601,selected,raining (s),0.19413702416421594
jena,HEAD,92601,selected,SWDR (W/m²),0.056641349457512875
jena,HEAD,92601,selected,PAR (µmol/m²/s),0.05057035363546539
jena,HEAD,92601,selected,max. PAR (µmol/m²/s),0.04738757740082276
jena,HEAD,92601,selected,Tlog (degC),0.1370946462803229
jena,HEAD,92601,selected,CO2 (ppm),0.22907442936508296
jena,HEAD,92601,fixed_final,p (mbar),0.22377868749558363
jena,HEAD,92601,fixed_final,T (degC),0.15784792993188454
jena,HEAD,92601,fixed_final,Tpot (K),0.16148617872957646
jena,HEAD,92601,fixed_final,Tdew (degC),0.16338267203629814
jena,HEAD,92601,fixed_final,rh (%),0.210267928903386
jena,HEAD,92601,fixed_final,VPmax (mbar),0.10948827545046481
jena,HEAD,92601,fixed_final,VPact (mbar),0.132757217807525
jena,HEAD,92601,fixed_final,VPdef (mbar),0.09196866888167915
jena,HEAD,92601,fixed_final,sh (g/kg),0.13221593970498222
jena,HEAD,92601,fixed_final,H2OC (mmol/mol),0.13259498703418027
jena,HEAD,92601,fixed_final,rho (g/m**3),0.17702604629260937
jena,HEAD,92601,fixed_final,wv (m/s),0.4016482060186377
jena,HEAD,92601,fixed_final,max. wv (m/s),0.4032696601509757
jena,HEAD,92601,fixed_final,wd (deg),0.5261184018306647
jena,HEAD,92601,fixed_final,rain (mm),0.033774760064764875
jena,HEAD,92601,fixed_final,raining (s),0.19765031924501622
jena,HEAD,92601,fixed_final,SWDR (W/m²),0.05577957282859779
jena,HEAD,92601,fixed_final,PAR (µmol/m²/s),0.04966204051263986
jena,HEAD,92601,fixed_final,max. PAR (µmol/m²/s),0.04641966748867228
jena,HEAD,92601,fixed_final,Tlog (degC),0.1397560730092201
jena,HEAD,92601,fixed_final,CO2 (ppm),0.22794998644765774
jena,HEAD,92601,budget_0.5,p (mbar),0.22857890914804674
jena,HEAD,92601,budget_0.5,T (degC),0.1503394444711659
jena,HEAD,92601,budget_0.5,Tpot (K),0.153494566912361
jena,HEAD,92601,budget_0.5,Tdew (degC),0.1604032956271118
jena,HEAD,92601,budget_0.5,rh (%),0.20886200472719949
jena,HEAD,92601,budget_0.5,VPmax (mbar),0.10321708218811386
jena,HEAD,92601,budget_0.5,VPact (mbar),0.12978848751699604
jena,HEAD,92601,budget_0.5,VPdef (mbar),0.08935982189697061
jena,HEAD,92601,budget_0.5,sh (g/kg),0.12938185798651688
jena,HEAD,92601,budget_0.5,H2OC (mmol/mol),0.12977941418535885
jena,HEAD,92601,budget_0.5,rho (g/m**3),0.17266602449525392
jena,HEAD,92601,budget_0.5,wv (m/s),0.40463218206250656
jena,HEAD,92601,budget_0.5,max. wv (m/s),0.4062041127960922
jena,HEAD,92601,budget_0.5,wd (deg),0.523694252762828
jena,HEAD,92601,budget_0.5,rain (mm),0.033596561667125366
jena,HEAD,92601,budget_0.5,raining (s),0.19413702416421594
jena,HEAD,92601,budget_0.5,SWDR (W/m²),0.056641349457512875
jena,HEAD,92601,budget_0.5,PAR (µmol/m²/s),0.05057035363546539
jena,HEAD,92601,budget_0.5,max. PAR (µmol/m²/s),0.04738757740082276
jena,HEAD,92601,budget_0.5,Tlog (degC),0.1370946462803229
jena,HEAD,92601,budget_0.5,CO2 (ppm),0.22907442936508296
jena,HEAD,92601,budget_1.0,p (mbar),0.22857890914804674
jena,HEAD,92601,budget_1.0,T (degC),0.1503394444711659
jena,HEAD,92601,budget_1.0,Tpot (K),0.153494566912361
jena,HEAD,92601,budget_1.0,Tdew (degC),0.1604032956271118
jena,HEAD,92601,budget_1.0,rh (%),0.20886200472719949
jena,HEAD,92601,budget_1.0,VPmax (mbar),0.10321708218811386
jena,HEAD,92601,budget_1.0,VPact (mbar),0.12978848751699604
jena,HEAD,92601,budget_1.0,VPdef (mbar),0.08935982189697061
jena,HEAD,92601,budget_1.0,sh (g/kg),0.12938185798651688
jena,HEAD,92601,budget_1.0,H2OC (mmol/mol),0.12977941418535885
jena,HEAD,92601,budget_1.0,rho (g/m**3),0.17266602449525392
jena,HEAD,92601,budget_1.0,wv (m/s),0.40463218206250656
jena,HEAD,92601,budget_1.0,max. wv (m/s),0.4062041127960922
jena,HEAD,92601,budget_1.0,wd (deg),0.523694252762828
jena,HEAD,92601,budget_1.0,rain (mm),0.033596561667125366
jena,HEAD,92601,budget_1.0,raining (s),0.19413702416421594
jena,HEAD,92601,budget_1.0,SWDR (W/m²),0.056641349457512875
jena,HEAD,92601,budget_1.0,PAR (µmol/m²/s),0.05057035363546539
jena,HEAD,92601,budget_1.0,max. PAR (µmol/m²/s),0.04738757740082276
jena,HEAD,92601,budget_1.0,Tlog (degC),0.1370946462803229
jena,HEAD,92601,budget_1.0,CO2 (ppm),0.22907442936508296
jena,LORA,92601,selected,p (mbar),0.22723125012465883
jena,LORA,92601,selected,T (degC),0.14574140817681394
jena,LORA,92601,selected,Tpot (K),0.14936176410590732
jena,LORA,92601,selected,Tdew (degC),0.1551648968202289
jena,LORA,92601,selected,rh (%),0.20873524804545548
jena,LORA,92601,selected,VPmax (mbar),0.10026138163702644
jena,LORA,92601,selected,VPact (mbar),0.1255272434494611
jena,LORA,92601,selected,VPdef (mbar),0.08765422413114106
jena,LORA,92601,selected,sh (g/kg),0.12512804788171927
jena,LORA,92601,selected,H2OC (mmol/mol),0.1254986543872591
jena,LORA,92601,selected,rho (g/m**3),0.17120300627980325
jena,LORA,92601,selected,wv (m/s),0.3984189442946379
jena,LORA,92601,selected,max. wv (m/s),0.4034089458753515
jena,LORA,92601,selected,wd (deg),0.5213283485876316
jena,LORA,92601,selected,rain (mm),0.034737759257561444
jena,LORA,92601,selected,raining (s),0.19157682226546266
jena,LORA,92601,selected,SWDR (W/m²),0.05586720206094139
jena,LORA,92601,selected,PAR (µmol/m²/s),0.049612318351832156
jena,LORA,92601,selected,max. PAR (µmol/m²/s),0.04613149603836486
jena,LORA,92601,selected,Tlog (degC),0.13231925195586555
jena,LORA,92601,selected,CO2 (ppm),0.2277100562422005
jena,LORA,92601,fixed_final,p (mbar),0.22652444100797645
jena,LORA,92601,fixed_final,T (degC),0.18007433280819118
jena,LORA,92601,fixed_final,Tpot (K),0.18280849871724997
jena,LORA,92601,fixed_final,Tdew (degC),0.1826394343383597
jena,LORA,92601,fixed_final,rh (%),0.21488295306844155
jena,LORA,92601,fixed_final,VPmax (mbar),0.1237953289129887
jena,LORA,92601,fixed_final,VPact (mbar),0.1480965128276804
jena,LORA,92601,fixed_final,VPdef (mbar),0.0957227994675233
jena,LORA,92601,fixed_final,sh (g/kg),0.1475868139201881
jena,LORA,92601,fixed_final,H2OC (mmol/mol),0.14818633997936861
jena,LORA,92601,fixed_final,rho (g/m**3),0.19256269265400092
jena,LORA,92601,fixed_final,wv (m/s),0.40821082134692743
jena,LORA,92601,fixed_final,max. wv (m/s),0.4106897470337543
jena,LORA,92601,fixed_final,wd (deg),0.5133430485978964
jena,LORA,92601,fixed_final,rain (mm),0.0317594164807217
jena,LORA,92601,fixed_final,raining (s),0.1836790074554117
jena,LORA,92601,fixed_final,SWDR (W/m²),0.054606996364671645
jena,LORA,92601,fixed_final,PAR (µmol/m²/s),0.04857528654956265
jena,LORA,92601,fixed_final,max. PAR (µmol/m²/s),0.04541979483379989
jena,LORA,92601,fixed_final,Tlog (degC),0.16256393319735213
jena,LORA,92601,fixed_final,CO2 (ppm),0.25628612152260427
jena,LORA,92601,budget_0.5,p (mbar),0.22723125012465883
jena,LORA,92601,budget_0.5,T (degC),0.14574140817681394
jena,LORA,92601,budget_0.5,Tpot (K),0.14936176410590732
jena,LORA,92601,budget_0.5,Tdew (degC),0.1551648968202289
jena,LORA,92601,budget_0.5,rh (%),0.20873524804545548
jena,LORA,92601,budget_0.5,VPmax (mbar),0.10026138163702644
jena,LORA,92601,budget_0.5,VPact (mbar),0.1255272434494611
jena,LORA,92601,budget_0.5,VPdef (mbar),0.08765422413114106
jena,LORA,92601,budget_0.5,sh (g/kg),0.12512804788171927
jena,LORA,92601,budget_0.5,H2OC (mmol/mol),0.1254986543872591
jena,LORA,92601,budget_0.5,rho (g/m**3),0.17120300627980325
jena,LORA,92601,budget_0.5,wv (m/s),0.3984189442946379
jena,LORA,92601,budget_0.5,max. wv (m/s),0.4034089458753515
jena,LORA,92601,budget_0.5,wd (deg),0.5213283485876316
jena,LORA,92601,budget_0.5,rain (mm),0.034737759257561444
jena,LORA,92601,budget_0.5,raining (s),0.19157682226546266
jena,LORA,92601,budget_0.5,SWDR (W/m²),0.05586720206094139
jena,LORA,92601,budget_0.5,PAR (µmol/m²/s),0.049612318351832156
jena,LORA,92601,budget_0.5,max. PAR (µmol/m²/s),0.04613149603836486
jena,LORA,92601,budget_0.5,Tlog (degC),0.13231925195586555
jena,LORA,92601,budget_0.5,CO2 (ppm),0.2277100562422005
jena,LORA,92601,budget_1.0,p (mbar),0.22723125012465883
jena,LORA,92601,budget_1.0,T (degC),0.14574140817681394
jena,LORA,92601,budget_1.0,Tpot (K),0.14936176410590732
jena,LORA,92601,budget_1.0,Tdew (degC),0.1551648968202289
jena,LORA,92601,budget_1.0,rh (%),0.20873524804545548
jena,LORA,92601,budget_1.0,VPmax (mbar),0.10026138163702644
jena,LORA,92601,budget_1.0,VPact (mbar),0.1255272434494611
jena,LORA,92601,budget_1.0,VPdef (mbar),0.08765422413114106
jena,LORA,92601,budget_1.0,sh (g/kg),0.12512804788171927
jena,LORA,92601,budget_1.0,H2OC (mmol/mol),0.1254986543872591
jena,LORA,92601,budget_1.0,rho (g/m**3),0.17120300627980325
jena,LORA,92601,budget_1.0,wv (m/s),0.3984189442946379
jena,LORA,92601,budget_1.0,max. wv (m/s),0.4034089458753515
jena,LORA,92601,budget_1.0,wd (deg),0.5213283485876316
jena,LORA,92601,budget_1.0,rain (mm),0.034737759257561444
jena,LORA,92601,budget_1.0,raining (s),0.19157682226546266
jena,LORA,92601,budget_1.0,SWDR (W/m²),0.05586720206094139
jena,LORA,92601,budget_1.0,PAR (µmol/m²/s),0.049612318351832156
jena,LORA,92601,budget_1.0,max. PAR (µmol/m²/s),0.04613149603836486
jena,LORA,92601,budget_1.0,Tlog (degC),0.13231925195586555
jena,LORA,92601,budget_1.0,CO2 (ppm),0.2277100562422005
jena,LORAPLUS,92601,selected,p (mbar),0.22685538131676256
jena,LORAPLUS,92601,selected,T (degC),0.14556337508373138
jena,LORAPLUS,92601,selected,Tpot (K),0.1491548381606176
jena,LORAPLUS,92601,selected,Tdew (degC),0.15476533483707153
jena,LORAPLUS,92601,selected,rh (%),0.20876583165928075
jena,LORAPLUS,92601,selected,VPmax (mbar),0.10029437327265989
jena,LORAPLUS,92601,selected,VPact (mbar),0.12525959113342633
jena,LORAPLUS,92601,selected,VPdef (mbar),0.08772941748425474
jena,LORAPLUS,92601,selected,sh (g/kg),0.1248669675249669
jena,LORAPLUS,92601,selected,H2OC (mmol/mol),0.1252435447253053
jena,LORAPLUS,92601,selected,rho (g/m**3),0.17069033247760484
jena,LORAPLUS,92601,selected,wv (m/s),0.3986883171165201
jena,LORAPLUS,92601,selected,max. wv (m/s),0.4035774522000578
jena,LORAPLUS,92601,selected,wd (deg),0.521267404558311
jena,LORAPLUS,92601,selected,rain (mm),0.034424301000132725
jena,LORAPLUS,92601,selected,raining (s),0.191366085276834
jena,LORAPLUS,92601,selected,SWDR (W/m²),0.05583367327779805
jena,LORAPLUS,92601,selected,PAR (µmol/m²/s),0.049589836788432574
jena,LORAPLUS,92601,selected,max. PAR (µmol/m²/s),0.04614458707038505
jena,LORAPLUS,92601,selected,Tlog (degC),0.13203866183180582
jena,LORAPLUS,92601,selected,CO2 (ppm),0.22800065036175557
jena,LORAPLUS,92601,fixed_final,p (mbar),0.22570082722261112
jena,LORAPLUS,92601,fixed_final,T (degC),0.17620479874760947
jena,LORAPLUS,92601,fixed_final,Tpot (K),0.17961344867869777
jena,LORAPLUS,92601,fixed_final,Tdew (degC),0.18252745886828925
jena,LORAPLUS,92601,fixed_final,rh (%),0.21282845414405463
jena,LORAPLUS,92601,fixed_final,VPmax (mbar),0.12124691197755717
jena,LORAPLUS,92601,fixed_final,VPact (mbar),0.14690456101275975
jena,LORAPLUS,92601,fixed_final,VPdef (mbar),0.09542838824100386
jena,LORAPLUS,92601,fixed_final,sh (g/kg),0.14627626846895075
jena,LORAPLUS,92601,fixed_final,H2OC (mmol/mol),0.1466563240277622
jena,LORAPLUS,92601,fixed_final,rho (g/m**3),0.19421740301930154
jena,LORAPLUS,92601,fixed_final,wv (m/s),0.41265695790554835
jena,LORAPLUS,92601,fixed_final,max. wv (m/s),0.4180894119564889
jena,LORAPLUS,92601,fixed_final,wd (deg),0.5142059090703409
jena,LORAPLUS,92601,fixed_final,rain (mm),0.03188869991339194
jena,LORAPLUS,92601,fixed_final,raining (s),0.1856386366250727
jena,LORAPLUS,92601,fixed_final,SWDR (W/m²),0.054163502280649624
jena,LORAPLUS,92601,fixed_final,PAR (µmol/m²/s),0.04803789243316133
jena,LORAPLUS,92601,fixed_final,max. PAR (µmol/m²/s),0.04499540554050706
jena,LORAPLUS,92601,fixed_final,Tlog (degC),0.1546628565083204
jena,LORAPLUS,92601,fixed_final,CO2 (ppm),0.26033864554488895
jena,LORAPLUS,92601,budget_0.5,p (mbar),0.22685538131676256
jena,LORAPLUS,92601,budget_0.5,T (degC),0.14556337508373138
jena,LORAPLUS,92601,budget_0.5,Tpot (K),0.1491548381606176
jena,LORAPLUS,92601,budget_0.5,Tdew (degC),0.15476533483707153
jena,LORAPLUS,92601,budget_0.5,rh (%),0.20876583165928075
jena,LORAPLUS,92601,budget_0.5,VPmax (mbar),0.10029437327265989
jena,LORAPLUS,92601,budget_0.5,VPact (mbar),0.12525959113342633
jena,LORAPLUS,92601,budget_0.5,VPdef (mbar),0.08772941748425474
jena,LORAPLUS,92601,budget_0.5,sh (g/kg),0.1248669675249669
jena,LORAPLUS,92601,budget_0.5,H2OC (mmol/mol),0.1252435447253053
jena,LORAPLUS,92601,budget_0.5,rho (g/m**3),0.17069033247760484
jena,LORAPLUS,92601,budget_0.5,wv (m/s),0.3986883171165201
jena,LORAPLUS,92601,budget_0.5,max. wv (m/s),0.4035774522000578
jena,LORAPLUS,92601,budget_0.5,wd (deg),0.521267404558311
jena,LORAPLUS,92601,budget_0.5,rain (mm),0.034424301000132725
jena,LORAPLUS,92601,budget_0.5,raining (s),0.191366085276834
jena,LORAPLUS,92601,budget_0.5,SWDR (W/m²),0.05583367327779805
jena,LORAPLUS,92601,budget_0.5,PAR (µmol/m²/s),0.049589836788432574
jena,LORAPLUS,92601,budget_0.5,max. PAR (µmol/m²/s),0.04614458707038505
jena,LORAPLUS,92601,budget_0.5,Tlog (degC),0.13203866183180582
jena,LORAPLUS,92601,budget_0.5,CO2 (ppm),0.22800065036175557
jena,LORAPLUS,92601,budget_1.0,p (mbar),0.22685538131676256
jena,LORAPLUS,92601,budget_1.0,T (degC),0.14556337508373138
jena,LORAPLUS,92601,budget_1.0,Tpot (K),0.1491548381606176
jena,LORAPLUS,92601,budget_1.0,Tdew (degC),0.15476533483707153
jena,LORAPLUS,92601,budget_1.0,rh (%),0.20876583165928075
jena,LORAPLUS,92601,budget_1.0,VPmax (mbar),0.10029437327265989
jena,LORAPLUS,92601,budget_1.0,VPact (mbar),0.12525959113342633
jena,LORAPLUS,92601,budget_1.0,VPdef (mbar),0.08772941748425474
jena,LORAPLUS,92601,budget_1.0,sh (g/kg),0.1248669675249669
jena,LORAPLUS,92601,budget_1.0,H2OC (mmol/mol),0.1252435447253053
jena,LORAPLUS,92601,budget_1.0,rho (g/m**3),0.17069033247760484
jena,LORAPLUS,92601,budget_1.0,wv (m/s),0.3986883171165201
jena,LORAPLUS,92601,budget_1.0,max. wv (m/s),0.4035774522000578
jena,LORAPLUS,92601,budget_1.0,wd (deg),0.521267404558311
jena,LORAPLUS,92601,budget_1.0,rain (mm),0.034424301000132725
jena,LORAPLUS,92601,budget_1.0,raining (s),0.191366085276834
jena,LORAPLUS,92601,budget_1.0,SWDR (W/m²),0.05583367327779805
jena,LORAPLUS,92601,budget_1.0,PAR (µmol/m²/s),0.049589836788432574
jena,LORAPLUS,92601,budget_1.0,max. PAR (µmol/m²/s),0.04614458707038505
jena,LORAPLUS,92601,budget_1.0,Tlog (degC),0.13203866183180582
jena,LORAPLUS,92601,budget_1.0,CO2 (ppm),0.22800065036175557
jena,HEAD,92602,selected,p (mbar),0.22472176749203807
jena,HEAD,92602,selected,T (degC),0.14888244051835564
jena,HEAD,92602,selected,Tpot (K),0.15202423660339134
jena,HEAD,92602,selected,Tdew (degC),0.15731811711891458
jena,HEAD,92602,selected,rh (%),0.21260919309430107
jena,HEAD,92602,selected,VPmax (mbar),0.10261550902380963
jena,HEAD,92602,selected,VPact (mbar),0.1275424490235413
jena,HEAD,92602,selected,VPdef (mbar),0.08941038795067825
jena,HEAD,92602,selected,sh (g/kg),0.1270969063387715
jena,HEAD,92602,selected,H2OC (mmol/mol),0.1274716803270306
jena,HEAD,92602,selected,rho (g/m**3),0.17522431036024075
jena,HEAD,92602,selected,wv (m/s),0.4017233219958012
jena,HEAD,92602,selected,max. wv (m/s),0.4043207151217229
jena,HEAD,92602,selected,wd (deg),0.533318189721035
jena,HEAD,92602,selected,rain (mm),0.033410586528793994
jena,HEAD,92602,selected,raining (s),0.1941916627195032
jena,HEAD,92602,selected,SWDR (W/m²),0.05678381896885466
jena,HEAD,92602,selected,PAR (µmol/m²/s),0.05044200576475735
jena,HEAD,92602,selected,max. PAR (µmol/m²/s),0.04747043965269077
jena,HEAD,92602,selected,Tlog (degC),0.13548512817033087
jena,HEAD,92602,selected,CO2 (ppm),0.22957297963163825
jena,HEAD,92602,fixed_final,p (mbar),0.22707658947491038
jena,HEAD,92602,fixed_final,T (degC),0.15253205878409212
jena,HEAD,92602,fixed_final,Tpot (K),0.1563350095905281
jena,HEAD,92602,fixed_final,Tdew (degC),0.1605001983124162
jena,HEAD,92602,fixed_final,rh (%),0.21127864521412965
jena,HEAD,92602,fixed_final,VPmax (mbar),0.10545871920042775
jena,HEAD,92602,fixed_final,VPact (mbar),0.12986483350386577
jena,HEAD,92602,fixed_final,VPdef (mbar),0.08963580647044456
jena,HEAD,92602,fixed_final,sh (g/kg),0.12931607986720467
jena,HEAD,92602,fixed_final,H2OC (mmol/mol),0.12969285085195428
jena,HEAD,92602,fixed_final,rho (g/m**3),0.17376249784664843
jena,HEAD,92602,fixed_final,wv (m/s),0.4055797066383719
jena,HEAD,92602,fixed_final,max. wv (m/s),0.40716855378760364
jena,HEAD,92602,fixed_final,wd (deg),0.5304348143097037
jena,HEAD,92602,fixed_final,rain (mm),0.03465002529543922
jena,HEAD,92602,fixed_final,raining (s),0.19802425042542932
jena,HEAD,92602,fixed_final,SWDR (W/m²),0.06004440730889833
jena,HEAD,92602,fixed_final,PAR (µmol/m²/s),0.053621032263477864
jena,HEAD,92602,fixed_final,max. PAR (µmol/m²/s),0.04981352667990187
jena,HEAD,92602,fixed_final,Tlog (degC),0.1375389144448694
jena,HEAD,92602,fixed_final,CO2 (ppm),0.22570928015345135
jena,HEAD,92602,budget_0.5,p (mbar),0.22472176749203807
jena,HEAD,92602,budget_0.5,T (degC),0.14888244051835564
jena,HEAD,92602,budget_0.5,Tpot (K),0.15202423660339134
jena,HEAD,92602,budget_0.5,Tdew (degC),0.15731811711891458
jena,HEAD,92602,budget_0.5,rh (%),0.21260919309430107
jena,HEAD,92602,budget_0.5,VPmax (mbar),0.10261550902380963
jena,HEAD,92602,budget_0.5,VPact (mbar),0.1275424490235413
jena,HEAD,92602,budget_0.5,VPdef (mbar),0.08941038795067825
jena,HEAD,92602,budget_0.5,sh (g/kg),0.1270969063387715
jena,HEAD,92602,budget_0.5,H2OC (mmol/mol),0.1274716803270306
jena,HEAD,92602,budget_0.5,rho (g/m**3),0.17522431036024075
jena,HEAD,92602,budget_0.5,wv (m/s),0.4017233219958012
jena,HEAD,92602,budget_0.5,max. wv (m/s),0.4043207151217229
jena,HEAD,92602,budget_0.5,wd (deg),0.533318189721035
jena,HEAD,92602,budget_0.5,rain (mm),0.033410586528793994
jena,HEAD,92602,budget_0.5,raining (s),0.1941916627195032
jena,HEAD,92602,budget_0.5,SWDR (W/m²),0.05678381896885466
jena,HEAD,92602,budget_0.5,PAR (µmol/m²/s),0.05044200576475735
jena,HEAD,92602,budget_0.5,max. PAR (µmol/m²/s),0.04747043965269077
jena,HEAD,92602,budget_0.5,Tlog (degC),0.13548512817033087
jena,HEAD,92602,budget_0.5,CO2 (ppm),0.22957297963163825
jena,HEAD,92602,budget_1.0,p (mbar),0.22472176749203807
jena,HEAD,92602,budget_1.0,T (degC),0.14888244051835564
jena,HEAD,92602,budget_1.0,Tpot (K),0.15202423660339134
jena,HEAD,92602,budget_1.0,Tdew (degC),0.15731811711891458
jena,HEAD,92602,budget_1.0,rh (%),0.21260919309430107
jena,HEAD,92602,budget_1.0,VPmax (mbar),0.10261550902380963
jena,HEAD,92602,budget_1.0,VPact (mbar),0.1275424490235413
jena,HEAD,92602,budget_1.0,VPdef (mbar),0.08941038795067825
jena,HEAD,92602,budget_1.0,sh (g/kg),0.1270969063387715
jena,HEAD,92602,budget_1.0,H2OC (mmol/mol),0.1274716803270306
jena,HEAD,92602,budget_1.0,rho (g/m**3),0.17522431036024075
jena,HEAD,92602,budget_1.0,wv (m/s),0.4017233219958012
jena,HEAD,92602,budget_1.0,max. wv (m/s),0.4043207151217229
jena,HEAD,92602,budget_1.0,wd (deg),0.533318189721035
jena,HEAD,92602,budget_1.0,rain (mm),0.033410586528793994
jena,HEAD,92602,budget_1.0,raining (s),0.1941916627195032
jena,HEAD,92602,budget_1.0,SWDR (W/m²),0.05678381896885466
jena,HEAD,92602,budget_1.0,PAR (µmol/m²/s),0.05044200576475735
jena,HEAD,92602,budget_1.0,max. PAR (µmol/m²/s),0.04747043965269077
jena,HEAD,92602,budget_1.0,Tlog (degC),0.13548512817033087
jena,HEAD,92602,budget_1.0,CO2 (ppm),0.22957297963163825
jena,LORA,92602,selected,p (mbar),0.22018523645364832
jena,LORA,92602,selected,T (degC),0.15180332762839338
jena,LORA,92602,selected,Tpot (K),0.15472774859270266
jena,LORA,92602,selected,Tdew (degC),0.1574121259567362
jena,LORA,92602,selected,rh (%),0.20531444008692434
jena,LORA,92602,selected,VPmax (mbar),0.10466567080071788
jena,LORA,92602,selected,VPact (mbar),0.1277542223560445
jena,LORA,92602,selected,VPdef (mbar),0.08800217489264309
jena,LORA,92602,selected,sh (g/kg),0.12735893858456365
jena,LORA,92602,selected,H2OC (mmol/mol),0.12774670521013806
jena,LORA,92602,selected,rho (g/m**3),0.1742506258599622
jena,LORA,92602,selected,wv (m/s),0.39637903657443
jena,LORA,92602,selected,max. wv (m/s),0.40002948142196193
jena,LORA,92602,selected,wd (deg),0.517970085778995
jena,LORA,92602,selected,rain (mm),0.032656186890980675
jena,LORA,92602,selected,raining (s),0.18460522181330927
jena,LORA,92602,selected,SWDR (W/m²),0.05464647783806733
jena,LORA,92602,selected,PAR (µmol/m²/s),0.04877761467237818
jena,LORA,92602,selected,max. PAR (µmol/m²/s),0.04547926420514534
jena,LORA,92602,selected,Tlog (degC),0.13596442875890577
jena,LORA,92602,selected,CO2 (ppm),0.22803367923188514
jena,LORA,92602,fixed_final,p (mbar),0.2221370537952924
jena,LORA,92602,fixed_final,T (degC),0.17920235252092043
jena,LORA,92602,fixed_final,Tpot (K),0.18225713816670122
jena,LORA,92602,fixed_final,Tdew (degC),0.17317689949498924
jena,LORA,92602,fixed_final,rh (%),0.22779942254411187
jena,LORA,92602,fixed_final,VPmax (mbar),0.12363966027205779
jena,LORA,92602,fixed_final,VPact (mbar),0.14029047227630126
jena,LORA,92602,fixed_final,VPdef (mbar),0.09677037231312124
jena,LORA,92602,fixed_final,sh (g/kg),0.13998043784013472
jena,LORA,92602,fixed_final,H2OC (mmol/mol),0.1404977613830578
jena,LORA,92602,fixed_final,rho (g/m**3),0.18920579637529616
jena,LORA,92602,fixed_final,wv (m/s),0.41414296887012325
jena,LORA,92602,fixed_final,max. wv (m/s),0.4179436217831068
jena,LORA,92602,fixed_final,wd (deg),0.5213873885881934
jena,LORA,92602,fixed_final,rain (mm),0.031766389268251066
jena,LORA,92602,fixed_final,raining (s),0.18487975090017617
jena,LORA,92602,fixed_final,SWDR (W/m²),0.055077198627051925
jena,LORA,92602,fixed_final,PAR (µmol/m²/s),0.0492336034104595
jena,LORA,92602,fixed_final,max. PAR (µmol/m²/s),0.04590142455342036
jena,LORA,92602,fixed_final,Tlog (degC),0.16019055740374918
jena,LORA,92602,fixed_final,CO2 (ppm),0.2576277924942159
jena,LORA,92602,budget_0.5,p (mbar),0.22018523645364832
jena,LORA,92602,budget_0.5,T (degC),0.15180332762839338
jena,LORA,92602,budget_0.5,Tpot (K),0.15472774859270266
jena,LORA,92602,budget_0.5,Tdew (degC),0.1574121259567362
jena,LORA,92602,budget_0.5,rh (%),0.20531444008692434
jena,LORA,92602,budget_0.5,VPmax (mbar),0.10466567080071788
jena,LORA,92602,budget_0.5,VPact (mbar),0.1277542223560445
jena,LORA,92602,budget_0.5,VPdef (mbar),0.08800217489264309
jena,LORA,92602,budget_0.5,sh (g/kg),0.12735893858456365
jena,LORA,92602,budget_0.5,H2OC (mmol/mol),0.12774670521013806
jena,LORA,92602,budget_0.5,rho (g/m**3),0.1742506258599622
jena,LORA,92602,budget_0.5,wv (m/s),0.39637903657443
jena,LORA,92602,budget_0.5,max. wv (m/s),0.40002948142196193
jena,LORA,92602,budget_0.5,wd (deg),0.517970085778995
jena,LORA,92602,budget_0.5,rain (mm),0.032656186890980675
jena,LORA,92602,budget_0.5,raining (s),0.18460522181330927
jena,LORA,92602,budget_0.5,SWDR (W/m²),0.05464647783806733
jena,LORA,92602,budget_0.5,PAR (µmol/m²/s),0.04877761467237818
jena,LORA,92602,budget_0.5,max. PAR (µmol/m²/s),0.04547926420514534
jena,LORA,92602,budget_0.5,Tlog (degC),0.13596442875890577
jena,LORA,92602,budget_0.5,CO2 (ppm),0.22803367923188514
jena,LORA,92602,budget_1.0,p (mbar),0.22018523645364832
jena,LORA,92602,budget_1.0,T (degC),0.15180332762839338
jena,LORA,92602,budget_1.0,Tpot (K),0.15472774859270266
jena,LORA,92602,budget_1.0,Tdew (degC),0.1574121259567362
jena,LORA,92602,budget_1.0,rh (%),0.20531444008692434
jena,LORA,92602,budget_1.0,VPmax (mbar),0.10466567080071788
jena,LORA,92602,budget_1.0,VPact (mbar),0.1277542223560445
jena,LORA,92602,budget_1.0,VPdef (mbar),0.08800217489264309
jena,LORA,92602,budget_1.0,sh (g/kg),0.12735893858456365
jena,LORA,92602,budget_1.0,H2OC (mmol/mol),0.12774670521013806
jena,LORA,92602,budget_1.0,rho (g/m**3),0.1742506258599622
jena,LORA,92602,budget_1.0,wv (m/s),0.39637903657443
jena,LORA,92602,budget_1.0,max. wv (m/s),0.40002948142196193
jena,LORA,92602,budget_1.0,wd (deg),0.517970085778995
jena,LORA,92602,budget_1.0,rain (mm),0.032656186890980675
jena,LORA,92602,budget_1.0,raining (s),0.18460522181330927
jena,LORA,92602,budget_1.0,SWDR (W/m²),0.05464647783806733
jena,LORA,92602,budget_1.0,PAR (µmol/m²/s),0.04877761467237818
jena,LORA,92602,budget_1.0,max. PAR (µmol/m²/s),0.04547926420514534
jena,LORA,92602,budget_1.0,Tlog (degC),0.13596442875890577
jena,LORA,92602,budget_1.0,CO2 (ppm),0.22803367923188514
jena,LORAPLUS,92602,selected,p (mbar),0.2242293993722505
jena,LORAPLUS,92602,selected,T (degC),0.14530087417062143
jena,LORAPLUS,92602,selected,Tpot (K),0.14878230739411585
jena,LORAPLUS,92602,selected,Tdew (degC),0.1548273651498152
jena,LORAPLUS,92602,selected,rh (%),0.2073749231192932
jena,LORAPLUS,92602,selected,VPmax (mbar),0.09982097993578096
jena,LORAPLUS,92602,selected,VPact (mbar),0.12528348095770236
jena,LORAPLUS,92602,selected,VPdef (mbar),0.08763457951794162
jena,LORAPLUS,92602,selected,sh (g/kg),0.12491955012445435
jena,LORAPLUS,92602,selected,H2OC (mmol/mol),0.1252731410628214
jena,LORAPLUS,92602,selected,rho (g/m**3),0.17283120488315892
jena,LORAPLUS,92602,selected,wv (m/s),0.3944395133895765
jena,LORAPLUS,92602,selected,max. wv (m/s),0.39818286286201493
jena,LORAPLUS,92602,selected,wd (deg),0.5214271212230167
jena,LORAPLUS,92602,selected,rain (mm),0.03363060656671571
jena,LORAPLUS,92602,selected,raining (s),0.18923617376274915
jena,LORAPLUS,92602,selected,SWDR (W/m²),0.055585204467892446
jena,LORAPLUS,92602,selected,PAR (µmol/m²/s),0.049340848008803936
jena,LORAPLUS,92602,selected,max. PAR (µmol/m²/s),0.0458485615354024
jena,LORAPLUS,92602,selected,Tlog (degC),0.1315736590958391
jena,LORAPLUS,92602,selected,CO2 (ppm),0.2282848430953746
jena,LORAPLUS,92602,fixed_final,p (mbar),0.2228169860702764
jena,LORAPLUS,92602,fixed_final,T (degC),0.1750557278492357
jena,LORAPLUS,92602,fixed_final,Tpot (K),0.1796663901994915
jena,LORAPLUS,92602,fixed_final,Tdew (degC),0.17192086675979612
jena,LORAPLUS,92602,fixed_final,rh (%),0.22965094980975992
jena,LORAPLUS,92602,fixed_final,VPmax (mbar),0.12048175215931804
jena,LORAPLUS,92602,fixed_final,VPact (mbar),0.137567692754483
jena,LORAPLUS,92602,fixed_final,VPdef (mbar),0.09895788821110257
jena,LORAPLUS,92602,fixed_final,sh (g/kg),0.13707765433156577
jena,LORAPLUS,92602,fixed_final,H2OC (mmol/mol),0.13762373761383498
jena,LORAPLUS,92602,fixed_final,rho (g/m**3),0.1909902029832747
jena,LORAPLUS,92602,fixed_final,wv (m/s),0.4097325216017462
jena,LORAPLUS,92602,fixed_final,max. wv (m/s),0.41442506878488644
jena,LORAPLUS,92602,fixed_final,wd (deg),0.5208694382629953
jena,LORAPLUS,92602,fixed_final,rain (mm),0.03208559913078038
jena,LORAPLUS,92602,fixed_final,raining (s),0.18585791268697943
jena,LORAPLUS,92602,fixed_final,SWDR (W/m²),0.055531989228449166
jena,LORAPLUS,92602,fixed_final,PAR (µmol/m²/s),0.049211649945362645
jena,LORAPLUS,92602,fixed_final,max. PAR (µmol/m²/s),0.045832106633444135
jena,LORAPLUS,92602,fixed_final,Tlog (degC),0.15612322512968033
jena,LORAPLUS,92602,fixed_final,CO2 (ppm),0.26195734877240556
jena,LORAPLUS,92602,budget_0.5,p (mbar),0.2242293993722505
jena,LORAPLUS,92602,budget_0.5,T (degC),0.14530087417062143
jena,LORAPLUS,92602,budget_0.5,Tpot (K),0.14878230739411585
jena,LORAPLUS,92602,budget_0.5,Tdew (degC),0.1548273651498152
jena,LORAPLUS,92602,budget_0.5,rh (%),0.2073749231192932
jena,LORAPLUS,92602,budget_0.5,VPmax (mbar),0.09982097993578096
jena,LORAPLUS,92602,budget_0.5,VPact (mbar),0.12528348095770236
jena,LORAPLUS,92602,budget_0.5,VPdef (mbar),0.08763457951794162
jena,LORAPLUS,92602,budget_0.5,sh (g/kg),0.12491955012445435
jena,LORAPLUS,92602,budget_0.5,H2OC (mmol/mol),0.1252731410628214
jena,LORAPLUS,92602,budget_0.5,rho (g/m**3),0.17283120488315892
jena,LORAPLUS,92602,budget_0.5,wv (m/s),0.3944395133895765
jena,LORAPLUS,92602,budget_0.5,max. wv (m/s),0.39818286286201493
jena,LORAPLUS,92602,budget_0.5,wd (deg),0.5214271212230167
jena,LORAPLUS,92602,budget_0.5,rain (mm),0.03363060656671571
jena,LORAPLUS,92602,budget_0.5,raining (s),0.18923617376274915
jena,LORAPLUS,92602,budget_0.5,SWDR (W/m²),0.055585204467892446
jena,LORAPLUS,92602,budget_0.5,PAR (µmol/m²/s),0.049340848008803936
jena,LORAPLUS,92602,budget_0.5,max. PAR (µmol/m²/s),0.0458485615354024
jena,LORAPLUS,92602,budget_0.5,Tlog (degC),0.1315736590958391
jena,LORAPLUS,92602,budget_0.5,CO2 (ppm),0.2282848430953746
jena,LORAPLUS,92602,budget_1.0,p (mbar),0.2242293993722505
jena,LORAPLUS,92602,budget_1.0,T (degC),0.14530087417062143
jena,LORAPLUS,92602,budget_1.0,Tpot (K),0.14878230739411585
jena,LORAPLUS,92602,budget_1.0,Tdew (degC),0.1548273651498152
jena,LORAPLUS,92602,budget_1.0,rh (%),0.2073749231192932
jena,LORAPLUS,92602,budget_1.0,VPmax (mbar),0.09982097993578096
jena,LORAPLUS,92602,budget_1.0,VPact (mbar),0.12528348095770236
jena,LORAPLUS,92602,budget_1.0,VPdef (mbar),0.08763457951794162
jena,LORAPLUS,92602,budget_1.0,sh (g/kg),0.12491955012445435
jena,LORAPLUS,92602,budget_1.0,H2OC (mmol/mol),0.1252731410628214
jena,LORAPLUS,92602,budget_1.0,rho (g/m**3),0.17283120488315892
jena,LORAPLUS,92602,budget_1.0,wv (m/s),0.3944395133895765
jena,LORAPLUS,92602,budget_1.0,max. wv (m/s),0.39818286286201493
jena,LORAPLUS,92602,budget_1.0,wd (deg),0.5214271212230167
jena,LORAPLUS,92602,budget_1.0,rain (mm),0.03363060656671571
jena,LORAPLUS,92602,budget_1.0,raining (s),0.18923617376274915
jena,LORAPLUS,92602,budget_1.0,SWDR (W/m²),0.055585204467892446
jena,LORAPLUS,92602,budget_1.0,PAR (µmol/m²/s),0.049340848008803936
jena,LORAPLUS,92602,budget_1.0,max. PAR (µmol/m²/s),0.0458485615354024
jena,LORAPLUS,92602,budget_1.0,Tlog (degC),0.1315736590958391
jena,LORAPLUS,92602,budget_1.0,CO2 (ppm),0.2282848430953746
