dataset,aggregation,id,role,seed,period,mse,mae,signed_mean_error,origins
robin,instance,v6_robin_level_res_92601,pca_level,92601,test_a,0.2737467694171549,0.3320506342363804,0.03000087842493624,40
robin,instance,v6_robin_level_res_92601,pca_level,92601,test_b,0.2762684912874164,0.3168226376097151,-0.015533436136331435,40
robin,instance,v6_robin_level_res_92601,pca_level,92601,combined,0.2750087927589786,0.32443795858995605,0.007232423649599875,80
robin,instance,v6_robin_level_res_92602,pca_level,92602,test_a,0.27360769350787895,0.3316793656455705,0.02981344683478099,40
robin,instance,v6_robin_level_res_92602,pca_level,92602,test_b,0.2771557642578982,0.31781480064304674,-0.015719937630396624,40
robin,instance,v6_robin_level_res_92602,pca_level,92602,combined,0.275382914421879,0.32474844115099794,0.0070454441824537245,80
robin,instance,v11_robin_a_p_lora_qfixed_lr0.001_92601,a,92601,test_a,0.3026018669258108,0.3503598636829461,0.07329211944923207,40
robin,instance,v11_robin_a_p_lora_qfixed_lr0.001_92601,a,92601,test_b,0.2604455266629193,0.3093051213560828,-0.017332138127392004,40
robin,instance,v11_robin_a_p_lora_qfixed_lr0.001_92601,a,92601,combined,0.28152504029244374,0.32983401286525227,0.02798020334986137,80
robin,instance,v11_robin_a_p_lora_qfixed_lr0.001_92602,a,92602,test_a,0.27887717523167305,0.3352374041532449,0.06288770382424619,40
robin,instance,v11_robin_a_p_lora_qfixed_lr0.001_92602,a,92602,test_b,0.250353079480676,0.29732898757976606,0.0013618442445360475,40
robin,instance,v11_robin_a_p_lora_qfixed_lr0.001_92602,a,92602,combined,0.26461635912328624,0.3162846993643029,0.03212422978804968,80
robin,instance,v6_robin_f0,f0,,test_a,0.23153876570433538,0.2830654624257689,0.017943220510597473,40
robin,instance,v6_robin_f0,f0,,test_b,0.22664913960946464,0.24107944671965875,-0.01302235190380529,40
robin,instance,v6_robin_f0,f0,,combined,0.22909530431015587,0.2620739422979974,0.002459769958058748,80
robin,instance,v11_robin_full_lora_mse_lr0.001_92601,full_mse,92601,test_a,0.22942791114195848,0.2857996291971136,0.05689486282591829,40
robin,instance,v11_robin_full_lora_mse_lr0.001_92601,full_mse,92601,test_b,0.20867820300039547,0.23639407434411125,0.022164613144869907,40
robin,instance,v11_robin_full_lora_mse_lr0.001_92601,full_mse,92601,combined,0.21905462219728258,0.26109869930836416,0.03952917680016152,80
robin,instance,v11_robin_full_lora_mse_lr0.001_92602,full_mse,92602,test_a,0.23046474948902182,0.28120171156364354,0.042627770195243185,40
robin,instance,v11_robin_full_lora_mse_lr0.001_92602,full_mse,92602,test_b,0.20549136023974676,0.2314701039600826,0.009779947985955727,40
robin,instance,v11_robin_full_lora_mse_lr0.001_92602,full_mse,92602,combined,0.21797947328900383,0.25633766065123426,0.02620332666738852,80
robin,instance,swap_p__pca_level__f0__s92601,swap_p__pca_level__f0,92601,test_a,0.2667361021123396,0.32581744150867814,0.01837176465184048,40
robin,instance,swap_p__pca_level__f0__s92601,swap_p__pca_level__f0,92601,test_b,0.24470899436861385,0.2832539529487402,-0.011333961667198049,40
robin,instance,swap_p__pca_level__f0__s92601,swap_p__pca_level__f0,92601,combined,0.25572389802684564,0.30453713472252325,0.003516598314296012,80
robin,instance,swap_p__pca_level__f0__s92602,swap_p__pca_level__f0,92602,test_a,0.26659702549379927,0.32555054156407925,0.018184331019690934,40
robin,instance,swap_p__pca_level__f0__s92602,swap_p__pca_level__f0,92602,test_b,0.24559632238906803,0.28454597814031074,-0.011520462565488625,40
robin,instance,swap_p__pca_level__f0__s92602,swap_p__pca_level__f0,92602,combined,0.2560980237486739,0.305049689192249,0.003329618123954982,80
robin,instance,swap_q__pca_level__f0__s92601,swap_q__pca_level__f0,92601,test_a,0.23854943340457602,0.3004631911923277,0.029572334283693227,40
robin,instance,swap_q__pca_level__f0__s92601,swap_q__pca_level__f0,92601,test_b,0.25820728974240725,0.294619741296217,-0.0172218263729387,40
robin,instance,swap_q__pca_level__f0__s92601,swap_q__pca_level__f0,92601,combined,0.24837937710762367,0.2975425088063898,0.006175595293362611,80
robin,instance,swap_q__pca_level__f0__s92602,swap_q__pca_level__f0,92602,test_a,0.23854943411384047,0.30046319148456013,0.029572336325687527,40
robin,instance,swap_q__pca_level__f0__s92602,swap_q__pca_level__f0,92602,test_b,0.25820729051570146,0.29461974195339646,-0.017221826968713296,40
robin,instance,swap_q__pca_level__f0__s92602,swap_q__pca_level__f0,92602,combined,0.24837937784890507,0.29754250928109366,0.00617559601655748,80
robin,instance,swap_p__pca_level__full_mse__s92601,swap_p__pca_level__full_mse,92601,test_a,0.2752089158955769,0.327887910314747,0.05661553284316061,40
robin,instance,swap_p__pca_level__full_mse__s92601,swap_p__pca_level__full_mse,92601,test_b,0.2338764843657197,0.2824475068538628,0.02399581280236443,40
robin,instance,swap_p__pca_level__full_mse__s92601,swap_p__pca_level__full_mse,92601,combined,0.25454378694132707,0.3051689649702979,0.040303535123107276,80
robin,instance,swap_p__pca_level__full_mse__s92602,swap_p__pca_level__full_mse,92602,test_a,0.26517247707698405,0.32147707039457835,0.042672567894478534,40
robin,instance,swap_p__pca_level__full_mse__s92602,swap_p__pca_level__full_mse,92602,test_b,0.23265854113312873,0.2799992098411643,0.011250794963194116,40
robin,instance,swap_p__pca_level__full_mse__s92602,swap_p__pca_level__full_mse,92602,combined,0.24891647719281523,0.30073925288372605,0.026959527767000113,80
robin,instance,swap_q__pca_level__full_mse__s92601,swap_q__pca_level__full_mse,92601,test_a,0.22796576515049505,0.29854355820192524,0.030280208407693885,40
robin,instance,swap_q__pca_level__full_mse__s92601,swap_q__pca_level__full_mse,92601,test_b,0.25106623365306446,0.29268400252672594,-0.017364635793825977,40
robin,instance,swap_q__pca_level__full_mse__s92601,swap_q__pca_level__full_mse,92601,combined,0.2395171893120351,0.29561493570322206,0.006458065326654087,80
robin,instance,swap_q__pca_level__full_mse__s92602,swap_q__pca_level__full_mse,92602,test_a,0.23889996639555222,0.2994673190633661,0.029768649135545614,40
robin,instance,swap_q__pca_level__full_mse__s92602,swap_q__pca_level__full_mse,92602,test_b,0.2499847833307623,0.29148644561908804,-0.017190784607635047,40
robin,instance,swap_q__pca_level__full_mse__s92602,swap_q__pca_level__full_mse,92602,combined,0.24444348399522736,0.2954779434541361,0.006289243082842101,80
robin,instance,swap_p__a__f0__s92601,swap_p__a__f0,92601,test_a,0.26673610339327264,0.3258174421539117,0.01837176558906582,40
robin,instance,swap_p__a__f0__s92601,swap_p__a__f0,92601,test_b,0.24470899447834604,0.283253953248753,-0.011333962060817966,40
robin,instance,swap_p__a__f0__s92601,swap_p__a__f0,92601,combined,0.2557238987221859,0.3045371351951708,0.0035165985861571004,80
robin,instance,swap_p__a__f0__s92602,swap_p__a__f0,92602,test_a,0.26659702584090683,0.32555054167509556,0.018184331551624276,40
robin,instance,swap_p__a__f0__s92602,swap_p__a__f0,92602,test_b,0.24559632193515235,0.2845459775626584,-0.01152046266598564,40
robin,instance,swap_p__a__f0__s92602,swap_p__a__f0,92602,combined,0.2560980236952325,0.30504968895892587,0.0033296183396784177,80
robin,instance,swap_q__a__f0__s92601,swap_q__a__f0,92601,test_a,0.267404529501357,0.3226468701132286,0.07286357437076371,40
robin,instance,swap_q__a__f0__s92601,swap_q__a__f0,92601,test_b,0.24237118163464727,0.2884092148828443,-0.019020527970379338,40
robin,instance,swap_q__a__f0__s92601,swap_q__a__f0,92601,combined,0.2548891513848642,0.30552932247229253,0.026923374721763003,80
robin,instance,swap_q__a__f0__s92602,swap_q__a__f0,92602,test_a,0.24381891546266707,0.3059002469205161,0.06264659278321938,40
robin,instance,swap_q__a__f0__s92602,swap_q__a__f0,92602,test_b,0.23139873497518929,0.2711017900607537,-0.00014004499328362294,40
robin,instance,swap_q__a__f0__s92602,swap_q__a__f0,92602,combined,0.23761001135266882,0.28850251446387787,0.03125438140643,80
robin,instance,swap_p__a__full_mse__s92601,swap_p__a__full_mse,92601,test_a,0.27520891710764195,0.32788791109294574,0.05661553378038598,40
robin,instance,swap_p__a__full_mse__s92601,swap_p__a__full_mse,92601,test_b,0.23387648435606523,0.28244750664989426,0.023995812408744502,40
robin,instance,swap_p__a__full_mse__s92601,swap_p__a__full_mse,92601,combined,0.2545437875425363,0.3051689652574468,0.04030353539496839,80
robin,instance,swap_p__a__full_mse__s92602,swap_p__a__full_mse,92602,test_a,0.2651724773652686,0.32147707008165155,0.04267256842641188,40
robin,instance,swap_p__a__full_mse__s92602,swap_p__a__full_mse,92602,test_b,0.23265854071244063,0.2799992090975398,0.011250794862697127,40
robin,instance,swap_p__a__full_mse__s92602,swap_p__a__full_mse,92602,combined,0.24891647712657353,0.3007392523554334,0.026959527982723563,80
robin,instance,swap_q__a__full_mse__s92601,swap_q__a__full_mse,92601,test_a,0.25682086117840813,0.3210354332721029,0.07357144849476438,40
robin,instance,swap_q__a__full_mse__s92601,swap_q__a__full_mse,92601,test_b,0.23522952407323874,0.28454781178222444,-0.019163337391266633,40
robin,instance,swap_q__a__full_mse__s92601,swap_q__a__full_mse,92601,combined,0.24602670118402006,0.3027931571949112,0.027205844755054484,80
robin,instance,swap_q__a__full_mse__s92602,swap_q__a__full_mse,92602,test_a,0.24416944768555585,0.30437103450761976,0.06284290559307748,40
robin,instance,swap_q__a__full_mse__s92602,swap_q__a__full_mse,92602,test_b,0.22317577797028626,0.26531192883173216,-0.00010900263220538139,40
robin,instance,swap_q__a__full_mse__s92602,swap_q__a__full_mse,92602,combined,0.23367394624087823,0.28484317986247365,0.03136802847271462,80
robin,mean_seed_loss,pca_level,pca_level,,test_a,0.273677231462517,0.3318649999409754,0.02990716262985861,40
robin,mean_seed_loss,pca_level,pca_level,,test_b,0.2767121277726573,0.31731871912638093,-0.015626686883364035,40
robin,mean_seed_loss,pca_level,pca_level,,combined,0.27519585359042886,0.3245931998704771,0.0071389339160268,80
robin,mean_seed_loss,a,a,,test_a,0.29073952107874196,0.34279863391809545,0.06808991163673914,40
robin,mean_seed_loss,a,a,,test_b,0.25539930307179765,0.30331705446792445,-0.007985146941427983,40
robin,mean_seed_loss,a,a,,combined,0.27307069970786507,0.3230593561147776,0.03005221656895552,80
robin,mean_seed_loss,f0,f0,,test_a,0.23153876570433538,0.2830654624257689,0.017943220510597473,40
robin,mean_seed_loss,f0,f0,,test_b,0.22664913960946464,0.24107944671965875,-0.01302235190380529,40
robin,mean_seed_loss,f0,f0,,combined,0.22909530431015587,0.2620739422979974,0.002459769958058748,80
robin,mean_seed_loss,full_mse,full_mse,,test_a,0.22994633031549017,0.28350067038037857,0.04976131651058074,40
robin,mean_seed_loss,full_mse,full_mse,,test_b,0.20708478162007116,0.23393208915209693,0.01597228056541282,40
robin,mean_seed_loss,full_mse,full_mse,,combined,0.21851704774314318,0.25871817997979923,0.03286625173377502,80
robin,mean_seed_loss,swap_p__pca_level__f0,swap_p__pca_level__f0,,test_a,0.2666665638030694,0.3256839915363788,0.018278047835765702,40
robin,mean_seed_loss,swap_p__pca_level__f0,swap_p__pca_level__f0,,test_b,0.24515265837884095,0.2838999655445255,-0.011427212116343344,40
robin,mean_seed_loss,swap_p__pca_level__f0,swap_p__pca_level__f0,,combined,0.2559109608877598,0.30479341195738613,0.0034231082191254853,80
robin,mean_seed_loss,swap_q__pca_level__f0,swap_q__pca_level__f0,,test_a,0.23854943375920823,0.3004631913384439,0.02957233530469037,40
robin,mean_seed_loss,swap_q__pca_level__f0,swap_q__pca_level__f0,,test_b,0.2582072901290543,0.2946197416248068,-0.01722182667082599,40
robin,mean_seed_loss,swap_q__pca_level__f0,swap_q__pca_level__f0,,combined,0.24837937747826438,0.29754250904374174,0.006175595654960046,80
robin,mean_seed_loss,swap_p__pca_level__full_mse,swap_p__pca_level__full_mse,,test_a,0.27019069648628047,0.3246824903546627,0.04964405036881958,40
robin,mean_seed_loss,swap_p__pca_level__full_mse,swap_p__pca_level__full_mse,,test_b,0.2332675127494242,0.28122335834751355,0.017623303882779277,40
robin,mean_seed_loss,swap_p__pca_level__full_mse,swap_p__pca_level__full_mse,,combined,0.25173013206707107,0.3029541089270119,0.03363153144505371,80
robin,mean_seed_loss,swap_q__pca_level__full_mse,swap_q__pca_level__full_mse,,test_a,0.23343286577302363,0.2990054386326456,0.030024428771619763,40
robin,mean_seed_loss,swap_q__pca_level__full_mse,swap_q__pca_level__full_mse,,test_b,0.2505255084919134,0.292085224072907,-0.017277710200730524,40
robin,mean_seed_loss,swap_q__pca_level__full_mse,swap_q__pca_level__full_mse,,combined,0.24198033665363117,0.29554643957867904,0.006373654204748094,80
robin,mean_seed_loss,swap_p__a__f0,swap_p__a__f0,,test_a,0.2666665646170897,0.3256839919145036,0.01827804857034505,40
robin,mean_seed_loss,swap_p__a__f0,swap_p__a__f0,,test_b,0.24515265820674917,0.2838999654057058,-0.0114272123634018,40
robin,mean_seed_loss,swap_p__a__f0,swap_p__a__f0,,combined,0.2559109612087092,0.30479341207704835,0.0034231084629177603,80
robin,mean_seed_loss,swap_q__a__f0,swap_q__a__f0,,test_a,0.2556117224820121,0.31427355851687233,0.06775508357699155,40
robin,mean_seed_loss,swap_q__a__f0,swap_q__a__f0,,test_b,0.23688495830491826,0.27975550247179903,-0.009580286481831485,40
robin,mean_seed_loss,swap_q__a__f0,swap_q__a__f0,,combined,0.24624958136876648,0.2970159184680852,0.02908887806409649,80
robin,mean_seed_loss,swap_p__a__full_mse,swap_p__a__full_mse,,test_a,0.2701906972364553,0.3246824905872986,0.049644051103398944,40
robin,mean_seed_loss,swap_p__a__full_mse,swap_p__a__full_mse,,test_b,0.2332675125342529,0.28122335787371705,0.017623303635720816,40
robin,mean_seed_loss,swap_p__a__full_mse,swap_p__a__full_mse,,combined,0.25173013233455493,0.3029541088064401,0.03363153168884598,80
robin,mean_seed_loss,swap_q__a__full_mse,swap_q__a__full_mse,,test_a,0.250495154431982,0.3127032338898613,0.06820717704392092,40
robin,mean_seed_loss,swap_q__a__full_mse,swap_q__a__full_mse,,test_b,0.2292026510217625,0.27492987030697824,-0.009636170011736004,40
robin,mean_seed_loss,swap_q__a__full_mse,swap_q__a__full_mse,,combined,0.2398503237124491,0.29381816852869236,0.029286936613884547,80
jena,instance,v7_jena_level_res_92601,pca_level,92601,test_a,0.4222002440174097,0.3810606831762398,-0.01653616537538954,365
jena,instance,v7_jena_level_res_92601,pca_level,92601,test_b,0.22623753018946116,0.2599065718567734,-0.0077922014771419435,365
jena,instance,v7_jena_level_res_92601,pca_level,92601,combined,0.3242188871034354,0.3204836275165066,-0.012164183426265743,730
jena,instance,v7_jena_level_res_92602,pca_level,92602,test_a,0.4227494811207223,0.38102043080016684,-0.016511834021438947,365
jena,instance,v7_jena_level_res_92602,pca_level,92602,test_b,0.2262493750418761,0.2598119851728067,-0.007795429692494984,365
jena,instance,v7_jena_level_res_92602,pca_level,92602,combined,0.3244994280812994,0.3204162079864868,-0.012153631856966966,730
jena,instance,v11_jena_a_p_lora_qfixed_lr0.0001_92601,a,92601,test_a,0.30569439143059174,0.3106072981926241,0.00887261541144087,365
jena,instance,v11_jena_a_p_lora_qfixed_lr0.0001_92601,a,92601,test_b,0.20085898577555683,0.23947708111837304,0.009045259831894411,365
jena,instance,v11_jena_a_p_lora_qfixed_lr0.0001_92601,a,92601,combined,0.25327668860307434,0.2750421896554986,0.008958937621667641,730
jena,instance,v11_jena_a_p_lora_qfixed_lr0.0001_92602,a,92602,test_a,0.3038156362023672,0.30904906565612356,0.0024476057382867614,365
jena,instance,v11_jena_a_p_lora_qfixed_lr0.0001_92602,a,92602,test_b,0.20200349591224806,0.24105257566161178,0.004349354268068422,365
jena,instance,v11_jena_a_p_lora_qfixed_lr0.0001_92602,a,92602,combined,0.25290956605730763,0.2750508206588676,0.0033984800031775916,730
jena,instance,v7_jena_f0,f0,,test_a,0.3707561544364758,0.3131295741185513,-0.03010389073272888,365
jena,instance,v7_jena_f0,f0,,test_b,0.2138438967827428,0.21638567720780014,-0.02397708941974848,365
jena,instance,v7_jena_f0,f0,,combined,0.2923000256096091,0.26475762566317573,-0.027040490076238675,730
jena,instance,v11_jena_full_lora_mse_lr0.0001_92601,full_mse,92601,test_a,0.2772561966536052,0.2651845366522206,-0.007879400176001448,365
jena,instance,v11_jena_full_lora_mse_lr0.0001_92601,full_mse,92601,test_b,0.18586534578675643,0.20867820500517648,-0.0020080455534060076,365
jena,instance,v11_jena_full_lora_mse_lr0.0001_92601,full_mse,92601,combined,0.23156077122018082,0.23693137082869858,-0.004943722864703727,730
jena,instance,v11_jena_full_lora_mse_lr0.0001_92602,full_mse,92602,test_a,0.2802193474500152,0.26991854118990266,0.0005367726816211114,365
jena,instance,v11_jena_full_lora_mse_lr0.0001_92602,full_mse,92602,test_b,0.18822558830182398,0.21199237796130355,0.006360889436286687,365
jena,instance,v11_jena_full_lora_mse_lr0.0001_92602,full_mse,92602,combined,0.23422246787591927,0.24095545957560316,0.003448831058953899,730
jena,instance,swap_p__pca_level__f0__s92601,swap_p__pca_level__f0,92601,test_a,0.3534454856714899,0.32638531597651826,-0.023308356881166302,365
jena,instance,swap_p__pca_level__f0__s92601,swap_p__pca_level__f0,92601,test_b,0.21087076893780268,0.23549157665990114,-0.01821705363743452,365
jena,instance,swap_p__pca_level__f0__s92601,swap_p__pca_level__f0,92601,combined,0.2821581273046463,0.2809384463182097,-0.020762705259300417,730
jena,instance,swap_p__pca_level__f0__s92602,swap_p__pca_level__f0,92602,test_a,0.35399472350959926,0.32641230760868395,-0.023284025267325276,365
jena,instance,swap_p__pca_level__f0__s92602,swap_p__pca_level__f0,92602,test_b,0.21088261400972982,0.2355540749663926,-0.018220281900303753,365
jena,instance,swap_p__pca_level__f0__s92602,swap_p__pca_level__f0,92602,combined,0.28243866875966456,0.28098319128753835,-0.02075215358381451,730
jena,instance,swap_q__pca_level__f0__s92601,swap_q__pca_level__f0,92601,test_a,0.4395109089968043,0.38513555412224126,-0.02333169922695212,365
jena,instance,swap_q__pca_level__f0__s92601,swap_q__pca_level__f0,92601,test_b,0.22921065641027713,0.25426713103676973,-0.013552237259455908,365
jena,instance,swap_q__pca_level__f0__s92601,swap_q__pca_level__f0,92601,combined,0.3343607827035407,0.31970134257950555,-0.018441968243204026,730
jena,instance,swap_q__pca_level__f0__s92602,swap_q__pca_level__f0,92602,test_a,0.4395109082620076,0.385135553727295,-0.023331699486842543,365
jena,instance,swap_q__pca_level__f0__s92602,swap_q__pca_level__f0,92602,test_b,0.2292106561907648,0.2542671307708718,-0.013552237211939731,365
jena,instance,swap_q__pca_level__f0__s92602,swap_q__pca_level__f0,92602,combined,0.3343607822263861,0.31970134224908353,-0.01844196834939114,730
jena,instance,swap_p__pca_level__full_mse__s92601,swap_p__pca_level__full_mse,92601,test_a,0.2801031777306432,0.27661103932710657,-0.006427280383057558,365
jena,instance,swap_p__pca_level__full_mse__s92601,swap_p__pca_level__full_mse,92601,test_b,0.18967220271027452,0.22076257672175345,0.002873961258659199,365
jena,instance,swap_p__pca_level__full_mse__s92601,swap_p__pca_level__full_mse,92601,combined,0.23488769022045886,0.24868680802443002,-0.0017766595621991753,730
jena,instance,swap_p__pca_level__full_mse__s92602,swap_p__pca_level__full_mse,92602,test_a,0.283519760539552,0.2801957094704293,0.0011129044541489301,365
jena,instance,swap_p__pca_level__full_mse__s92602,swap_p__pca_level__full_mse,92602,test_b,0.19138551292451028,0.22299228078296832,0.008544096865806945,365
jena,instance,swap_p__pca_level__full_mse__s92602,swap_p__pca_level__full_mse,92602,combined,0.23745263673203118,0.2515939951266988,0.004828500659977937,730
jena,instance,swap_q__pca_level__full_mse__s92601,swap_q__pca_level__full_mse,92601,test_a,0.41935325857378125,0.3794033777320361,-0.017988285168333416,365
jena,instance,swap_q__pca_level__full_mse__s92601,swap_q__pca_level__full_mse,92601,test_b,0.22243067158195592,0.2557949127123491,-0.012674208289207164,365
jena,instance,swap_q__pca_level__full_mse__s92601,swap_q__pca_level__full_mse,92601,combined,0.3208919650778685,0.3175991452221926,-0.015331246728770278,730
jena,instance,swap_q__pca_level__full_mse__s92602,swap_q__pca_level__full_mse,92602,test_a,0.41944906353423983,0.37941220390238994,-0.017087965793966757,365
jena,instance,swap_q__pca_level__full_mse__s92602,swap_q__pca_level__full_mse,92602,test_b,0.2230894486802131,0.2557776736666768,-0.009978637122015256,365
jena,instance,swap_q__pca_level__full_mse__s92602,swap_q__pca_level__full_mse,92602,combined,0.3212692561072264,0.3175949387845333,-0.013533301457991002,730
jena,instance,swap_p__a__f0__s92601,swap_p__a__f0,92601,test_a,0.3534454854762568,0.32638531609466126,-0.023308356934037055,365
jena,instance,swap_p__a__f0__s92601,swap_p__a__f0,92601,test_b,0.21087076902170632,0.2354915767318764,-0.01821705363405309,365
jena,instance,swap_p__a__f0__s92601,swap_p__a__f0,92601,combined,0.2821581272489817,0.2809384464132688,-0.020762705284045085,730
jena,instance,swap_p__a__f0__s92602,swap_p__a__f0,92602,test_a,0.35399472348511934,0.3264123078966453,-0.02328402531178995,365
jena,instance,swap_p__a__f0__s92602,swap_p__a__f0,92602,test_b,0.21088261408106876,0.23555407509394302,-0.01822028188696785,365
jena,instance,swap_p__a__f0__s92602,swap_p__a__f0,92602,combined,0.28243866878309404,0.28098319149529416,-0.020752153599378906,730
jena,instance,swap_q__a__f0__s92601,swap_q__a__f0,92601,test_a,0.3230050590166795,0.3212077910511872,0.0020770816127490496,365
jena,instance,swap_q__a__f0__s92601,swap_q__a__f0,92601,test_b,0.20383211278276686,0.23933146936450317,0.003285224046199019,365
jena,instance,swap_q__a__f0__s92601,swap_q__a__f0,92601,combined,0.2634185858997232,0.28026963020784523,0.0026811528294740324,730
jena,instance,swap_q__a__f0__s92602,swap_q__a__f0,92602,test_a,0.32057706595143953,0.31902921346653285,-0.004372259682652171,365
jena,instance,swap_q__a__f0__s92602,swap_q__a__f0,92602,test_b,0.20496477785034367,0.24068805403084395,-0.001407453264712211,365
jena,instance,swap_q__a__f0__s92602,swap_q__a__f0,92602,combined,0.26277092190089163,0.2798586337486884,-0.002889856473682193,730
jena,instance,swap_p__a__full_mse__s92601,swap_p__a__full_mse,92601,test_a,0.28010317791976924,0.27661103949936383,-0.0064272804359283234,365
jena,instance,swap_p__a__full_mse__s92601,swap_p__a__full_mse,92601,test_b,0.1896722029103801,0.220762576679395,0.0028739612620406253,365
jena,instance,swap_p__a__full_mse__s92601,swap_p__a__full_mse,92601,combined,0.23488769041507457,0.24868680808937937,-0.0017766595869438445,730
jena,instance,swap_p__a__full_mse__s92602,swap_p__a__full_mse,92602,test_a,0.2835197609833357,0.28019570990998394,0.001112904409684271,365
jena,instance,swap_p__a__full_mse__s92602,swap_p__a__full_mse,92602,test_b,0.19138551315280772,0.22299228085898387,0.008544096879142836,365
jena,instance,swap_p__a__full_mse__s92602,swap_p__a__full_mse,92602,combined,0.23745263706807174,0.25159399538448396,0.004828500644413556,730
jena,instance,swap_q__a__full_mse__s92601,swap_q__a__full_mse,92601,test_a,0.30284740897801593,0.30954071588258375,0.007420495671367756,365
jena,instance,swap_q__a__full_mse__s92601,swap_q__a__full_mse,92601,test_b,0.19705212807064731,0.23534286603906213,0.004163253016447753,365
jena,instance,swap_q__a__full_mse__s92601,swap_q__a__full_mse,92601,combined,0.24994976852433168,0.27244179096082294,0.005791874343907756,730
jena,instance,swap_q__a__full_mse__s92602,swap_q__a__full_mse,92602,test_a,0.30051522169193573,0.30741057234474234,0.0018714740102236116,365
jena,instance,swap_q__a__full_mse__s92602,swap_q__a__full_mse,92602,test_b,0.19884357049675064,0.2373207922897438,0.0021661468252122448,365
jena,instance,swap_q__a__full_mse__s92602,swap_q__a__full_mse,92602,combined,0.24967939609434306,0.2723656823172431,0.0020188104177179386,730
jena,mean_seed_loss,pca_level,pca_level,,test_a,0.4224748625690661,0.38104055698820327,-0.016523999698414248,365
jena,mean_seed_loss,pca_level,pca_level,,test_b,0.2262434526156686,0.25985927851479,-0.0077938155848184636,365
jena,mean_seed_loss,pca_level,pca_level,,combined,0.3243591575923673,0.32044991775149667,-0.012158907641616354,730
jena,mean_seed_loss,a,a,,test_a,0.3047550138164795,0.3098281819243739,0.005660110574863816,365
jena,mean_seed_loss,a,a,,test_b,0.20143124084390243,0.24026482838999239,0.006697307049981416,365
jena,mean_seed_loss,a,a,,combined,0.25309312733019096,0.27504650515718304,0.006178708812422616,730
jena,mean_seed_loss,f0,f0,,test_a,0.3707561544364758,0.3131295741185513,-0.03010389073272888,365
jena,mean_seed_loss,f0,f0,,test_b,0.2138438967827428,0.21638567720780014,-0.02397708941974848,365
jena,mean_seed_loss,f0,f0,,combined,0.2923000256096091,0.26475762566317573,-0.027040490076238675,730
jena,mean_seed_loss,full_mse,full_mse,,test_a,0.2787377720518102,0.26755153892106165,-0.003671313747190167,365
jena,mean_seed_loss,full_mse,full_mse,,test_b,0.1870454670442903,0.21033529148323998,0.002176421941440339,365
jena,mean_seed_loss,full_mse,full_mse,,combined,0.23289161954805002,0.23894341520215084,-0.0007474459028749143,730
jena,mean_seed_loss,swap_p__pca_level__f0,swap_p__pca_level__f0,,test_a,0.3537201045905446,0.32639881179260116,-0.02329619107424579,365
jena,mean_seed_loss,swap_p__pca_level__f0,swap_p__pca_level__f0,,test_b,0.2108766914737663,0.23552282581314699,-0.01821866776886914,365
jena,mean_seed_loss,swap_p__pca_level__f0,swap_p__pca_level__f0,,combined,0.28229839803215534,0.28096081880287394,-0.020757429421557463,730
jena,mean_seed_loss,swap_q__pca_level__f0,swap_q__pca_level__f0,,test_a,0.4395109086294059,0.38513555392476817,-0.02333169935689733,365
jena,mean_seed_loss,swap_q__pca_level__f0,swap_q__pca_level__f0,,test_b,0.22921065630052104,0.25426713090382075,-0.013552237235697814,365
jena,mean_seed_loss,swap_q__pca_level__f0,swap_q__pca_level__f0,,combined,0.33436078246496337,0.31970134241429454,-0.018441968296297576,730
jena,mean_seed_loss,swap_p__pca_level__full_mse,swap_p__pca_level__full_mse,,test_a,0.2818114691350974,0.2784033743987679,-0.002657187964454317,365
jena,mean_seed_loss,swap_p__pca_level__full_mse,swap_p__pca_level__full_mse,,test_b,0.1905288578173924,0.22187742875236088,0.005709029062233076,365
jena,mean_seed_loss,swap_p__pca_level__full_mse,swap_p__pca_level__full_mse,,combined,0.236170163476245,0.2501404015755644,0.0015259205488893817,730
jena,mean_seed_loss,swap_q__pca_level__full_mse,swap_q__pca_level__full_mse,,test_a,0.4194011610540105,0.379407790817213,-0.017538125481150097,365
jena,mean_seed_loss,swap_q__pca_level__full_mse,swap_q__pca_level__full_mse,,test_b,0.22276006013108443,0.255786293189513,-0.011326422705611211,365
jena,mean_seed_loss,swap_q__pca_level__full_mse,swap_q__pca_level__full_mse,,combined,0.32108061059254744,0.317597042003363,-0.014432274093380645,730
jena,mean_seed_loss,swap_p__a__f0,swap_p__a__f0,,test_a,0.35372010448068814,0.32639881199565324,-0.02329619112291349,365
jena,mean_seed_loss,swap_p__a__f0,swap_p__a__f0,,test_b,0.2108766915513876,0.23552282591290968,-0.018218667760510482,365
jena,mean_seed_loss,swap_p__a__f0,swap_p__a__f0,,combined,0.28229839801603773,0.2809608189542815,-0.020757429441711977,730
jena,mean_seed_loss,swap_q__a__f0,swap_q__a__f0,,test_a,0.3217910624840595,0.32011850225886,-0.001147589034951562,365
jena,mean_seed_loss,swap_q__a__f0,swap_q__a__f0,,test_b,0.20439844531655527,0.24000976169767346,0.000938885390743399,365
jena,mean_seed_loss,swap_q__a__f0,swap_q__a__f0,,combined,0.2630947539003074,0.28006413197826685,-0.00010435182210408013,730
jena,mean_seed_loss,swap_p__a__full_mse,swap_p__a__full_mse,,test_a,0.2818114694515526,0.2784033747046739,-0.0026571880131220217,365
jena,mean_seed_loss,swap_p__a__full_mse,swap_p__a__full_mse,,test_b,0.1905288580315938,0.22187742876918948,0.005709029070591736,365
jena,mean_seed_loss,swap_p__a__full_mse,swap_p__a__full_mse,,combined,0.23617016374157332,0.2501404017369317,0.0015259205287348535,730
jena,mean_seed_loss,swap_q__a__full_mse,swap_q__a__full_mse,,test_a,0.3016813153349758,0.30847564411366307,0.004645984840795686,365
jena,mean_seed_loss,swap_q__a__full_mse,swap_q__a__full_mse,,test_b,0.197947849283699,0.2363318291644029,0.003164699920830009,365
jena,mean_seed_loss,swap_q__a__full_mse,swap_q__a__full_mse,,combined,0.2498145823093374,0.27240373663903295,0.003905342380812849,730
hog,instance,v5_hog_level_res_92601,pca_level,92601,test_a,2.2150536800472014,0.7223410879004519,-0.09976459362484202,40
hog,instance,v5_hog_level_res_92601,pca_level,92601,test_b,3.1146835096696432,0.8836186833090057,-0.030265416761657258,40
hog,instance,v5_hog_level_res_92601,pca_level,92601,combined,2.6609325242076025,0.8020944386689155,-0.06497911986769718,80
hog,instance,v5_hog_level_res_92602,pca_level,92602,test_a,2.2282648568364554,0.7244434876528162,-0.09828947715862442,40
hog,instance,v5_hog_level_res_92602,pca_level,92602,test_b,3.1249696071065065,0.8837475119493458,-0.028033891270550317,40
hog,instance,v5_hog_level_res_92602,pca_level,92602,combined,2.672686195055496,0.8032036025121436,-0.06310220553811693,80
hog,instance,v11_hog_a_p_lora_qfixed_lr0.0001_92601,a,92601,test_a,2.227018532502572,0.7269234422462421,-0.09639605787627087,40
hog,instance,v11_hog_a_p_lora_qfixed_lr0.0001_92601,a,92601,test_b,3.12618721812498,0.870262090281968,-0.017146246128063952,40
hog,instance,v11_hog_a_p_lora_qfixed_lr0.0001_92601,a,92601,combined,2.67283871156666,0.79775414892386,-0.05672011959242865,80
hog,instance,v11_hog_a_p_lora_qfixed_lr0.0001_92602,a,92602,test_a,2.2198987920873074,0.7219777837191157,-0.08539118603466796,40
hog,instance,v11_hog_a_p_lora_qfixed_lr0.0001_92602,a,92602,test_b,3.0762471913723988,0.8688404120966605,-0.0047898617341413235,40
hog,instance,v11_hog_a_p_lora_qfixed_lr0.0001_92602,a,92602,combined,2.6442660081232936,0.7945431972641694,-0.045032877989821626,80
hog,instance,v4_hog_f0,f0,,test_a,2.383851981594088,0.6013448553238903,-0.14770361972039206,40
hog,instance,v4_hog_f0,f0,,test_b,3.1002837773240275,0.6724840321921141,-0.097624269477742,40
hog,instance,v4_hog_f0,f0,,combined,2.7380442153643942,0.6361020968432587,-0.12236443120318553,80
hog,instance,v11_hog_full_lora_mse_lr0.0001_92601,full_mse,92601,test_a,2.34250232924213,0.5994622776769326,-0.14736199403425823,40
hog,instance,v11_hog_full_lora_mse_lr0.0001_92601,full_mse,92601,test_b,2.894720239342147,0.6545391298645009,-0.09656000543144741,40
hog,instance,v11_hog_full_lora_mse_lr0.0001_92601,full_mse,92601,combined,2.614585789206398,0.6261872430497573,-0.12152847874432178,80
hog,instance,v11_hog_full_lora_mse_lr0.0001_92602,full_mse,92602,test_a,2.374457505301744,0.5976195100125369,-0.16796297243553104,40
hog,instance,v11_hog_full_lora_mse_lr0.0001_92602,full_mse,92602,test_b,2.905630377304175,0.6473021521790143,-0.11232973892672232,40
hog,instance,v11_hog_full_lora_mse_lr0.0001_92602,full_mse,92602,combined,2.636022261415947,0.6216509139666588,-0.13973373757757745,80
hog,instance,swap_p__pca_level__f0__s92601,swap_p__pca_level__f0,92601,test_a,2.284411884324579,0.7086400047746214,-0.14715849145691282,40
hog,instance,swap_p__pca_level__f0__s92601,swap_p__pca_level__f0,92601,test_b,3.133622264705303,0.8387495124349098,-0.09411375368269118,40
hog,instance,swap_p__pca_level__f0__s92601,swap_p__pca_level__f0,92601,combined,2.704583157340976,0.7727479203154978,-0.12044525907196725,80
hog,instance,swap_p__pca_level__f0__s92602,swap_p__pca_level__f0,92602,test_a,2.297721203709183,0.712316777038345,-0.14568337711414436,40
hog,instance,swap_p__pca_level__f0__s92602,swap_p__pca_level__f0,92602,test_b,3.1440505796096767,0.8367802728246011,-0.09188222926147828,40
hog,instance,swap_p__pca_level__f0__s92602,swap_p__pca_level__f0,92602,combined,2.7164502688125163,0.7736043084604679,-0.11856834633823586,80
hog,instance,swap_q__pca_level__f0__s92601,swap_q__pca_level__f0,92601,test_a,2.314959236431667,0.6820461489876097,-0.10030972188832125,40
hog,instance,swap_q__pca_level__f0__s92601,swap_q__pca_level__f0,92601,test_b,3.082632092523129,0.7819718472890053,-0.03377593255670807,40
hog,instance,swap_q__pca_level__f0__s92601,swap_q__pca_level__f0,92601,combined,2.6952867525702064,0.7313070634954033,-0.06689829199891544,80
hog,instance,swap_q__pca_level__f0__s92602,swap_q__pca_level__f0,92602,test_a,2.314959238595689,0.6820461490814058,-0.10030971976487207,40
hog,instance,swap_q__pca_level__f0__s92602,swap_q__pca_level__f0,92602,test_b,3.0826321001951147,0.7819718493361527,-0.033775931486814,40
hog,instance,swap_q__pca_level__f0__s92602,swap_q__pca_level__f0,92602,combined,2.695286757505479,0.7313070645702203,-0.0668982904030666,80
hog,instance,swap_p__pca_level__full_mse__s92601,swap_p__pca_level__full_mse,92601,test_a,2.260094705794219,0.7032661361247935,-0.14655057826319734,40
hog,instance,swap_p__pca_level__full_mse__s92601,swap_p__pca_level__full_mse,92601,test_b,3.0360974619517416,0.8180138231420213,-0.09083153020931309,40
hog,instance,swap_p__pca_level__full_mse__s92601,swap_p__pca_level__full_mse,92601,combined,2.6436160401508815,0.7596689335932176,-0.1185348275311707,80
hog,instance,swap_p__pca_level__full_mse__s92602,swap_p__pca_level__full_mse,92602,test_a,2.299092874356147,0.7140035736346781,-0.16439512327565808,40
hog,instance,swap_p__pca_level__full_mse__s92602,swap_p__pca_level__full_mse,92602,test_b,3.0430798928008116,0.8163642945632383,-0.10349125903614642,40
hog,instance,swap_p__pca_level__full_mse__s92602,swap_p__pca_level__full_mse,92602,combined,2.6666448979569033,0.7642239681913502,-0.1337546382487781,80
hog,instance,swap_q__pca_level__full_mse__s92601,swap_q__pca_level__full_mse,92601,test_a,2.298004411810027,0.687472469840838,-0.1005760093959029,40
hog,instance,swap_q__pca_level__full_mse__s92601,swap_q__pca_level__full_mse,92601,test_b,2.9756955409707366,0.7736823131872093,-0.03599389198379155,40
hog,instance,swap_q__pca_level__full_mse__s92601,swap_q__pca_level__full_mse,92601,combined,2.633302074079931,0.7298805475325854,-0.06797277108084827,80
hog,instance,swap_q__pca_level__full_mse__s92602,swap_q__pca_level__full_mse,92602,test_a,2.3042943051345546,0.6889688177907436,-0.10185732631849742,40
hog,instance,swap_q__pca_level__full_mse__s92602,swap_q__pca_level__full_mse,92602,test_b,2.9897377641869265,0.7759320266144711,-0.03687237116112616,40
hog,instance,swap_q__pca_level__full_mse__s92602,swap_q__pca_level__full_mse,92602,combined,2.64343827891535,0.7317434854060432,-0.0690813048669163,80
hog,instance,swap_p__a__f0__s92601,swap_p__a__f0,92601,test_a,2.284411883970948,0.7086400044926687,-0.1471584911251806,40
hog,instance,swap_p__a__f0__s92601,swap_p__a__f0,92601,test_b,3.1336222592634253,0.8387495128604379,-0.09411375366034735,40
hog,instance,swap_p__a__f0__s92601,swap_p__a__f0,92601,combined,2.7045831544423176,0.7727479203903377,-0.12044525888880792,80
hog,instance,swap_p__a__f0__s92602,swap_p__a__f0,92602,test_a,2.2977211966872626,0.7123167772471104,-0.145683377329153,40
hog,instance,swap_p__a__f0__s92602,swap_p__a__f0,92602,test_b,3.144050579774354,0.8367802733079812,-0.0918822294060671,40
hog,instance,swap_p__a__f0__s92602,swap_p__a__f0,92602,combined,2.716450265340107,0.7736043088034418,-0.1185683465193236,80
hog,instance,swap_q__a__f0__s92601,swap_q__a__f0,92601,test_a,2.3264594849318168,0.693514734952427,-0.09694118647148232,40
hog,instance,swap_q__a__f0__s92601,swap_q__a__f0,92601,test_b,3.093020574024284,0.7834555460922181,-0.02065676194545855,40
hog,instance,swap_q__a__f0__s92601,swap_q__a__f0,92601,combined,2.706494441062313,0.7378351646377415,-0.058639291906806223,80
hog,instance,swap_q__a__f0__s92602,swap_q__a__f0,92602,test_a,2.306254960801828,0.6824852744628573,-0.08741142842590702,40
hog,instance,swap_q__a__f0__s92602,swap_q__a__f0,92602,test_b,3.0330392767107646,0.7723650865480964,-0.010531901805816188,40
hog,instance,swap_q__a__f0__s92602,swap_q__a__f0,92602,combined,2.666328397560565,0.7267549441180392,-0.04882896267368356,80
hog,instance,swap_p__a__full_mse__s92601,swap_p__a__full_mse,92601,test_a,2.260094705625212,0.7032661360283553,-0.14655057793146514,40
hog,instance,swap_p__a__full_mse__s92601,swap_p__a__full_mse,92601,test_b,3.0360974566460537,0.8180138231683566,-0.09083153018696931,40
hog,instance,swap_p__a__full_mse__s92601,swap_p__a__full_mse,92601,combined,2.643616037407809,0.7596689335584547,-0.11853482734801135,80
hog,instance,swap_p__a__full_mse__s92602,swap_p__a__full_mse,92602,test_a,2.2990928675066185,0.7140035734511896,-0.16439512349066665,40
hog,instance,swap_p__a__full_mse__s92602,swap_p__a__full_mse,92602,test_b,3.0430798930429237,0.8163642948771904,-0.10349125918073529,40
hog,instance,swap_p__a__full_mse__s92602,swap_p__a__full_mse,92602,combined,2.6666448946042687,0.7642239682492112,-0.13375463842986585,80
hog,instance,swap_q__a__full_mse__s92601,swap_q__a__full_mse,92601,test_a,2.309628054143272,0.689759081275437,-0.09720747397906399,40
hog,instance,swap_q__a__full_mse__s92601,swap_q__a__full_mse,92601,test_b,2.9860633851920775,0.7673775111286705,-0.022874721372542036,40
hog,instance,swap_q__a__full_mse__s92601,swap_q__a__full_mse,92601,combined,2.644551311947738,0.7279227729103004,-0.0597137709887391,80
hog,instance,swap_q__a__full_mse__s92602,swap_q__a__full_mse,92602,test_a,2.2956850752030133,0.682371456379338,-0.08895903497953234,40
hog,instance,swap_q__a__full_mse__s92602,swap_q__a__full_mse,92602,test_b,2.93997172198379,0.7596299991115925,-0.013628341480128349,40
hog,instance,swap_q__a__full_mse__s92602,swap_q__a__full_mse,92602,combined,2.6144428499893415,0.7203313960418714,-0.05101197713753328,80
hog,mean_seed_loss,pca_level,pca_level,,test_a,2.2216592684418277,0.723392287776634,-0.09902703539173321,40
hog,mean_seed_loss,pca_level,pca_level,,test_b,3.119826558388075,0.8836830976291759,-0.02914965401610379,40
hog,mean_seed_loss,pca_level,pca_level,,combined,2.666809359631549,0.8026490205905296,-0.06404066270290705,80
hog,mean_seed_loss,a,a,,test_a,2.223458662294939,0.7244506129826789,-0.09089362195546942,40
hog,mean_seed_loss,a,a,,test_b,3.10121720474869,0.8695512511893143,-0.010968053931102641,40
hog,mean_seed_loss,a,a,,combined,2.6585523598449763,0.7961486730940146,-0.05087649879112514,80
hog,mean_seed_loss,f0,f0,,test_a,2.383851981594088,0.6013448553238903,-0.14770361972039206,40
hog,mean_seed_loss,f0,f0,,test_b,3.1002837773240275,0.6724840321921141,-0.097624269477742,40
hog,mean_seed_loss,f0,f0,,combined,2.7380442153643942,0.6361020968432587,-0.12236443120318553,80
hog,mean_seed_loss,full_mse,full_mse,,test_a,2.3584799172719366,0.5985408938447347,-0.15766248323489462,40
hog,mean_seed_loss,full_mse,full_mse,,test_b,2.9001753083231607,0.6509206410217576,-0.10444487217908485,40
hog,mean_seed_loss,full_mse,full_mse,,combined,2.625304025311172,0.623919078508208,-0.13063110816094964,80
hog,mean_seed_loss,swap_p__pca_level__f0,swap_p__pca_level__f0,,test_a,2.291066544016881,0.7104783909064831,-0.1464209342855286,40
hog,mean_seed_loss,swap_p__pca_level__f0,swap_p__pca_level__f0,,test_b,3.13883642215749,0.8377648926297554,-0.09299799147208472,40
hog,mean_seed_loss,swap_p__pca_level__f0,swap_p__pca_level__f0,,combined,2.7105167130767467,0.773176114387983,-0.11950680270510158,80
hog,mean_seed_loss,swap_q__pca_level__f0,swap_q__pca_level__f0,,test_a,2.314959237513678,0.6820461490345078,-0.10030972082659667,40
hog,mean_seed_loss,swap_q__pca_level__f0,swap_q__pca_level__f0,,test_b,3.082632096359122,0.781971848312579,-0.03377593202176104,40
hog,mean_seed_loss,swap_q__pca_level__f0,swap_q__pca_level__f0,,combined,2.695286755037843,0.7313070640328119,-0.06689829120099099,80
hog,mean_seed_loss,swap_p__pca_level__full_mse,swap_p__pca_level__full_mse,,test_a,2.2795937900751833,0.7086348548797358,-0.15547285076942774,40
hog,mean_seed_loss,swap_p__pca_level__full_mse,swap_p__pca_level__full_mse,,test_b,3.0395886773762766,0.8171890588526298,-0.09716139462272975,40
hog,mean_seed_loss,swap_p__pca_level__full_mse,swap_p__pca_level__full_mse,,combined,2.6551304690538924,0.7619464508922837,-0.1261447328899744,80
hog,mean_seed_loss,swap_q__pca_level__full_mse,swap_q__pca_level__full_mse,,test_a,2.3011493584722906,0.6882206438157907,-0.10121666785720015,40
hog,mean_seed_loss,swap_q__pca_level__full_mse,swap_q__pca_level__full_mse,,test_b,2.982716652578832,0.7748071699008403,-0.036433131572458845,40
hog,mean_seed_loss,swap_q__pca_level__full_mse,swap_q__pca_level__full_mse,,combined,2.6383701764976406,0.7308120164693142,-0.06852703797388227,80
hog,mean_seed_loss,swap_p__a__f0,swap_p__a__f0,,test_a,2.2910665403291057,0.7104783908698897,-0.1464209342271668,40
hog,mean_seed_loss,swap_p__a__f0,swap_p__a__f0,,test_b,3.1388364195188894,0.8377648930842096,-0.09299799153320726,40
hog,mean_seed_loss,swap_p__a__f0,swap_p__a__f0,,combined,2.7105167098912117,0.7731761145968896,-0.11950680270406577,80
hog,mean_seed_loss,swap_q__a__f0,swap_q__a__f0,,test_a,2.316357222866822,0.6880000047076422,-0.09217630744869468,40
hog,mean_seed_loss,swap_q__a__f0,swap_q__a__f0,,test_b,3.063029925367525,0.7779103163201573,-0.015594331875637371,40
hog,mean_seed_loss,swap_q__a__f0,swap_q__a__f0,,combined,2.6864114193114386,0.7322950543778903,-0.05373412729024492,80
hog,mean_seed_loss,swap_p__a__full_mse,swap_p__a__full_mse,,test_a,2.279593786565915,0.7086348547397725,-0.1554728507110659,40
hog,mean_seed_loss,swap_p__a__full_mse,swap_p__a__full_mse,,test_b,3.03958867484449,0.8171890590227734,-0.09716139468385229,40
hog,mean_seed_loss,swap_p__a__full_mse,swap_p__a__full_mse,,combined,2.6551304660060384,0.761946450903833,-0.12614473288893857,80
hog,mean_seed_loss,swap_q__a__full_mse,swap_q__a__full_mse,,test_a,2.3026565646731427,0.6860652688273874,-0.09308325447929816,40
hog,mean_seed_loss,swap_q__a__full_mse,swap_q__a__full_mse,,test_b,2.9630175535879344,0.7635037551201314,-0.018251531426335198,40
hog,mean_seed_loss,swap_q__a__full_mse,swap_q__a__full_mse,,combined,2.62949708096854,0.7241270844760859,-0.055362874063136176,80
peacock_education,instance,peacock_education_level_lr1e-3_s92601__retry_heartbeat01,pca_level,92601,test_a,0.23427061415585218,0.3391900087048547,-0.025558983456023247,40
peacock_education,instance,peacock_education_level_lr1e-3_s92601__retry_heartbeat01,pca_level,92601,test_b,0.17317419300705023,0.29183088141779584,-0.0018911257943167148,40
peacock_education,instance,peacock_education_level_lr1e-3_s92601__retry_heartbeat01,pca_level,92601,combined,0.2037268471433063,0.315513112242859,-0.013736209250185046,80
peacock_education,instance,peacock_education_level_lr1e-3_s92602,pca_level,92602,test_a,0.2343288836638956,0.3391965705344562,-0.02601327763157898,40
peacock_education,instance,peacock_education_level_lr1e-3_s92602,pca_level,92602,test_b,0.1712723262720206,0.289788412283206,-0.001926168355581345,40
peacock_education,instance,peacock_education_level_lr1e-3_s92602,pca_level,92602,combined,0.20280549532911796,0.3144954373180053,-0.01398171688647179,80
peacock_education,instance,peacock_education_a_lr1e-4_s92601,a,92601,test_a,0.23427061415585218,0.3391900087048547,-0.025558983456023247,40
peacock_education,instance,peacock_education_a_lr1e-4_s92601,a,92601,test_b,0.17317419300705023,0.29183088141779584,-0.0018911257943167148,40
peacock_education,instance,peacock_education_a_lr1e-4_s92601,a,92601,combined,0.2037268471433063,0.315513112242859,-0.013736209250185046,80
peacock_education,instance,peacock_education_a_lr1e-4_s92602,a,92602,test_a,0.2343288836638956,0.3391965705344562,-0.02601327763157898,40
peacock_education,instance,peacock_education_a_lr1e-4_s92602,a,92602,test_b,0.1712723262720206,0.289788412283206,-0.001926168355581345,40
peacock_education,instance,peacock_education_a_lr1e-4_s92602,a,92602,combined,0.20280549532911796,0.3144954373180053,-0.01398171688647179,80
peacock_education,instance,v12_confirmation_peacock_education_f0,f0,,test_a,0.23501060053700065,0.324832173099962,-0.03323367766275993,40
peacock_education,instance,v12_confirmation_peacock_education_f0,f0,,test_b,0.1680198100700378,0.2758747584648228,-0.011643406198952523,40
peacock_education,instance,v12_confirmation_peacock_education_f0,f0,,combined,0.20152139200163005,0.30035755345036663,-0.022447003340765197,80
peacock_education,instance,peacock_education_full_mse_lr1e-4_s92601,full_mse,92601,test_a,0.2309485006838292,0.3232877129929093,-0.03406665413585657,40
peacock_education,instance,peacock_education_full_mse_lr1e-4_s92601,full_mse,92601,test_b,0.16532346272096837,0.27472880326429167,-0.014235412732516307,40
peacock_education,instance,peacock_education_full_mse_lr1e-4_s92601,full_mse,92601,combined,0.19814254609044732,0.299012800470179,-0.024161488531323598,80
peacock_education,instance,peacock_education_full_mse_lr1e-4_s92602,full_mse,92602,test_a,0.2308739518695252,0.3230779650929112,-0.02139363208531419,40
peacock_education,instance,peacock_education_full_mse_lr1e-4_s92602,full_mse,92602,test_b,0.16553383611031866,0.2742456955397327,-0.0012388535130319082,40
peacock_education,instance,peacock_education_full_mse_lr1e-4_s92602,full_mse,92602,combined,0.198210151817009,0.2986660701197085,-0.01132648304922012,80
peacock_education,instance,swap_p__pca_level__f0__s92601,swap_p__pca_level__f0,92601,test_a,0.23634819193269474,0.34031552135668125,-0.03388660634048816,40
peacock_education,instance,swap_p__pca_level__f0__s92601,swap_p__pca_level__f0,92601,test_b,0.17052554919789456,0.2891568321066651,-0.011742944118909622,40
peacock_education,instance,swap_p__pca_level__f0__s92601,swap_p__pca_level__f0,92601,combined,0.20344205186454756,0.3147397093713019,-0.022825260690540104,80
peacock_education,instance,swap_p__pca_level__f0__s92602,swap_p__pca_level__f0,92602,test_a,0.2364060302360017,0.34046376084976093,-0.0343409011650831,40
peacock_education,instance,swap_p__pca_level__f0__s92602,swap_p__pca_level__f0,92602,test_b,0.1686243707623224,0.28699627858229365,-0.011777986463053999,40
peacock_education,instance,swap_p__pca_level__f0__s92602,swap_p__pca_level__f0,92602,combined,0.20252075032280684,0.31373380557013425,-0.023070768542902687,80
peacock_education,instance,swap_q__pca_level__f0__s92601,swap_q__pca_level__f0,92601,test_a,0.23293433858816742,0.3274376505619053,-0.024906054778295047,40
peacock_education,instance,swap_q__pca_level__f0__s92601,swap_q__pca_level__f0,92601,test_b,0.17067675596863258,0.2810588729367884,-0.001791587874359632,40
peacock_education,instance,swap_q__pca_level__f0__s92601,swap_q__pca_level__f0,92601,combined,0.20181149850231936,0.30425214068722367,-0.01335795190041016,80
peacock_education,instance,swap_q__pca_level__f0__s92602,swap_q__pca_level__f0,92602,test_a,0.23293433891146445,0.32743765078240117,-0.02490605412925582,40
peacock_education,instance,swap_q__pca_level__f0__s92602,swap_q__pca_level__f0,92602,test_b,0.1706767559452837,0.28105887300262417,-0.0017915880914798784,40
peacock_education,instance,swap_q__pca_level__f0__s92602,swap_q__pca_level__f0,92602,combined,0.20181149865239106,0.30425214083031915,-0.013357951684334306,80
peacock_education,instance,swap_p__pca_level__full_mse__s92601,swap_p__pca_level__full_mse,92601,test_a,0.236068134300873,0.3404171433149608,-0.03370477110053273,40
peacock_education,instance,swap_p__pca_level__full_mse__s92601,swap_p__pca_level__full_mse,92601,test_b,0.169788525317844,0.2882686760977799,-0.013834242640870452,40
peacock_education,instance,swap_p__pca_level__full_mse__s92601,swap_p__pca_level__full_mse,92601,combined,0.2029342382743888,0.3143473885376069,-0.023780734524969545,80
peacock_education,instance,swap_p__pca_level__full_mse__s92602,swap_p__pca_level__full_mse,92602,test_a,0.23599918693781538,0.3404524243725617,-0.02181598442063754,40
peacock_education,instance,swap_p__pca_level__full_mse__s92602,swap_p__pca_level__full_mse,92602,test_b,0.16819722373971893,0.2859465911078655,-0.0010175847021284816,40
peacock_education,instance,swap_p__pca_level__full_mse__s92602,swap_p__pca_level__full_mse,92602,combined,0.2021039841485248,0.3132038180344142,-0.011428837250891766,80
peacock_education,instance,swap_q__pca_level__full_mse__s92601,swap_q__pca_level__full_mse,92601,test_a,0.22915215936588154,0.32565289744557924,-0.02592086649134711,40
peacock_education,instance,swap_q__pca_level__full_mse__s92601,swap_q__pca_level__full_mse,92601,test_b,0.16871621319592003,0.2799942944040915,-0.0022922958859625934,40
peacock_education,instance,swap_q__pca_level__full_mse__s92601,swap_q__pca_level__full_mse,92601,combined,0.19893989163438158,0.3028272450131015,-0.01411696325653911,80
peacock_education,instance,swap_q__pca_level__full_mse__s92602,swap_q__pca_level__full_mse,92602,test_a,0.22920461292818634,0.3253552899318405,-0.025590925296255642,40
peacock_education,instance,swap_q__pca_level__full_mse__s92602,swap_q__pca_level__full_mse,92602,test_b,0.16861722264084308,0.27988010738351543,-0.0021474371664847833,40
peacock_education,instance,swap_q__pca_level__full_mse__s92602,swap_q__pca_level__full_mse,92602,combined,0.1989167072291556,0.3026214095249269,-0.013879362684800152,80
peacock_education,instance,swap_p__a__f0__s92601,swap_p__a__f0,92601,test_a,0.23634819193269474,0.34031552135668125,-0.03388660634048816,40
peacock_education,instance,swap_p__a__f0__s92601,swap_p__a__f0,92601,test_b,0.17052554919789456,0.2891568321066651,-0.011742944118909622,40
peacock_education,instance,swap_p__a__f0__s92601,swap_p__a__f0,92601,combined,0.20344205186454756,0.3147397093713019,-0.022825260690540104,80
peacock_education,instance,swap_p__a__f0__s92602,swap_p__a__f0,92602,test_a,0.2364060302360017,0.34046376084976093,-0.0343409011650831,40
peacock_education,instance,swap_p__a__f0__s92602,swap_p__a__f0,92602,test_b,0.1686243707623224,0.28699627858229365,-0.011777986463053999,40
peacock_education,instance,swap_p__a__f0__s92602,swap_p__a__f0,92602,combined,0.20252075032280684,0.31373380557013425,-0.023070768542902687,80
peacock_education,instance,swap_q__a__f0__s92601,swap_q__a__f0,92601,test_a,0.23293433858816742,0.3274376505619053,-0.024906054778295047,40
peacock_education,instance,swap_q__a__f0__s92601,swap_q__a__f0,92601,test_b,0.17067675596863258,0.2810588729367884,-0.001791587874359632,40
peacock_education,instance,swap_q__a__f0__s92601,swap_q__a__f0,92601,combined,0.20181149850231936,0.30425214068722367,-0.01335795190041016,80
peacock_education,instance,swap_q__a__f0__s92602,swap_q__a__f0,92602,test_a,0.23293433891146445,0.32743765078240117,-0.02490605412925582,40
peacock_education,instance,swap_q__a__f0__s92602,swap_q__a__f0,92602,test_b,0.1706767559452837,0.28105887300262417,-0.0017915880914798784,40
peacock_education,instance,swap_q__a__f0__s92602,swap_q__a__f0,92602,combined,0.20181149865239106,0.30425214083031915,-0.013357951684334306,80
peacock_education,instance,swap_p__a__full_mse__s92601,swap_p__a__full_mse,92601,test_a,0.236068134300873,0.3404171433149608,-0.03370477110053273,40
peacock_education,instance,swap_p__a__full_mse__s92601,swap_p__a__full_mse,92601,test_b,0.169788525317844,0.2882686760977799,-0.013834242640870452,40
peacock_education,instance,swap_p__a__full_mse__s92601,swap_p__a__full_mse,92601,combined,0.2029342382743888,0.3143473885376069,-0.023780734524969545,80
peacock_education,instance,swap_p__a__full_mse__s92602,swap_p__a__full_mse,92602,test_a,0.23599918693781538,0.3404524243725617,-0.02181598442063754,40
peacock_education,instance,swap_p__a__full_mse__s92602,swap_p__a__full_mse,92602,test_b,0.16819722373971893,0.2859465911078655,-0.0010175847021284816,40
peacock_education,instance,swap_p__a__full_mse__s92602,swap_p__a__full_mse,92602,combined,0.2021039841485248,0.3132038180344142,-0.011428837250891766,80
peacock_education,instance,swap_q__a__full_mse__s92601,swap_q__a__full_mse,92601,test_a,0.22915215936588154,0.32565289744557924,-0.02592086649134711,40
peacock_education,instance,swap_q__a__full_mse__s92601,swap_q__a__full_mse,92601,test_b,0.16871621319592003,0.2799942944040915,-0.0022922958859625934,40
peacock_education,instance,swap_q__a__full_mse__s92601,swap_q__a__full_mse,92601,combined,0.19893989163438158,0.3028272450131015,-0.01411696325653911,80
peacock_education,instance,swap_q__a__full_mse__s92602,swap_q__a__full_mse,92602,test_a,0.22920461292818634,0.3253552899318405,-0.025590925296255642,40
peacock_education,instance,swap_q__a__full_mse__s92602,swap_q__a__full_mse,92602,test_b,0.16861722264084308,0.27988010738351543,-0.0021474371664847833,40
peacock_education,instance,swap_q__a__full_mse__s92602,swap_q__a__full_mse,92602,combined,0.1989167072291556,0.3026214095249269,-0.013879362684800152,80
peacock_education,mean_seed_loss,pca_level,pca_level,,test_a,0.23429974890987387,0.33919328961965545,-0.025786130543801116,40
peacock_education,mean_seed_loss,pca_level,pca_level,,test_b,0.17222325963953541,0.2908096468505009,-0.00190864707494903,40
peacock_education,mean_seed_loss,pca_level,pca_level,,combined,0.2032661712362121,0.3150042747804322,-0.013858963068328418,80
peacock_education,mean_seed_loss,a,a,,test_a,0.23429974890987387,0.33919328961965545,-0.025786130543801116,40
peacock_education,mean_seed_loss,a,a,,test_b,0.17222325963953541,0.2908096468505009,-0.00190864707494903,40
peacock_education,mean_seed_loss,a,a,,combined,0.2032661712362121,0.3150042747804322,-0.013858963068328418,80
peacock_education,mean_seed_loss,f0,f0,,test_a,0.23501060053700065,0.324832173099962,-0.03323367766275993,40
peacock_education,mean_seed_loss,f0,f0,,test_b,0.1680198100700378,0.2758747584648228,-0.011643406198952523,40
peacock_education,mean_seed_loss,f0,f0,,combined,0.20152139200163005,0.30035755345036663,-0.022447003340765197,80
peacock_education,mean_seed_loss,full_mse,full_mse,,test_a,0.23091122627667715,0.32318283904291023,-0.027730143110585383,40
peacock_education,mean_seed_loss,full_mse,full_mse,,test_b,0.1654286494156435,0.2744872494020122,-0.007737133122774109,40
peacock_education,mean_seed_loss,full_mse,full_mse,,combined,0.19817634895372815,0.2988394352949437,-0.01774398579027186,80
peacock_education,mean_seed_loss,swap_p__pca_level__f0,swap_p__pca_level__f0,,test_a,0.2363771110843482,0.3403896411032212,-0.03411375375278563,40
peacock_education,mean_seed_loss,swap_p__pca_level__f0,swap_p__pca_level__f0,,test_b,0.1695749599801085,0.2880765553444794,-0.011760465290981811,40
peacock_education,mean_seed_loss,swap_p__pca_level__f0,swap_p__pca_level__f0,,combined,0.20298140109367718,0.3142367574707181,-0.0229480146167214,80
peacock_education,mean_seed_loss,swap_q__pca_level__f0,swap_q__pca_level__f0,,test_a,0.23293433874981592,0.3274376506721532,-0.024906054453775434,40
peacock_education,mean_seed_loss,swap_q__pca_level__f0,swap_q__pca_level__f0,,test_b,0.17067675595695814,0.2810588729697063,-0.0017915879829197578,40
peacock_education,mean_seed_loss,swap_q__pca_level__f0,swap_q__pca_level__f0,,combined,0.20181149857735514,0.30425214075877144,-0.013357951792372237,80
peacock_education,mean_seed_loss,swap_p__pca_level__full_mse,swap_p__pca_level__full_mse,,test_a,0.23603366061934425,0.34043478384376125,-0.02776037776058513,40
peacock_education,mean_seed_loss,swap_p__pca_level__full_mse,swap_p__pca_level__full_mse,,test_b,0.16899287452878145,0.2871076336028227,-0.007425913671499468,40
peacock_education,mean_seed_loss,swap_p__pca_level__full_mse,swap_p__pca_level__full_mse,,combined,0.20251911121145688,0.31377560328601056,-0.01760478588793065,80
peacock_education,mean_seed_loss,swap_q__pca_level__full_mse,swap_q__pca_level__full_mse,,test_a,0.229178386147034,0.3255040936887098,-0.02575589589380138,40
peacock_education,mean_seed_loss,swap_q__pca_level__full_mse,swap_q__pca_level__full_mse,,test_b,0.1686667179183815,0.2799372008938035,-0.0022198665262236883,40
peacock_education,mean_seed_loss,swap_q__pca_level__full_mse,swap_q__pca_level__full_mse,,combined,0.19892829943176865,0.30272432726901416,-0.013998162970669638,80
peacock_education,mean_seed_loss,swap_p__a__f0,swap_p__a__f0,,test_a,0.2363771110843482,0.3403896411032212,-0.03411375375278563,40
peacock_education,mean_seed_loss,swap_p__a__f0,swap_p__a__f0,,test_b,0.1695749599801085,0.2880765553444794,-0.011760465290981811,40
peacock_education,mean_seed_loss,swap_p__a__f0,swap_p__a__f0,,combined,0.20298140109367718,0.3142367574707181,-0.0229480146167214,80
peacock_education,mean_seed_loss,swap_q__a__f0,swap_q__a__f0,,test_a,0.23293433874981592,0.3274376506721532,-0.024906054453775434,40
peacock_education,mean_seed_loss,swap_q__a__f0,swap_q__a__f0,,test_b,0.17067675595695814,0.2810588729697063,-0.0017915879829197578,40
peacock_education,mean_seed_loss,swap_q__a__f0,swap_q__a__f0,,combined,0.20181149857735514,0.30425214075877144,-0.013357951792372237,80
peacock_education,mean_seed_loss,swap_p__a__full_mse,swap_p__a__full_mse,,test_a,0.23603366061934425,0.34043478384376125,-0.02776037776058513,40
peacock_education,mean_seed_loss,swap_p__a__full_mse,swap_p__a__full_mse,,test_b,0.16899287452878145,0.2871076336028227,-0.007425913671499468,40
peacock_education,mean_seed_loss,swap_p__a__full_mse,swap_p__a__full_mse,,combined,0.20251911121145688,0.31377560328601056,-0.01760478588793065,80
peacock_education,mean_seed_loss,swap_q__a__full_mse,swap_q__a__full_mse,,test_a,0.229178386147034,0.3255040936887098,-0.02575589589380138,40
peacock_education,mean_seed_loss,swap_q__a__full_mse,swap_q__a__full_mse,,test_b,0.1686667179183815,0.2799372008938035,-0.0022198665262236883,40
peacock_education,mean_seed_loss,swap_q__a__full_mse,swap_q__a__full_mse,,combined,0.19892829943176865,0.30272432726901416,-0.013998162970669638,80
