dataset,comparison,period,metric,candidate,reference,absolute_difference,relative_change_percent,conditional_block95_absolute,conditional_block95_relative_percent,source_sha256
robin,level_gelu__vs__level_linear,test_a,mse,0.2736772315082042,0.2736772315082042,0.0,0.0,"[0.0,0.0]","[0.0,0.0]",af4461f4de24cd5468e01d8d127b51256885a5ff3801f2b3d8823b2f5eaa8cb7
robin,level_gelu__vs__level_linear,test_a,mae,0.3318649992121617,0.3318649992121617,0.0,0.0,"[0.0,0.0]","[0.0,0.0]",af4461f4de24cd5468e01d8d127b51256885a5ff3801f2b3d8823b2f5eaa8cb7
robin,level_gelu__vs__level_linear,test_b,mse,0.276712133299549,0.276712133299549,0.0,0.0,"[0.0,0.0]","[0.0,0.0]",af4461f4de24cd5468e01d8d127b51256885a5ff3801f2b3d8823b2f5eaa8cb7
robin,level_gelu__vs__level_linear,test_b,mae,0.3173187224266914,0.3173187224266914,0.0,0.0,"[0.0,0.0]","[0.0,0.0]",af4461f4de24cd5468e01d8d127b51256885a5ff3801f2b3d8823b2f5eaa8cb7
robin,level_gelu__vs__level_linear,combined,mse,0.27519585637661975,0.27519585637661975,0.0,0.0,"[0.0,0.0]","[0.0,0.0]",af4461f4de24cd5468e01d8d127b51256885a5ff3801f2b3d8823b2f5eaa8cb7
robin,level_gelu__vs__level_linear,combined,mae,0.32459320115615287,0.32459320115615287,0.0,0.0,"[0.0,0.0]","[0.0,0.0]",af4461f4de24cd5468e01d8d127b51256885a5ff3801f2b3d8823b2f5eaa8cb7
robin,level_gelu__vs__direct_gelu,test_a,mse,0.2736772315082042,0.29924586014833154,-0.025568628640127322,-8.544355008772168,"[-0.043483728815617066,-0.00603911670516731]","[-12.855860897028412,-2.4779391141208267]",af4461f4de24cd5468e01d8d127b51256885a5ff3801f2b3d8823b2f5eaa8cb7
robin,level_gelu__vs__direct_gelu,test_a,mae,0.3318649992121617,0.3479885800988387,-0.01612358088667698,-4.633364946084559,"[-0.031167497228792352,-0.00347584887449918]","[-7.9574358470823405,-1.0934764767886649]",af4461f4de24cd5468e01d8d127b51256885a5ff3801f2b3d8823b2f5eaa8cb7
robin,level_gelu__vs__direct_gelu,test_b,mse,0.276712133299549,0.2824638606056715,-0.0057517273061225005,-2.0362701599381214,"[-0.043110899062994756,0.01916131362697018]","[-9.491929609536403,10.506012742673814]",af4461f4de24cd5468e01d8d127b51256885a5ff3801f2b3d8823b2f5eaa8cb7
robin,level_gelu__vs__direct_gelu,test_b,mae,0.3173187224266914,0.31117757291449755,0.006141149512193855,1.9735193171781897,"[-0.0115286765812509,0.014972628478760396]","[-3.0478355137611852,5.503108500892838]",af4461f4de24cd5468e01d8d127b51256885a5ff3801f2b3d8823b2f5eaa8cb7
robin,level_gelu__vs__direct_gelu,combined,mse,0.27519585637661975,0.2908567235730545,-0.015660867196434725,-5.384392357875538,"[-0.036897113727649755,-6.343583307351141e-05]","[-9.630377166880237,-0.03256415375142204]",af4461f4de24cd5468e01d8d127b51256885a5ff3801f2b3d8823b2f5eaa8cb7
robin,level_gelu__vs__direct_gelu,combined,mae,0.32459320115615287,0.32958483215864776,-0.0049916310024948896,-1.5145208503078613,"[-0.01751742097684742,0.0019515320801030945]","[-4.621591615056548,0.63337023893988]",af4461f4de24cd5468e01d8d127b51256885a5ff3801f2b3d8823b2f5eaa8cb7
robin,level_gelu__vs__pca_level,test_a,mse,0.2736772315082042,0.273677231462517,4.568723177555967e-11,1.669383731025393e-08,"[-3.0726271721404076e-09,2.942685783935417e-09]","[-1.1166901932354948e-06,1.093495123707423e-06]",af4461f4de24cd5468e01d8d127b51256885a5ff3801f2b3d8823b2f5eaa8cb7
robin,level_gelu__vs__pca_level,test_a,mae,0.3318649992121617,0.3318649999409754,-7.288136760763564e-10,-2.1961149148177156e-07,"[-4.521757966668982e-09,2.804247319077023e-09]","[-1.2912067549318757e-06,8.741377725645562e-07]",af4461f4de24cd5468e01d8d127b51256885a5ff3801f2b3d8823b2f5eaa8cb7
robin,level_gelu__vs__pca_level,test_b,mse,0.276712133299549,0.2767121277726573,5.526891722062999e-09,1.9973435087759556e-06,"[-3.3025099738237525e-10,1.2816494861928034e-08]","[-1.0317514630650325e-07,4.924978928106988e-06]",af4461f4de24cd5468e01d8d127b51256885a5ff3801f2b3d8823b2f5eaa8cb7
robin,level_gelu__vs__pca_level,test_b,mae,0.3173187224266914,0.31731871912638093,3.3003104693563046e-09,1.0400617015102299e-06,"[-5.360739629978018e-13,7.248515095092942e-09]","[-1.5350439468775516e-10,2.361323431684961e-06]",af4461f4de24cd5468e01d8d127b51256885a5ff3801f2b3d8823b2f5eaa8cb7
robin,level_gelu__vs__pca_level,combined,mse,0.27519585637661975,0.27519585359042886,2.7861908891146925e-09,1.0124392692563425e-06,"[-5.069761374598692e-10,6.70587861628657e-09]","[-1.6686780502931593e-07,2.4249692968793647e-06]",af4461f4de24cd5468e01d8d127b51256885a5ff3801f2b3d8823b2f5eaa8cb7
robin,level_gelu__vs__pca_level,combined,mae,0.32459320115615287,0.3245931998704771,1.2856757880541636e-09,3.960883310455021e-07,"[-1.2327074208617895e-09,3.884281854493743e-09]","[-3.5436423641690625e-07,1.193570056629286e-06]",af4461f4de24cd5468e01d8d127b51256885a5ff3801f2b3d8823b2f5eaa8cb7
robin,level_gelu__vs__a,test_a,mse,0.2736772315082042,0.29073952107874196,-0.017062289570537736,-5.868582815033495,"[-0.03915493449893517,-0.0017314420080566985]","[-11.795811459333027,-0.7429441589026278]",af4461f4de24cd5468e01d8d127b51256885a5ff3801f2b3d8823b2f5eaa8cb7
robin,level_gelu__vs__a,test_a,mae,0.3318649992121617,0.34279863391809545,-0.010933634705933726,-3.1895210844236,"[-0.02202199556042158,-0.0005561457986586452]","[-5.980696659605032,-0.15750801232052886]",af4461f4de24cd5468e01d8d127b51256885a5ff3801f2b3d8823b2f5eaa8cb7
robin,level_gelu__vs__a,test_b,mse,0.276712133299549,0.25539930307179765,0.021312830227751378,8.344905397709693,"[-0.012969489538633465,0.05585747846030374]","[-3.4848747522742074,32.11996623154668]",af4461f4de24cd5468e01d8d127b51256885a5ff3801f2b3d8823b2f5eaa8cb7
robin,level_gelu__vs__a,test_b,mae,0.3173187224266914,0.30331705446792445,0.01400166795876695,4.6161822266567,"[-0.009622218610836163,0.038322630581766055]","[-2.7920414147396513,14.188453532592725]",af4461f4de24cd5468e01d8d127b51256885a5ff3801f2b3d8823b2f5eaa8cb7
robin,level_gelu__vs__a,combined,mse,0.27519585637661975,0.27307069970786507,0.0021251566687546797,0.7782441217707365,"[-0.019038283242126176,0.021749592477537202]","[-5.393975811091277,9.346628814340466]",af4461f4de24cd5468e01d8d127b51256885a5ff3801f2b3d8823b2f5eaa8cb7
robin,level_gelu__vs__a,combined,mae,0.32459320115615287,0.3230593561147776,0.0015338450413752702,0.47478737648146635,"[-0.012161453138063603,0.01498932456470199]","[-3.4473436861238316,4.992206289203243]",af4461f4de24cd5468e01d8d127b51256885a5ff3801f2b3d8823b2f5eaa8cb7
robin,level_gelu__vs__f0,test_a,mse,0.2736772315082042,0.23153876570433538,0.042138465803868846,18.1993134824247,"[0.011834829634221413,0.08758217795159247]","[4.930446180764837,40.30491304886897]",af4461f4de24cd5468e01d8d127b51256885a5ff3801f2b3d8823b2f5eaa8cb7
robin,level_gelu__vs__f0,test_a,mae,0.3318649992121617,0.2830654624257689,0.048799536786392816,17.239664764538347,"[0.032641354991571836,0.07143976029386549]","[10.469498242100652,26.708749230683935]",af4461f4de24cd5468e01d8d127b51256885a5ff3801f2b3d8823b2f5eaa8cb7
robin,level_gelu__vs__f0,test_b,mse,0.276712133299549,0.22664913960946464,0.05006299369008438,22.088322848411025,"[0.0202723238351384,0.07785825622494337]","[6.390378150549075,52.855482324219885]",af4461f4de24cd5468e01d8d127b51256885a5ff3801f2b3d8823b2f5eaa8cb7
robin,level_gelu__vs__f0,test_b,mae,0.3173187224266914,0.24107944671965875,0.07623927570703265,31.62412920073113,"[0.047682941603310575,0.10573004824467241]","[15.219414744215404,55.24138135792409]",af4461f4de24cd5468e01d8d127b51256885a5ff3801f2b3d8823b2f5eaa8cb7
robin,level_gelu__vs__f0,combined,mse,0.27519585637661975,0.22909530431015587,0.04610055206646388,20.122870787456915,"[0.025027976185425786,0.07301897402232342]","[9.134733263765229,36.12237850730945]",af4461f4de24cd5468e01d8d127b51256885a5ff3801f2b3d8823b2f5eaa8cb7
robin,level_gelu__vs__f0,combined,mae,0.32459320115615287,0.2620739422979974,0.06251925885815546,23.855579959592642,"[0.04465600736037081,0.08015695342494554]","[14.746605451334998,34.300639180404914]",af4461f4de24cd5468e01d8d127b51256885a5ff3801f2b3d8823b2f5eaa8cb7
robin,level_gelu__vs__full_mse,test_a,mse,0.2736772315082042,0.22994633031549017,0.043730901192714056,19.017873054427326,"[-0.0037121324137680857,0.10212937474729385]","[-1.2613863750464183,49.84089423619212]",af4461f4de24cd5468e01d8d127b51256885a5ff3801f2b3d8823b2f5eaa8cb7
robin,level_gelu__vs__full_mse,test_a,mae,0.3318649992121617,0.28350067038037857,0.048364328831783154,17.05968764267533,"[0.024925108836809144,0.07417724046495529]","[8.005275917144306,28.338899651795185]",af4461f4de24cd5468e01d8d127b51256885a5ff3801f2b3d8823b2f5eaa8cb7
robin,level_gelu__vs__full_mse,test_b,mse,0.276712133299549,0.20708478162007116,0.06962735167947787,33.62263085426525,"[0.04565490031539021,0.10061739570673664]","[15.828185616123687,74.98649010433031]",af4461f4de24cd5468e01d8d127b51256885a5ff3801f2b3d8823b2f5eaa8cb7
robin,level_gelu__vs__full_mse,test_b,mae,0.3173187224266914,0.23393208915209693,0.08338663327459447,35.645658351889686,"[0.04938067111765987,0.12204311446884812]","[15.938249771257619,67.3855955410323]",af4461f4de24cd5468e01d8d127b51256885a5ff3801f2b3d8823b2f5eaa8cb7
robin,level_gelu__vs__full_mse,combined,mse,0.27519585637661975,0.21851704774314318,0.056678808633476574,25.937934462715205,"[0.03000456765389961,0.09011842802187665]","[11.509822522049562,46.55961603003566]",af4461f4de24cd5468e01d8d127b51256885a5ff3801f2b3d8823b2f5eaa8cb7
robin,level_gelu__vs__full_mse,combined,mae,0.32459320115615287,0.25871817997979923,0.06587502117635363,25.46207660454985,"[0.043502332927531875,0.08779380229124123]","[14.523466885865092,38.670352372968644]",af4461f4de24cd5468e01d8d127b51256885a5ff3801f2b3d8823b2f5eaa8cb7
robin,level_gelu__vs__native,test_a,mse,0.2736772315082042,0.23053471169419293,0.04314251981401129,18.714110121186597,"[0.007292255584146433,0.09035829217272562]","[2.732195480393149,45.46690539524963]",af4461f4de24cd5468e01d8d127b51256885a5ff3801f2b3d8823b2f5eaa8cb7
robin,level_gelu__vs__native,test_a,mae,0.3318649992121617,0.2789780852705676,0.052886913941594116,18.957372185812233,"[0.03262707048306777,0.07698810942528367]","[10.424366076186587,30.10810032181483]",af4461f4de24cd5468e01d8d127b51256885a5ff3801f2b3d8823b2f5eaa8cb7
robin,level_gelu__vs__native,test_b,mse,0.276712133299549,0.2166828572732706,0.060029276026278416,27.70374951746746,"[0.03248627898510867,0.08575434070400863]","[10.68708886528024,62.14950208923318]",af4461f4de24cd5468e01d8d127b51256885a5ff3801f2b3d8823b2f5eaa8cb7
robin,level_gelu__vs__native,test_b,mae,0.3173187224266914,0.23371273821415295,0.08360598421253845,35.77296849602164,"[0.05240832811954947,0.1153005100855731]","[17.18906664329679,64.41359001433446]",af4461f4de24cd5468e01d8d127b51256885a5ff3801f2b3d8823b2f5eaa8cb7
robin,level_gelu__vs__native,combined,mse,0.27519585637661975,0.22361026706170095,0.0515855893149188,23.069418946082987,"[0.029226152530537012,0.07816450657600874]","[10.551588652541975,40.32662693806048]",af4461f4de24cd5468e01d8d127b51256885a5ff3801f2b3d8823b2f5eaa8cb7
robin,level_gelu__vs__native,combined,mae,0.32459320115615287,0.256347035583104,0.06824616557304886,26.622568666655962,"[0.04854330673436047,0.0880932068004001]","[16.2722328831363,38.48783126820587]",af4461f4de24cd5468e01d8d127b51256885a5ff3801f2b3d8823b2f5eaa8cb7
robin,level_gelu__vs__direct,test_a,mse,0.2736772315082042,0.3274836087713284,-0.053806377263124205,-16.43025049864267,"[-0.07387153093851437,-0.029639483779392666]","[-20.472376714627757,-10.22079418111878]",af4461f4de24cd5468e01d8d127b51256885a5ff3801f2b3d8823b2f5eaa8cb7
robin,level_gelu__vs__direct,test_a,mae,0.3318649992121617,0.36720980137015946,-0.035344802157997735,-9.62523386524997,"[-0.04429164698136342,-0.027519505135434053]","[-11.148168329030664,-7.821196368739957]",af4461f4de24cd5468e01d8d127b51256885a5ff3801f2b3d8823b2f5eaa8cb7
robin,level_gelu__vs__direct,test_b,mse,0.276712133299549,0.32796153694174895,-0.05124940364219993,-15.626650649372527,"[-0.10540450822742731,-0.02299137651323801]","[-21.75451350274138,-9.647352001498222]",af4461f4de24cd5468e01d8d127b51256885a5ff3801f2b3d8823b2f5eaa8cb7
robin,level_gelu__vs__direct,test_b,mae,0.3173187224266914,0.33960766847911533,-0.02228894605242393,-6.563145688741897,"[-0.04543795366348007,-0.011684998734988029]","[-11.624963194788466,-3.726784976034065]",af4461f4de24cd5468e01d8d127b51256885a5ff3801f2b3d8823b2f5eaa8cb7
robin,level_gelu__vs__direct,combined,mse,0.27519585637661975,0.3277241112749308,-0.05252825489831103,-16.02819356011453,"[-0.08031898373831341,-0.03427414454656643]","[-19.86210373373502,-12.04412663880094]",af4461f4de24cd5468e01d8d127b51256885a5ff3801f2b3d8823b2f5eaa8cb7
robin,level_gelu__vs__direct,combined,mae,0.32459320115615287,0.35341024347492483,-0.028817042318771968,-8.153991812865094,"[-0.041144887783712905,-0.022124804566685405]","[-10.727361044785315,-6.559135309667363]",af4461f4de24cd5468e01d8d127b51256885a5ff3801f2b3d8823b2f5eaa8cb7
robin,level_gelu__vs__group_res,test_a,mse,0.2736772315082042,0.26880542554894277,0.004871805959261455,1.8123912303155578,"[-0.001284656153619329,0.0144160008330157]","[-0.4888037381554452,5.2329166421581625]",af4461f4de24cd5468e01d8d127b51256885a5ff3801f2b3d8823b2f5eaa8cb7
robin,level_gelu__vs__group_res,test_a,mae,0.3318649992121617,0.3234439207740481,0.008421078438113627,2.60356676915144,"[0.004308898731138743,0.016259651105866583]","[1.3281902230097324,4.987044643731323]",af4461f4de24cd5468e01d8d127b51256885a5ff3801f2b3d8823b2f5eaa8cb7
robin,level_gelu__vs__group_res,test_b,mse,0.276712133299549,0.24809853935044235,0.028613593949106675,11.533156956111542,"[0.0015876387645671862,0.05549586015824954]","[0.47312143471579277,35.386938359461936]",af4461f4de24cd5468e01d8d127b51256885a5ff3801f2b3d8823b2f5eaa8cb7
robin,level_gelu__vs__group_res,test_b,mae,0.3173187224266914,0.2824810398857019,0.03483768254098951,12.3327507414606,"[0.008934514081962164,0.06146915484469661]","[2.6716617284116446,26.074959426971272]",af4461f4de24cd5468e01d8d127b51256885a5ff3801f2b3d8823b2f5eaa8cb7
robin,level_gelu__vs__group_res,combined,mse,0.27519585637661975,0.2584529006608445,0.016742955715775276,6.478145794829467,"[0.0023305311630759536,0.031191313127237014]","[0.7530409959920732,14.503742153318266]",af4461f4de24cd5468e01d8d127b51256885a5ff3801f2b3d8823b2f5eaa8cb7
robin,level_gelu__vs__group_res,combined,mae,0.32459320115615287,0.3029635317517212,0.021629669404431673,7.13936402819505,"[0.008743642097224882,0.03588852636805809]","[2.599258282492175,12.687484086097593]",af4461f4de24cd5468e01d8d127b51256885a5ff3801f2b3d8823b2f5eaa8cb7
robin,direct_gelu__vs__direct,test_a,mse,0.29924586014833154,0.3274836087713284,-0.028237748622996883,-8.622644879522634,"[-0.05236795620013039,0.0023661210196361136]","[-15.145358044007963,0.7798543516768762]",af4461f4de24cd5468e01d8d127b51256885a5ff3801f2b3d8823b2f5eaa8cb7
robin,direct_gelu__vs__direct,test_a,mae,0.3479885800988387,0.36720980137015946,-0.019221221271320754,-5.2343976657488875,"[-0.029107922161959204,-0.005495589364967559]","[-8.061637247214382,-1.3851441589744027]",af4461f4de24cd5468e01d8d127b51256885a5ff3801f2b3d8823b2f5eaa8cb7
robin,direct_gelu__vs__direct,test_b,mse,0.2824638606056715,0.32796153694174895,-0.04549767633607743,-13.872869593289693,"[-0.07470485341033342,-0.031233210166120535]","[-22.38784083669172,-9.164521625928545]",af4461f4de24cd5468e01d8d127b51256885a5ff3801f2b3d8823b2f5eaa8cb7
robin,direct_gelu__vs__direct,test_b,mae,0.31117757291449755,0.33960766847911533,-0.028430095564617786,-8.371452768407122,"[-0.04601129186448695,-0.019058452468841188]","[-12.999335897915193,-5.271879017459753]",af4461f4de24cd5468e01d8d127b51256885a5ff3801f2b3d8823b2f5eaa8cb7
robin,direct_gelu__vs__direct,combined,mse,0.2908567235730545,0.3277241112749308,-0.03686738770187631,-11.249519468815622,"[-0.055849406019672136,-0.020607030507725645]","[-16.497691048956852,-6.1655185842371525]",af4461f4de24cd5468e01d8d127b51256885a5ff3801f2b3d8823b2f5eaa8cb7
robin,direct_gelu__vs__direct,combined,mae,0.32958483215864776,0.35341024347492483,-0.02382541131627708,-6.741573498835932,"[-0.03446302246301494,-0.014609898150735717]","[-9.546666202999308,-4.047892010190318]",af4461f4de24cd5468e01d8d127b51256885a5ff3801f2b3d8823b2f5eaa8cb7
robin,level_linear__vs__pca_level,test_a,mse,0.2736772315082042,0.273677231462517,4.568723177555967e-11,1.669383731025393e-08,"[-3.0726271721404076e-09,2.942685783935417e-09]","[-1.1166901932354948e-06,1.093495123707423e-06]",af4461f4de24cd5468e01d8d127b51256885a5ff3801f2b3d8823b2f5eaa8cb7
robin,level_linear__vs__pca_level,test_a,mae,0.3318649992121617,0.3318649999409754,-7.288136760763564e-10,-2.1961149148177156e-07,"[-4.521757966668982e-09,2.804247319077023e-09]","[-1.2912067549318757e-06,8.741377725645562e-07]",af4461f4de24cd5468e01d8d127b51256885a5ff3801f2b3d8823b2f5eaa8cb7
robin,level_linear__vs__pca_level,test_b,mse,0.276712133299549,0.2767121277726573,5.526891722062999e-09,1.9973435087759556e-06,"[-3.3025099738237525e-10,1.2816494861928034e-08]","[-1.0317514630650325e-07,4.924978928106988e-06]",af4461f4de24cd5468e01d8d127b51256885a5ff3801f2b3d8823b2f5eaa8cb7
robin,level_linear__vs__pca_level,test_b,mae,0.3173187224266914,0.31731871912638093,3.3003104693563046e-09,1.0400617015102299e-06,"[-5.360739629978018e-13,7.248515095092942e-09]","[-1.5350439468775516e-10,2.361323431684961e-06]",af4461f4de24cd5468e01d8d127b51256885a5ff3801f2b3d8823b2f5eaa8cb7
robin,level_linear__vs__pca_level,combined,mse,0.27519585637661975,0.27519585359042886,2.7861908891146925e-09,1.0124392692563425e-06,"[-5.069761374598692e-10,6.70587861628657e-09]","[-1.6686780502931593e-07,2.4249692968793647e-06]",af4461f4de24cd5468e01d8d127b51256885a5ff3801f2b3d8823b2f5eaa8cb7
robin,level_linear__vs__pca_level,combined,mae,0.32459320115615287,0.3245931998704771,1.2856757880541636e-09,3.960883310455021e-07,"[-1.2327074208617895e-09,3.884281854493743e-09]","[-3.5436423641690625e-07,1.193570056629286e-06]",af4461f4de24cd5468e01d8d127b51256885a5ff3801f2b3d8823b2f5eaa8cb7
jena,level_gelu__vs__level_linear,test_a,mse,0.3500404597267101,0.354670334190063,-0.00462987446335289,-1.3054022332952728,"[-0.008992317812657179,-0.0025800086451121767]","[-2.702548469808199,-0.6935940586570843]",af4461f4de24cd5468e01d8d127b51256885a5ff3801f2b3d8823b2f5eaa8cb7
jena,level_gelu__vs__level_linear,test_a,mae,0.34497578863142103,0.349022673995777,-0.00404688536435599,-1.1594906766443933,"[-0.007252194271941485,-0.00278129325556819]","[-1.9849999480769334,-0.8394823442253118]",af4461f4de24cd5468e01d8d127b51256885a5ff3801f2b3d8823b2f5eaa8cb7
jena,level_gelu__vs__level_linear,test_b,mse,0.2186947604052862,0.218643391030022,5.1369375264204153e-05,0.02349459319223173,"[-0.0014218188890973197,0.000740020253429722]","[-0.6277661015264361,0.3320055977383545]",af4461f4de24cd5468e01d8d127b51256885a5ff3801f2b3d8823b2f5eaa8cb7
jena,level_gelu__vs__level_linear,test_b,mae,0.2545599827795353,0.2564983694020037,-0.0019383866224684243,-0.7557110896991465,"[-0.003003916700261977,-0.0014312998765312597]","[-1.1499507992535423,-0.5649275916129685]",af4461f4de24cd5468e01d8d127b51256885a5ff3801f2b3d8823b2f5eaa8cb7
jena,level_gelu__vs__level_linear,combined,mse,0.2843676100659981,0.2866568626100425,-0.0022892525440443845,-0.7986037812597566,"[-0.0047838982994221095,-0.001299978820261671]","[-1.6792159796672907,-0.4567262526169787]",af4461f4de24cd5468e01d8d127b51256885a5ff3801f2b3d8823b2f5eaa8cb7
jena,level_gelu__vs__level_linear,combined,mae,0.29976788570547813,0.30276052169889045,-0.002992635993412318,-0.988449873391563,"[-0.004781518025543725,-0.002419051978470466]","[-1.5434372951749509,-0.8224901808448037]",af4461f4de24cd5468e01d8d127b51256885a5ff3801f2b3d8823b2f5eaa8cb7
jena,level_gelu__vs__direct_gelu,test_a,mse,0.3500404597267101,0.3233587120092201,0.02668174771748999,8.251439261277488,"[0.014392491938301884,0.042194984146789384]","[4.700199006611477,13.779535060887975]",af4461f4de24cd5468e01d8d127b51256885a5ff3801f2b3d8823b2f5eaa8cb7
jena,level_gelu__vs__direct_gelu,test_a,mae,0.34497578863142103,0.3161416510886317,0.02883413754278935,9.120638626229473,"[0.014590109069764353,0.0395644071795284]","[4.485211610228042,12.650968415346348]",af4461f4de24cd5468e01d8d127b51256885a5ff3801f2b3d8823b2f5eaa8cb7
jena,level_gelu__vs__direct_gelu,test_b,mse,0.2186947604052862,0.21406801291924576,0.0046267474860404445,2.1613446226484205,"[-0.0025025757536381705,0.008698761049020155]","[-1.1431597073450503,3.7698258027450926]",af4461f4de24cd5468e01d8d127b51256885a5ff3801f2b3d8823b2f5eaa8cb7
jena,level_gelu__vs__direct_gelu,test_b,mae,0.2545599827795353,0.24578915444426658,0.00877082833526871,3.5684358632909174,"[0.0011993220592621603,0.011015256736433115]","[0.487380893626159,4.512896206228836]",af4461f4de24cd5468e01d8d127b51256885a5ff3801f2b3d8823b2f5eaa8cb7
jena,level_gelu__vs__direct_gelu,combined,mse,0.2843676100659981,0.2687133624642329,0.015654247601765203,5.8256305001761355,"[0.008196495932175087,0.023272251205751472]","[3.0796605425113093,8.465559508073458]",af4461f4de24cd5468e01d8d127b51256885a5ff3801f2b3d8823b2f5eaa8cb7
jena,level_gelu__vs__direct_gelu,combined,mae,0.29976788570547813,0.2809654027664492,0.01880248293902892,6.692099010730645,"[0.009608091186997623,0.02299508030335443]","[3.33861094339195,8.166092675978117]",af4461f4de24cd5468e01d8d127b51256885a5ff3801f2b3d8823b2f5eaa8cb7
jena,level_gelu__vs__pca_level,test_a,mse,0.3500404597267101,0.4224748625690661,-0.07243440284235597,-17.14525744842734,"[-0.09102455474412272,-0.05426997436246169]","[-21.689081841924548,-13.085828442451412]",af4461f4de24cd5468e01d8d127b51256885a5ff3801f2b3d8823b2f5eaa8cb7
jena,level_gelu__vs__pca_level,test_a,mae,0.34497578863142103,0.38104055698820327,-0.03606476835678224,-9.464810948693522,"[-0.04474413518098421,-0.026761903176397078]","[-11.465255054581064,-6.97223561984638]",af4461f4de24cd5468e01d8d127b51256885a5ff3801f2b3d8823b2f5eaa8cb7
jena,level_gelu__vs__pca_level,test_b,mse,0.2186947604052862,0.2262434526156686,-0.007548692210382402,-3.3365351010646718,"[-0.0127533054634697,0.0006271257402569007]","[-5.639046222420795,0.27634648232650494]",af4461f4de24cd5468e01d8d127b51256885a5ff3801f2b3d8823b2f5eaa8cb7
jena,level_gelu__vs__pca_level,test_b,mae,0.2545599827795353,0.25985927851479,-0.005299295735254728,-2.039294407935915,"[-0.007941885750426005,-0.0013134792002867978]","[-2.983752522219179,-0.5317753954727137]",af4461f4de24cd5468e01d8d127b51256885a5ff3801f2b3d8823b2f5eaa8cb7
jena,level_gelu__vs__pca_level,combined,mse,0.2843676100659981,0.3243591575923673,-0.03999154752636919,-12.329402944321329,"[-0.048969790373453594,-0.0292270534482525]","[-14.754119857054034,-9.23919513914533]",af4461f4de24cd5468e01d8d127b51256885a5ff3801f2b3d8823b2f5eaa8cb7
jena,level_gelu__vs__pca_level,combined,mae,0.29976788570547813,0.32044991775149667,-0.02068203204601854,-6.454060650456181,"[-0.024758100106568936,-0.015369894457623968]","[-7.619720807922866,-4.8270088351621645]",af4461f4de24cd5468e01d8d127b51256885a5ff3801f2b3d8823b2f5eaa8cb7
jena,level_gelu__vs__a,test_a,mse,0.3500404597267101,0.3047550138164795,0.04528544591023059,14.859622928960585,"[0.030878615557571598,0.05953339958825245]","[10.119230142181788,21.472615912211516]",af4461f4de24cd5468e01d8d127b51256885a5ff3801f2b3d8823b2f5eaa8cb7
jena,level_gelu__vs__a,test_a,mae,0.34497578863142103,0.3098281819243739,0.03514760670704714,11.34422520531923,"[0.021640884506546054,0.04593951347764516]","[6.597207734469263,15.556615908849277]",af4461f4de24cd5468e01d8d127b51256885a5ff3801f2b3d8823b2f5eaa8cb7
jena,level_gelu__vs__a,test_b,mse,0.2186947604052862,0.20143124084390243,0.017263519561383778,8.570428047336513,"[0.010098577632758976,0.021686504412236112]","[5.062706049057523,10.512913689666616]",af4461f4de24cd5468e01d8d127b51256885a5ff3801f2b3d8823b2f5eaa8cb7
jena,level_gelu__vs__a,test_b,mae,0.2545599827795353,0.24026482838999239,0.014295154389542902,5.949749068698201,"[0.0073379102588725,0.017133584626205844]","[3.081176447157825,7.022672262851942]",af4461f4de24cd5468e01d8d127b51256885a5ff3801f2b3d8823b2f5eaa8cb7
jena,level_gelu__vs__a,combined,mse,0.2843676100659981,0.25309312733019096,0.03127448273580713,12.35690714548947,"[0.022435829989560896,0.0379319109835864]","[9.042623283196173,15.338034294055335]",af4461f4de24cd5468e01d8d127b51256885a5ff3801f2b3d8823b2f5eaa8cb7
jena,level_gelu__vs__a,combined,mae,0.29976788570547813,0.27504650515718304,0.02472138054829509,8.98807295666868,"[0.01617091934434768,0.02924117705966434]","[5.723089362892992,10.944490109192305]",af4461f4de24cd5468e01d8d127b51256885a5ff3801f2b3d8823b2f5eaa8cb7
jena,level_gelu__vs__f0,test_a,mse,0.3500404597267101,0.3707561544364758,-0.020715694709765697,-5.58741762257518,"[-0.036137067156904755,-0.00450694172673489]","[-9.844289283860146,-1.2536871058349237]",af4461f4de24cd5468e01d8d127b51256885a5ff3801f2b3d8823b2f5eaa8cb7
jena,level_gelu__vs__f0,test_a,mae,0.34497578863142103,0.3131295741185513,0.03184621451286973,10.170299181262486,"[0.02276412595548229,0.04326675062128597]","[7.51473818835137,13.29055639113388]",af4461f4de24cd5468e01d8d127b51256885a5ff3801f2b3d8823b2f5eaa8cb7
jena,level_gelu__vs__f0,test_b,mse,0.2186947604052862,0.2138438967827428,0.0048508636225434165,2.2684134060050862,"[-0.0015834214332830546,0.012363026747937534]","[-0.7442117325887315,5.644870405508426]",af4461f4de24cd5468e01d8d127b51256885a5ff3801f2b3d8823b2f5eaa8cb7
jena,level_gelu__vs__f0,test_b,mae,0.2545599827795353,0.21638567720780014,0.03817430557173515,17.641789449435457,"[0.03168419528976954,0.045540182967276466]","[14.60609090398711,21.873291573033132]",af4461f4de24cd5468e01d8d127b51256885a5ff3801f2b3d8823b2f5eaa8cb7
jena,level_gelu__vs__f0,combined,mse,0.2843676100659981,0.2923000256096091,-0.007932415543611016,-2.7137922848509817,"[-0.016287775146387816,0.0010544419391474392]","[-5.438390692694756,0.4050083238869588]",af4461f4de24cd5468e01d8d127b51256885a5ff3801f2b3d8823b2f5eaa8cb7
jena,level_gelu__vs__f0,combined,mae,0.29976788570547813,0.26475762566317573,0.0350102600423024,13.223513375528755,"[0.02959328294748233,0.042031929442700726]","[11.307949747092623,15.698166808157852]",af4461f4de24cd5468e01d8d127b51256885a5ff3801f2b3d8823b2f5eaa8cb7
jena,level_gelu__vs__full_mse,test_a,mse,0.3500404597267101,0.2787377720518102,0.07130268767489989,25.580561669139893,"[0.05327368857488952,0.09090255638062789]","[20.737384415147215,33.1620881259366]",af4461f4de24cd5468e01d8d127b51256885a5ff3801f2b3d8823b2f5eaa8cb7
jena,level_gelu__vs__full_mse,test_a,mae,0.34497578863142103,0.26755153892106165,0.07742424971035938,28.938069286606726,"[0.06302977157953352,0.09252043442199454]","[23.17425367704618,33.70744777241773]",af4461f4de24cd5468e01d8d127b51256885a5ff3801f2b3d8823b2f5eaa8cb7
jena,level_gelu__vs__full_mse,test_b,mse,0.2186947604052862,0.1870454670442903,0.03164929336099592,16.920641735467303,"[0.02264176103939228,0.039889508965070465]","[12.630314106479744,20.20071709102983]",af4461f4de24cd5468e01d8d127b51256885a5ff3801f2b3d8823b2f5eaa8cb7
jena,level_gelu__vs__full_mse,test_b,mae,0.2545599827795353,0.21033529148323998,0.044224691296295304,21.02580645617392,"[0.03623575051129522,0.0497455705079863]","[17.57807074898741,23.385334072282337]",af4461f4de24cd5468e01d8d127b51256885a5ff3801f2b3d8823b2f5eaa8cb7
jena,level_gelu__vs__full_mse,combined,mse,0.2843676100659981,0.23289161954805002,0.05147599051794807,22.102981042358884,"[0.04101523345244467,0.06220355693650125]","[18.456258363299185,25.49372791517283]",af4461f4de24cd5468e01d8d127b51256885a5ff3801f2b3d8823b2f5eaa8cb7
jena,level_gelu__vs__full_mse,combined,mae,0.29976788570547813,0.23894341520215084,0.06082447050332729,25.455596025472634,"[0.05187229202763235,0.06852397494001293]","[21.610530157929276,28.068497511532208]",af4461f4de24cd5468e01d8d127b51256885a5ff3801f2b3d8823b2f5eaa8cb7
jena,level_gelu__vs__native,test_a,mse,0.3500404597267101,0.2854452609178801,0.06459519880883002,22.629627341199214,"[0.046935884145077,0.0815215513388494]","[17.18488624497732,29.70959323433863]",af4461f4de24cd5468e01d8d127b51256885a5ff3801f2b3d8823b2f5eaa8cb7
jena,level_gelu__vs__native,test_a,mae,0.34497578863142103,0.25398087769942296,0.09099491093199807,35.82746534157867,"[0.07790018698176458,0.10655784649861447]","[31.09547815339665,39.66031421840371]",af4461f4de24cd5468e01d8d127b51256885a5ff3801f2b3d8823b2f5eaa8cb7
jena,level_gelu__vs__native,test_b,mse,0.2186947604052862,0.19573452945488187,0.022960230950404337,11.730291540459561,"[0.014121378691892974,0.03143074009529135]","[7.0152924293358,16.00921562898586]",af4461f4de24cd5468e01d8d127b51256885a5ff3801f2b3d8823b2f5eaa8cb7
jena,level_gelu__vs__native,test_b,mae,0.2545599827795353,0.1991875876422407,0.05537239513729458,27.799119308954392,"[0.04649868066948423,0.06235329127005084]","[23.61174267924647,31.195275453192423]",af4461f4de24cd5468e01d8d127b51256885a5ff3801f2b3d8823b2f5eaa8cb7
jena,level_gelu__vs__native,combined,mse,0.2843676100659981,0.2405898951863809,0.04377771487961718,18.195990669393378,"[0.03335686103940905,0.05312490894018342]","[14.259413655835619,21.603261648613223]",af4461f4de24cd5468e01d8d127b51256885a5ff3801f2b3d8823b2f5eaa8cb7
jena,level_gelu__vs__native,combined,mae,0.29976788570547813,0.22658423267083178,0.07318365303464636,32.29865210478403,"[0.06493300045545275,0.08182292625582076]","[28.936200091902702,35.038950184771686]",af4461f4de24cd5468e01d8d127b51256885a5ff3801f2b3d8823b2f5eaa8cb7
jena,level_gelu__vs__direct,test_a,mse,0.3500404597267101,0.33206977160953727,0.01797068811717284,5.411720564045677,"[0.0026311337358860417,0.03244319201821357]","[0.8111429419446312,11.640572072333184]",af4461f4de24cd5468e01d8d127b51256885a5ff3801f2b3d8823b2f5eaa8cb7
jena,level_gelu__vs__direct,test_a,mae,0.34497578863142103,0.3229672862749447,0.022008502356476334,6.814467994674952,"[0.004803794780265375,0.03339189836029879]","[1.3836652677685202,10.83057277789865]",af4461f4de24cd5468e01d8d127b51256885a5ff3801f2b3d8823b2f5eaa8cb7
jena,level_gelu__vs__direct,test_b,mse,0.2186947604052862,0.21589856495451548,0.0027961954507707276,1.295143138797526,"[-0.005098373831578256,0.006724656618204192]","[-2.4591325776310504,3.0381132799736927]",af4461f4de24cd5468e01d8d127b51256885a5ff3801f2b3d8823b2f5eaa8cb7
jena,level_gelu__vs__direct,test_b,mae,0.2545599827795353,0.25046071910777723,0.004099263671758058,1.636689252654457,"[-0.0047699287124535516,0.007046654972411792]","[-1.8513192269450798,2.897876844328926]",af4461f4de24cd5468e01d8d127b51256885a5ff3801f2b3d8823b2f5eaa8cb7
jena,level_gelu__vs__direct,combined,mse,0.2843676100659981,0.2739841682820264,0.010383441783971714,3.7897962678206607,"[0.0011661810903299957,0.017492647481231652]","[0.43594461346485924,6.827687254936702]",af4461f4de24cd5468e01d8d127b51256885a5ff3801f2b3d8823b2f5eaa8cb7
jena,level_gelu__vs__direct,combined,mae,0.29976788570547813,0.286714002691361,0.01305388301411714,4.55292831587624,"[0.0019380406997032737,0.017411947971840928]","[0.6647489270669299,6.16198444465622]",af4461f4de24cd5468e01d8d127b51256885a5ff3801f2b3d8823b2f5eaa8cb7
jena,level_gelu__vs__group_res,test_a,mse,0.3500404597267101,0.3705787303751443,-0.02053827064843422,-5.5422151799276005,"[-0.0353727823673101,-0.0057384991919629405]","[-10.460191586937816,-1.4369693565746386]",af4461f4de24cd5468e01d8d127b51256885a5ff3801f2b3d8823b2f5eaa8cb7
jena,level_gelu__vs__group_res,test_a,mae,0.34497578863142103,0.3374933092036954,0.007482479427725619,2.2170748941305796,"[0.00031657642180683425,0.015415196287777514]","[0.09682102034782585,4.3925208372288695]",af4461f4de24cd5468e01d8d127b51256885a5ff3801f2b3d8823b2f5eaa8cb7
jena,level_gelu__vs__group_res,test_b,mse,0.2186947604052862,0.22064364017484644,-0.0019488797695602356,-0.8832703122627368,"[-0.00877606906437069,0.004768474665186845]","[-3.8581945136692197,2.2151865064627585]",af4461f4de24cd5468e01d8d127b51256885a5ff3801f2b3d8823b2f5eaa8cb7
jena,level_gelu__vs__group_res,test_b,mae,0.2545599827795353,0.24166348600241436,0.01289649677712093,5.336551661342867,"[0.007988664260055399,0.018087683360037913]","[3.220080955741097,7.772504462503719]",af4461f4de24cd5468e01d8d127b51256885a5ff3801f2b3d8823b2f5eaa8cb7
jena,level_gelu__vs__group_res,combined,mse,0.2843676100659981,0.29561118527499547,-0.01124357520899738,-3.80350127771313,"[-0.019636172532054658,-0.003282532718697691]","[-6.7371450318994155,-1.0680670527360667]",af4461f4de24cd5468e01d8d127b51256885a5ff3801f2b3d8823b2f5eaa8cb7
jena,level_gelu__vs__group_res,combined,mae,0.29976788570547813,0.28957839760305487,0.01018948810242326,3.5187321246216356,"[0.005817590452829142,0.015003483424867415]","[2.01444920696051,5.090787609370891]",af4461f4de24cd5468e01d8d127b51256885a5ff3801f2b3d8823b2f5eaa8cb7
jena,direct_gelu__vs__direct,test_a,mse,0.3233587120092201,0.33206977160953727,-0.00871105960031715,-2.623261839852141,"[-0.01644553637390058,-0.003732609816410875]","[-4.135307211647598,-1.463711674472664]",af4461f4de24cd5468e01d8d127b51256885a5ff3801f2b3d8823b2f5eaa8cb7
jena,direct_gelu__vs__direct,test_a,mae,0.3161416510886317,0.3229672862749447,-0.006825635186313017,-2.1134137964989734,"[-0.012003353312472556,-0.003623740477182388]","[-3.3409964498004707,-1.2358434995295093]",af4461f4de24cd5468e01d8d127b51256885a5ff3801f2b3d8823b2f5eaa8cb7
jena,direct_gelu__vs__direct,test_b,mse,0.21406801291924576,0.21589856495451548,-0.0018305520352697169,-0.8478759623322968,"[-0.004124006479494925,-0.00014040837295481378]","[-1.8178048991839102,-0.0659874828826448]",af4461f4de24cd5468e01d8d127b51256885a5ff3801f2b3d8823b2f5eaa8cb7
jena,direct_gelu__vs__direct,test_b,mae,0.24578915444426658,0.25046071910777723,-0.004671564663510652,-1.8651885533796633,"[-0.006519560610400083,-0.0035109725429640875]","[-2.5042318925015272,-1.426677859908144]",af4461f4de24cd5468e01d8d127b51256885a5ff3801f2b3d8823b2f5eaa8cb7
jena,direct_gelu__vs__direct,combined,mse,0.2687133624642329,0.2739841682820264,-0.005270805817793489,-1.9237629133256964,"[-0.009434222164342466,-0.0026052266043197973]","[-3.0231197540795245,-1.1348860550986863]",af4461f4de24cd5468e01d8d127b51256885a5ff3801f2b3d8823b2f5eaa8cb7
jena,direct_gelu__vs__direct,combined,mae,0.2809654027664492,0.286714002691361,-0.005748599924911779,-2.004994479150003,"[-0.008666398570132659,-0.0041874392897243]","[-2.8268638293704504,-1.5378129075103555]",af4461f4de24cd5468e01d8d127b51256885a5ff3801f2b3d8823b2f5eaa8cb7
jena,level_linear__vs__pca_level,test_a,mse,0.354670334190063,0.4224748625690661,-0.06780452837900308,-16.04936397083706,"[-0.08548702234035967,-0.0483099411071677]","[-20.3361356366583,-11.669698620361153]",af4461f4de24cd5468e01d8d127b51256885a5ff3801f2b3d8823b2f5eaa8cb7
jena,level_linear__vs__pca_level,test_a,mae,0.349022673995777,0.38104055698820327,-0.03201788299242625,-8.402749367547639,"[-0.04033255033021195,-0.021321561497252124]","[-10.306609555211853,-5.486415084002802]",af4461f4de24cd5468e01d8d127b51256885a5ff3801f2b3d8823b2f5eaa8cb7
jena,level_linear__vs__pca_level,test_b,mse,0.218643391030022,0.2262434526156686,-0.007600061585646606,-3.3592404543777987,"[-0.012296761430333314,0.0010255126051166737]","[-5.543997760929583,0.44108864744187537]",af4461f4de24cd5468e01d8d127b51256885a5ff3801f2b3d8823b2f5eaa8cb7
jena,level_linear__vs__pca_level,test_b,mae,0.2564983694020037,0.25985927851479,-0.0033609091127863033,-1.2933573632603677,"[-0.006041016429316533,0.001189996740335751]","[-2.310600240734578,0.476447000131035]",af4461f4de24cd5468e01d8d127b51256885a5ff3801f2b3d8823b2f5eaa8cb7
jena,level_linear__vs__pca_level,combined,mse,0.2866568626100425,0.3243591575923673,-0.0377022949823248,-11.623625878849552,"[-0.04636549663601013,-0.02608229708239194]","[-13.907723699851687,-8.23947324619504]",af4461f4de24cd5468e01d8d127b51256885a5ff3801f2b3d8823b2f5eaa8cb7
jena,level_linear__vs__pca_level,combined,mae,0.30276052169889045,0.32044991775149667,-0.01768939605260622,-5.520174939262752,"[-0.021428083436291528,-0.011373490483232171]","[-6.6148736008040405,-3.5590743086219185]",af4461f4de24cd5468e01d8d127b51256885a5ff3801f2b3d8823b2f5eaa8cb7
hog,level_gelu__vs__level_linear,test_a,mse,2.2620679798418624,2.2511032836921503,0.010964696149712072,0.48708098953719753,"[-0.037508791237787595,0.0726723456129764]","[-1.7780879279448512,3.4132797302304274]",af4461f4de24cd5468e01d8d127b51256885a5ff3801f2b3d8823b2f5eaa8cb7
hog,level_gelu__vs__level_linear,test_a,mae,0.7371061890946221,0.7293130520367082,0.007793137057913957,1.068558561532738,"[-0.0028567544855683355,0.018019865408377432]","[-0.41015128118749583,2.4568785412760596]",af4461f4de24cd5468e01d8d127b51256885a5ff3801f2b3d8823b2f5eaa8cb7
hog,level_gelu__vs__level_linear,test_b,mse,3.329399822674774,3.219898182154301,0.10950164052047295,3.4007796000310146,"[-0.007787179085242823,0.26868274292630756]","[-0.2798639623193512,8.575714817710228]",af4461f4de24cd5468e01d8d127b51256885a5ff3801f2b3d8823b2f5eaa8cb7
hog,level_gelu__vs__level_linear,test_b,mae,0.908031881825247,0.8961755408972594,0.011856340927987596,1.3229931399507864,"[-0.002721259066709675,0.03703905051135205]","[-0.32107177141463894,4.324465891699703]",af4461f4de24cd5468e01d8d127b51256885a5ff3801f2b3d8823b2f5eaa8cb7
hog,level_gelu__vs__level_linear,combined,mse,2.791655190925134,2.731617400808932,0.06003779011620214,2.197884304676883,"[-0.0020612764479342564,0.14718991368259082]","[-0.08417713235692068,5.570552257322579]",af4461f4de24cd5468e01d8d127b51256885a5ff3801f2b3d8823b2f5eaa8cb7
hog,level_gelu__vs__level_linear,combined,mae,0.8216457929325389,0.8118437522607005,0.00980204067183843,1.2073801941005495,"[0.0004577662070098826,0.023671725540306787]","[0.06007608452353546,2.99330535560347]",af4461f4de24cd5468e01d8d127b51256885a5ff3801f2b3d8823b2f5eaa8cb7
hog,level_gelu__vs__direct_gelu,test_a,mse,2.2620679798418624,2.3569377119440795,-0.09486973210221716,-4.025126825433392,"[-0.20425947739246958,-0.0018278996532563885]","[-7.840230517976987,-0.08904697263676853]",af4461f4de24cd5468e01d8d127b51256885a5ff3801f2b3d8823b2f5eaa8cb7
hog,level_gelu__vs__direct_gelu,test_a,mae,0.7371061890946221,0.6818059886000599,0.05530020049456219,8.110841121843048,"[0.026532674909867403,0.07463310046775137]","[4.010138820367193,11.01212330969156]",af4461f4de24cd5468e01d8d127b51256885a5ff3801f2b3d8823b2f5eaa8cb7
hog,level_gelu__vs__direct_gelu,test_b,mse,3.329399822674774,3.668264475914568,-0.33886465323979387,-9.237737776671855,"[-0.4841953006958751,0.03935753365633233]","[-13.546118226456699,1.1910535897350192]",af4461f4de24cd5468e01d8d127b51256885a5ff3801f2b3d8823b2f5eaa8cb7
hog,level_gelu__vs__direct_gelu,test_b,mae,0.908031881825247,0.8225092047958618,0.08552267702938521,10.397777499719416,"[0.05934530676869143,0.11290772124491635]","[7.070276210438834,14.745110811221753]",af4461f4de24cd5468e01d8d127b51256885a5ff3801f2b3d8823b2f5eaa8cb7
hog,level_gelu__vs__direct_gelu,combined,mse,2.791655190925134,3.007819653773228,-0.2161644628480941,-7.186749464081786,"[-0.30729667087344964,-0.021201677613435818]","[-10.06161719930304,-0.7481644741037827]",af4461f4de24cd5468e01d8d127b51256885a5ff3801f2b3d8823b2f5eaa8cb7
hog,level_gelu__vs__direct_gelu,combined,mae,0.8216457929325389,0.7511075297964891,0.07053826313604983,9.391233656672568,"[0.049692884354124355,0.08683886727460331]","[6.633642360554483,11.799439680047469]",af4461f4de24cd5468e01d8d127b51256885a5ff3801f2b3d8823b2f5eaa8cb7
hog,level_gelu__vs__pca_level,test_a,mse,2.2620679798418624,2.2216592684418277,0.04040871140003466,1.8188527815237625,"[-0.015005045216422219,0.09576594845835414]","[-0.6836681353512768,4.652155956226538]",af4461f4de24cd5468e01d8d127b51256885a5ff3801f2b3d8823b2f5eaa8cb7
hog,level_gelu__vs__pca_level,test_a,mae,0.7371061890946221,0.723392287776634,0.013713901317988109,1.8957765447207295,"[0.0017414982347480623,0.02421897908250011]","[0.23641089495048645,3.3396526688483794]",af4461f4de24cd5468e01d8d127b51256885a5ff3801f2b3d8823b2f5eaa8cb7
hog,level_gelu__vs__pca_level,test_b,mse,3.329399822674774,3.119826558388075,0.20957326428669898,6.7174652297010855,"[0.09427265050899045,0.34802757661556916]","[3.5093522402963835,11.596086128737547]",af4461f4de24cd5468e01d8d127b51256885a5ff3801f2b3d8823b2f5eaa8cb7
hog,level_gelu__vs__pca_level,test_b,mae,0.908031881825247,0.8836830976291759,0.024348784196071116,2.755375118229172,"[0.010009570615461894,0.048891114825568044]","[1.156785127965473,5.859841049845993]",af4461f4de24cd5468e01d8d127b51256885a5ff3801f2b3d8823b2f5eaa8cb7
hog,level_gelu__vs__pca_level,combined,mse,2.791655190925134,2.666809359631549,0.12484583129358473,4.68146816879455,"[0.060350530692143356,0.20093669905019237]","[2.4860160584291076,7.637614642708286]",af4461f4de24cd5468e01d8d127b51256885a5ff3801f2b3d8823b2f5eaa8cb7
hog,level_gelu__vs__pca_level,combined,mae,0.8216457929325389,0.8026490205905296,0.01899677234200936,2.366759549277584,"[0.008943011367591744,0.03238538326217287]","[1.1007720480148522,4.164962482305128]",af4461f4de24cd5468e01d8d127b51256885a5ff3801f2b3d8823b2f5eaa8cb7
hog,level_gelu__vs__a,test_a,mse,2.2620679798418624,2.223458662294939,0.03860931754692354,1.736453130505831,"[-0.014602296537126658,0.0753335023802344]","[-0.637119252978664,3.715732796029362]",af4461f4de24cd5468e01d8d127b51256885a5ff3801f2b3d8823b2f5eaa8cb7
hog,level_gelu__vs__a,test_a,mae,0.7371061890946221,0.7244506129826789,0.012655576111943234,1.7469204781038428,"[-0.002848883008025041,0.02313387292236809]","[-0.378819492638855,3.2066344418930868]",af4461f4de24cd5468e01d8d127b51256885a5ff3801f2b3d8823b2f5eaa8cb7
hog,level_gelu__vs__a,test_b,mse,3.329399822674774,3.10121720474869,0.22818261792608396,7.357840578747045,"[0.1132475420870594,0.4127252427821756]","[4.197939385483891,13.19422574457535]",af4461f4de24cd5468e01d8d127b51256885a5ff3801f2b3d8823b2f5eaa8cb7
hog,level_gelu__vs__a,test_b,mae,0.908031881825247,0.8695512511893143,0.038480630635932656,4.4253435991612236,"[0.02211026451183924,0.06012525235461069]","[2.6091155479648083,7.315273251865485]",af4461f4de24cd5468e01d8d127b51256885a5ff3801f2b3d8823b2f5eaa8cb7
hog,level_gelu__vs__a,combined,mse,2.791655190925134,2.6585523598449763,0.13310283108015764,5.006590544935479,"[0.06455098705286327,0.22513149804052934]","[2.5870268103182776,8.420054065480072]",af4461f4de24cd5468e01d8d127b51256885a5ff3801f2b3d8823b2f5eaa8cb7
hog,level_gelu__vs__a,combined,mae,0.8216457929325389,0.7961486730940146,0.025497119838524318,3.2025576001322364,"[0.01371356535480112,0.03752875820793806]","[1.7042904644181864,4.900376428294378]",af4461f4de24cd5468e01d8d127b51256885a5ff3801f2b3d8823b2f5eaa8cb7
hog,level_gelu__vs__f0,test_a,mse,2.2620679798418624,2.383851981594088,-0.12178400175222581,-5.108706525930714,"[-0.36710836449287204,0.0911705027817978]","[-13.842351384557713,4.074711369222308]",af4461f4de24cd5468e01d8d127b51256885a5ff3801f2b3d8823b2f5eaa8cb7
hog,level_gelu__vs__f0,test_a,mae,0.7371061890946221,0.6013448553238903,0.13576133377073185,22.576285897982693,"[0.10143647132304962,0.16937628430065566]","[16.879943790286816,29.254789766365416]",af4461f4de24cd5468e01d8d127b51256885a5ff3801f2b3d8823b2f5eaa8cb7
hog,level_gelu__vs__f0,test_b,mse,3.329399822674774,3.1002837773240275,0.2291160453507466,7.390163669098231,"[-0.20464790985184625,0.4263269404900569]","[-6.303045321787195,15.345480964871976]",af4461f4de24cd5468e01d8d127b51256885a5ff3801f2b3d8823b2f5eaa8cb7
hog,level_gelu__vs__f0,test_b,mae,0.908031881825247,0.6724840321921141,0.2355478496331329,35.02653421603355,"[0.16002937451096003,0.27066718430640474]","[23.854686089789734,39.88208966518678]",af4461f4de24cd5468e01d8d127b51256885a5ff3801f2b3d8823b2f5eaa8cb7
hog,level_gelu__vs__f0,combined,mse,2.791655190925134,2.7380442153643942,0.05361097556073968,1.958002550137958,"[-0.20662730975001414,0.19341367444031665]","[-7.106209761896625,7.512208154424183]",af4461f4de24cd5468e01d8d127b51256885a5ff3801f2b3d8823b2f5eaa8cb7
hog,level_gelu__vs__f0,combined,mae,0.8216457929325389,0.6361020968432587,0.18554369608928023,29.168854655575814,"[0.1442272526708057,0.2089796295995866]","[22.47420322412581,33.02422523430443]",af4461f4de24cd5468e01d8d127b51256885a5ff3801f2b3d8823b2f5eaa8cb7
hog,level_gelu__vs__full_mse,test_a,mse,2.2620679798418624,2.3584799172719366,-0.09641193743007426,-4.087884604147672,"[-0.3213271449458519,0.06805379573741978]","[-12.493844784168397,3.178527456554848]",af4461f4de24cd5468e01d8d127b51256885a5ff3801f2b3d8823b2f5eaa8cb7
hog,level_gelu__vs__full_mse,test_a,mae,0.7371061890946221,0.5985408938447347,0.13856529524988737,23.150514304847494,"[0.10353695767907294,0.16827588933649812]","[17.279193577903094,28.338388208008574]",af4461f4de24cd5468e01d8d127b51256885a5ff3801f2b3d8823b2f5eaa8cb7
hog,level_gelu__vs__full_mse,test_b,mse,3.329399822674774,2.9001753083231607,0.42922451435161335,14.799950648493201,"[0.11429686971510844,0.5904800522531827]","[3.8982914863155487,21.712579743145113]",af4461f4de24cd5468e01d8d127b51256885a5ff3801f2b3d8823b2f5eaa8cb7
hog,level_gelu__vs__full_mse,test_b,mae,0.908031881825247,0.6509206410217576,0.25711124080348935,39.49962938644853,"[0.19237386134628937,0.2892209071557185]","[30.116036312609776,44.062205852973314]",af4461f4de24cd5468e01d8d127b51256885a5ff3801f2b3d8823b2f5eaa8cb7
hog,level_gelu__vs__full_mse,combined,mse,2.791655190925134,2.625304025311172,0.1663511656139618,6.3364533787375175,"[-0.03146140384671836,0.2721400182662383]","[-1.144869059417777,10.72788476459525]",af4461f4de24cd5468e01d8d127b51256885a5ff3801f2b3d8823b2f5eaa8cb7
hog,level_gelu__vs__full_mse,combined,mae,0.8216457929325389,0.623919078508208,0.19772671442433087,31.691083224622,"[0.1597928718604575,0.21859332909187296]","[25.572515371417072,34.879489325641856]",af4461f4de24cd5468e01d8d127b51256885a5ff3801f2b3d8823b2f5eaa8cb7
hog,level_gelu__vs__native,test_a,mse,2.2620679798418624,2.3863951907829617,-0.12432721094109933,-5.209833284163984,"[-0.3804739797704814,0.07072625935621273]","[-14.340155907124323,3.533287447454527]",af4461f4de24cd5468e01d8d127b51256885a5ff3801f2b3d8823b2f5eaa8cb7
hog,level_gelu__vs__native,test_a,mae,0.7371061890946221,0.5908244422095876,0.14628174688503448,24.758919305701784,"[0.11259098797722988,0.17748227668369826]","[19.09540760007786,30.915098531692564]",af4461f4de24cd5468e01d8d127b51256885a5ff3801f2b3d8823b2f5eaa8cb7
hog,level_gelu__vs__native,test_b,mse,3.329399822674774,2.989048451841211,0.34035137083356304,11.386612706927233,"[0.004874676543898083,0.4831852719487068]","[0.16786597003879078,17.513108982860935]",af4461f4de24cd5468e01d8d127b51256885a5ff3801f2b3d8823b2f5eaa8cb7
hog,level_gelu__vs__native,test_b,mae,0.908031881825247,0.6486617124028949,0.259370169422352,39.98542914789038,"[0.19064398496177717,0.29027010833587086]","[29.976514824096686,44.013777969023394]",af4461f4de24cd5468e01d8d127b51256885a5ff3801f2b3d8823b2f5eaa8cb7
hog,level_gelu__vs__native,combined,mse,2.791655190925134,2.683559680642655,0.10809551028247899,4.028064330456494,"[-0.10981501069518314,0.2194063174084534]","[-3.8790218390355924,8.680086992668905]",af4461f4de24cd5468e01d8d127b51256885a5ff3801f2b3d8823b2f5eaa8cb7
hog,level_gelu__vs__native,combined,mae,0.8216457929325389,0.6189024191954751,0.20274337373706386,32.75853631346513,"[0.16420319097281272,0.22300447329696127]","[26.302380275692883,35.9792318840128]",af4461f4de24cd5468e01d8d127b51256885a5ff3801f2b3d8823b2f5eaa8cb7
hog,level_gelu__vs__direct,test_a,mse,2.2620679798418624,2.439824872464392,-0.1777568926225297,-7.285641466675553,"[-0.3062412373373853,-0.0941101723396993]","[-12.183493141816866,-4.342486338967963]",af4461f4de24cd5468e01d8d127b51256885a5ff3801f2b3d8823b2f5eaa8cb7
hog,level_gelu__vs__direct,test_a,mae,0.7371061890946221,0.7078105991597952,0.02929558993482695,4.138902408299933,"[-0.005032608623255092,0.04982911591217291]","[-0.6959027750526734,7.045247764750218]",af4461f4de24cd5468e01d8d127b51256885a5ff3801f2b3d8823b2f5eaa8cb7
hog,level_gelu__vs__direct,test_b,mse,3.329399822674774,3.6886317998714904,-0.3592319771967163,-9.738894980226318,"[-0.5715367525178333,0.16692967395579966]","[-14.064382745865279,5.259417327640071]",af4461f4de24cd5468e01d8d127b51256885a5ff3801f2b3d8823b2f5eaa8cb7
hog,level_gelu__vs__direct,test_b,mae,0.908031881825247,0.8452571701284737,0.06277471169677329,7.426699697469816,"[0.03488446172149751,0.10219555212568787]","[3.8260337821154735,13.274082073903749]",af4461f4de24cd5468e01d8d127b51256885a5ff3801f2b3d8823b2f5eaa8cb7
hog,level_gelu__vs__direct,combined,mse,2.791655190925134,3.0593514993734656,-0.2676963084483317,-8.750099767978739,"[-0.3907917338077478,0.00045101424850156515]","[-12.12113268050535,0.016439782256778543]",af4461f4de24cd5468e01d8d127b51256885a5ff3801f2b3d8823b2f5eaa8cb7
hog,level_gelu__vs__direct,combined,mae,0.8216457929325389,0.7754748189808041,0.04617097395173486,5.953897253867861,"[0.02314107064370944,0.06819936140369934]","[2.950535784152437,9.103274552918155]",af4461f4de24cd5468e01d8d127b51256885a5ff3801f2b3d8823b2f5eaa8cb7
hog,level_gelu__vs__group_res,test_a,mse,2.2620679798418624,2.3364553476002827,-0.07438736775842036,-3.183770142871416,"[-0.16914158281887942,0.04891462220662337]","[-8.438327538766174,1.903162506746517]",af4461f4de24cd5468e01d8d127b51256885a5ff3801f2b3d8823b2f5eaa8cb7
hog,level_gelu__vs__group_res,test_a,mae,0.7371061890946221,0.6674895055974751,0.069616683497147,10.429629666586678,"[0.04472176919990243,0.09654859610325418]","[7.118554566440231,14.00223261856026]",af4461f4de24cd5468e01d8d127b51256885a5ff3801f2b3d8823b2f5eaa8cb7
hog,level_gelu__vs__group_res,test_b,mse,3.329399822674774,3.0197187991798002,0.30968102349497384,10.25529342596694,"[0.15474889387628915,0.4530823522103685]","[4.72106223265013,18.456668981583682]",af4461f4de24cd5468e01d8d127b51256885a5ff3801f2b3d8823b2f5eaa8cb7
hog,level_gelu__vs__group_res,test_b,mae,0.908031881825247,0.7273949383407038,0.18063694348454318,24.833406718034492,"[0.12919743507626033,0.213519287063395]","[18.34128499032187,29.841773915427275]",af4461f4de24cd5468e01d8d127b51256885a5ff3801f2b3d8823b2f5eaa8cb7
hog,level_gelu__vs__group_res,combined,mse,2.791655190925134,2.6745759757408747,0.11707921518425923,4.377486982841366,"[0.028415023077039848,0.2148106804759975]","[1.0895054530477315,8.745867404333046]",af4461f4de24cd5468e01d8d127b51256885a5ff3801f2b3d8823b2f5eaa8cb7
hog,level_gelu__vs__group_res,combined,mae,0.8216457929325389,0.696735139799286,0.12491065313325289,17.927996737646517,"[0.09687861349097496,0.14701319584669092]","[14.189370379635477,20.99002745705337]",af4461f4de24cd5468e01d8d127b51256885a5ff3801f2b3d8823b2f5eaa8cb7
hog,direct_gelu__vs__direct,test_a,mse,2.3569377119440795,2.439824872464392,-0.08288716052031253,-3.3972586088357546,"[-0.1467182281583702,-0.029088826548983426]","[-6.989837682766515,-1.1402151576014896]",af4461f4de24cd5468e01d8d127b51256885a5ff3801f2b3d8823b2f5eaa8cb7
hog,direct_gelu__vs__direct,test_a,mae,0.6818059886000599,0.7078105991597952,-0.02600461055973524,-3.6739504311752254,"[-0.03549554826054185,-0.019397581496588073]","[-5.045299055671492,-2.82165166082096]",af4461f4de24cd5468e01d8d127b51256885a5ff3801f2b3d8823b2f5eaa8cb7
hog,direct_gelu__vs__direct,test_b,mse,3.668264475914568,3.6886317998714904,-0.020367323956922423,-0.5521647337539086,"[-0.1269921163749933,0.20414950132088072]","[-2.9943401328548047,7.067522721114961]",af4461f4de24cd5468e01d8d127b51256885a5ff3801f2b3d8823b2f5eaa8cb7
hog,direct_gelu__vs__direct,test_b,mae,0.8225092047958618,0.8452571701284737,-0.02274796533261192,-2.6912478398916595,"[-0.03463986589076539,0.0007520337508993111]","[-3.853820209072968,0.09869155803295104]",af4461f4de24cd5468e01d8d127b51256885a5ff3801f2b3d8823b2f5eaa8cb7
hog,direct_gelu__vs__direct,combined,mse,3.007819653773228,3.0593514993734656,-0.0515318456002376,-1.6844042147752873,"[-0.11684292230124446,0.06344042455682511]","[-3.52696340385991,2.2988311820806824]",af4461f4de24cd5468e01d8d127b51256885a5ff3801f2b3d8823b2f5eaa8cb7
hog,direct_gelu__vs__direct,combined,mae,0.7511075297964891,0.7754748189808041,-0.024367289184314966,-3.1422411905444667,"[-0.032248692011734914,-0.012320789065763877]","[-4.021279458285475,-1.6680271359360537]",af4461f4de24cd5468e01d8d127b51256885a5ff3801f2b3d8823b2f5eaa8cb7
hog,level_linear__vs__pca_level,test_a,mse,2.2511032836921503,2.2216592684418277,0.029444015250322586,1.325316427616432,"[-0.0010174423603666993,0.04959620603554402]","[-0.045078120206007884,2.290629872352276]",af4461f4de24cd5468e01d8d127b51256885a5ff3801f2b3d8823b2f5eaa8cb7
hog,level_linear__vs__pca_level,test_a,mae,0.7293130520367082,0.723392287776634,0.005920764260074152,0.8184721291779019,"[0.001562847098322473,0.008974194590260616]","[0.21855280643754615,1.2424975696864764]",af4461f4de24cd5468e01d8d127b51256885a5ff3801f2b3d8823b2f5eaa8cb7
hog,level_linear__vs__pca_level,test_b,mse,3.219898182154301,3.119826558388075,0.10007162376622603,3.2076021500993366,"[0.06135314853213274,0.1238809244253435]","[1.945907170930997,4.439825518639365]",af4461f4de24cd5468e01d8d127b51256885a5ff3801f2b3d8823b2f5eaa8cb7
hog,level_linear__vs__pca_level,test_b,mae,0.8961755408972594,0.8836830976291759,0.01249244326808352,1.413679100754486,"[0.006862392461510788,0.018884291399760406]","[0.775976911302306,2.240331123995686]",af4461f4de24cd5468e01d8d127b51256885a5ff3801f2b3d8823b2f5eaa8cb7
hog,level_linear__vs__pca_level,combined,mse,2.731617400808932,2.666809359631549,0.06480804117738259,2.430171506010335,"[0.0374709602052547,0.07926937713384032]","[1.4562086812222748,3.1556939909854522]",af4461f4de24cd5468e01d8d127b51256885a5ff3801f2b3d8823b2f5eaa8cb7
hog,level_linear__vs__pca_level,combined,mae,0.8118437522607005,0.8026490205905296,0.00919473167017093,1.1455482327015274,"[0.005302825885042226,0.012642328381374758]","[0.657660578810287,1.6327228684728186]",af4461f4de24cd5468e01d8d127b51256885a5ff3801f2b3d8823b2f5eaa8cb7
peacock_education,level_gelu__vs__level_linear,test_a,mse,0.23429974890168634,0.23429974890168634,0.0,0.0,"[0.0,0.0]","[0.0,0.0]",af4461f4de24cd5468e01d8d127b51256885a5ff3801f2b3d8823b2f5eaa8cb7
peacock_education,level_gelu__vs__level_linear,test_a,mae,0.33919328818314926,0.33919328818314926,0.0,0.0,"[0.0,0.0]","[0.0,0.0]",af4461f4de24cd5468e01d8d127b51256885a5ff3801f2b3d8823b2f5eaa8cb7
peacock_education,level_gelu__vs__level_linear,test_b,mse,0.1722232594244437,0.1722232594244437,0.0,0.0,"[0.0,0.0]","[0.0,0.0]",af4461f4de24cd5468e01d8d127b51256885a5ff3801f2b3d8823b2f5eaa8cb7
peacock_education,level_gelu__vs__level_linear,test_b,mae,0.2908096451183862,0.2908096451183862,0.0,0.0,"[0.0,0.0]","[0.0,0.0]",af4461f4de24cd5468e01d8d127b51256885a5ff3801f2b3d8823b2f5eaa8cb7
peacock_education,level_gelu__vs__level_linear,combined,mse,0.20326617112377132,0.20326617112377132,0.0,0.0,"[0.0,0.0]","[0.0,0.0]",af4461f4de24cd5468e01d8d127b51256885a5ff3801f2b3d8823b2f5eaa8cb7
peacock_education,level_gelu__vs__level_linear,combined,mae,0.3150042731957114,0.3150042731957114,0.0,0.0,"[0.0,0.0]","[0.0,0.0]",af4461f4de24cd5468e01d8d127b51256885a5ff3801f2b3d8823b2f5eaa8cb7
peacock_education,level_gelu__vs__direct_gelu,test_a,mse,0.23429974890168634,0.2583506839596035,-0.02405093505791714,-9.30941412242509,"[-0.03417586088396673,-0.016874323198159902]","[-12.69367504129414,-6.2378380768939605]",af4461f4de24cd5468e01d8d127b51256885a5ff3801f2b3d8823b2f5eaa8cb7
peacock_education,level_gelu__vs__direct_gelu,test_a,mae,0.33919328818314926,0.35717822474161953,-0.017984936558470277,-5.03528359588003,"[-0.02582101070545481,-0.01265697988409639]","[-7.036477409917711,-3.4316035440739125]",af4461f4de24cd5468e01d8d127b51256885a5ff3801f2b3d8823b2f5eaa8cb7
peacock_education,level_gelu__vs__direct_gelu,test_b,mse,0.1722232594244437,0.1892408329821739,-0.017017573557730203,-8.992548431306696,"[-0.026574960678774098,-0.004712765929185488]","[-14.30727473024326,-2.7690211562705525]",af4461f4de24cd5468e01d8d127b51256885a5ff3801f2b3d8823b2f5eaa8cb7
peacock_education,level_gelu__vs__direct_gelu,test_b,mae,0.2908096451183862,0.30518352833808565,-0.014373883219699457,-4.709914489151561,"[-0.02527962463144581,-0.004105225338484473]","[-8.089816834404912,-1.4220480350198648]",af4461f4de24cd5468e01d8d127b51256885a5ff3801f2b3d8823b2f5eaa8cb7
peacock_education,level_gelu__vs__direct_gelu,combined,mse,0.20326617112377132,0.22379995305101716,-0.020533781927245837,-9.175060873477923,"[-0.027826118762248175,-0.013791682720099882]","[-12.19891047381722,-6.293399283819093]",af4461f4de24cd5468e01d8d127b51256885a5ff3801f2b3d8823b2f5eaa8cb7
peacock_education,level_gelu__vs__direct_gelu,combined,mae,0.3150042731957114,0.3311841502641002,-0.016179877068388804,-4.885462379611551,"[-0.023010212842977447,-0.010964052393292116]","[-6.8100316932824905,-3.345708244977821]",af4461f4de24cd5468e01d8d127b51256885a5ff3801f2b3d8823b2f5eaa8cb7
peacock_education,level_gelu__vs__pca_level,test_a,mse,0.23429974890168634,0.23429974890987387,-8.187533984127526e-12,-3.4944698072540218e-09,"[-2.6178122593256694e-09,3.444733744084604e-09]","[-1.1997993670021778e-06,1.28353364133753e-06]",af4461f4de24cd5468e01d8d127b51256885a5ff3801f2b3d8823b2f5eaa8cb7
peacock_education,level_gelu__vs__pca_level,test_a,mae,0.33919328818314926,0.33919328961965545,-1.4365061917764876e-09,-4.2350666588577627e-07,"[-3.4164366405353697e-09,9.363638892034811e-10]","[-1.0152219429550165e-06,2.5323922771940283e-07]",af4461f4de24cd5468e01d8d127b51256885a5ff3801f2b3d8823b2f5eaa8cb7
peacock_education,level_gelu__vs__pca_level,test_b,mse,0.1722232594244437,0.17222325963953541,-2.150917222110138e-10,-1.2489121542653553e-07,"[-2.4171503555658893e-09,3.942757331731881e-09]","[-1.6053143392743793e-06,2.0516094694351898e-06]",af4461f4de24cd5468e01d8d127b51256885a5ff3801f2b3d8823b2f5eaa8cb7
peacock_education,level_gelu__vs__pca_level,test_b,mae,0.2908096451183862,0.2908096468505009,-1.7321147294246941e-09,-5.956180436872294e-07,"[-3.5154660613101464e-09,8.825262895473231e-10]","[-1.2647875799913448e-06,2.8958395285389086e-07]",af4461f4de24cd5468e01d8d127b51256885a5ff3801f2b3d8823b2f5eaa8cb7
peacock_education,level_gelu__vs__pca_level,combined,mse,0.20326617112377132,0.2032661712362121,-1.1244077890992799e-10,-5.5317015234798956e-08,"[-1.8008680498227125e-09,2.593799657696346e-09]","[-9.440229868560931e-07,1.2041361438444022e-06]",af4461f4de24cd5468e01d8d127b51256885a5ff3801f2b3d8823b2f5eaa8cb7
peacock_education,level_gelu__vs__pca_level,combined,mae,0.3150042731957114,0.3150042747804322,-1.5847207990304923e-09,-5.030791407942296e-07,"[-2.948565346050369e-09,2.4965158829104425e-10]","[-9.519150352192373e-07,7.597575292900495e-08]",af4461f4de24cd5468e01d8d127b51256885a5ff3801f2b3d8823b2f5eaa8cb7
peacock_education,level_gelu__vs__a,test_a,mse,0.23429974890168634,0.23429974890987387,-8.187533984127526e-12,-3.4944698072540218e-09,"[-2.6178122593256694e-09,3.444733744084604e-09]","[-1.1997993670021778e-06,1.28353364133753e-06]",af4461f4de24cd5468e01d8d127b51256885a5ff3801f2b3d8823b2f5eaa8cb7
peacock_education,level_gelu__vs__a,test_a,mae,0.33919328818314926,0.33919328961965545,-1.4365061917764876e-09,-4.2350666588577627e-07,"[-3.4164366405353697e-09,9.363638892034811e-10]","[-1.0152219429550165e-06,2.5323922771940283e-07]",af4461f4de24cd5468e01d8d127b51256885a5ff3801f2b3d8823b2f5eaa8cb7
peacock_education,level_gelu__vs__a,test_b,mse,0.1722232594244437,0.17222325963953541,-2.150917222110138e-10,-1.2489121542653553e-07,"[-2.4171503555658893e-09,3.942757331731881e-09]","[-1.6053143392743793e-06,2.0516094694351898e-06]",af4461f4de24cd5468e01d8d127b51256885a5ff3801f2b3d8823b2f5eaa8cb7
peacock_education,level_gelu__vs__a,test_b,mae,0.2908096451183862,0.2908096468505009,-1.7321147294246941e-09,-5.956180436872294e-07,"[-3.5154660613101464e-09,8.825262895473231e-10]","[-1.2647875799913448e-06,2.8958395285389086e-07]",af4461f4de24cd5468e01d8d127b51256885a5ff3801f2b3d8823b2f5eaa8cb7
peacock_education,level_gelu__vs__a,combined,mse,0.20326617112377132,0.2032661712362121,-1.1244077890992799e-10,-5.5317015234798956e-08,"[-1.8008680498227125e-09,2.593799657696346e-09]","[-9.440229868560931e-07,1.2041361438444022e-06]",af4461f4de24cd5468e01d8d127b51256885a5ff3801f2b3d8823b2f5eaa8cb7
peacock_education,level_gelu__vs__a,combined,mae,0.3150042731957114,0.3150042747804322,-1.5847207990304923e-09,-5.030791407942296e-07,"[-2.948565346050369e-09,2.4965158829104425e-10]","[-9.519150352192373e-07,7.597575292900495e-08]",af4461f4de24cd5468e01d8d127b51256885a5ff3801f2b3d8823b2f5eaa8cb7
peacock_education,level_gelu__vs__f0,test_a,mse,0.23429974890168634,0.23501060053700065,-0.0007108516353143135,-0.3024764132724282,"[-0.01023263383791806,0.019636401763871648]","[-4.014534497309923,8.557325639664901]",af4461f4de24cd5468e01d8d127b51256885a5ff3801f2b3d8823b2f5eaa8cb7
peacock_education,level_gelu__vs__f0,test_a,mae,0.33919328818314926,0.324832173099962,0.01436111508318727,4.421087648472512,"[0.005605912805791792,0.02765371757670185]","[1.6500832270342305,8.477784561316366]",af4461f4de24cd5468e01d8d127b51256885a5ff3801f2b3d8823b2f5eaa8cb7
peacock_education,level_gelu__vs__f0,test_b,mse,0.1722232594244437,0.1680198100700378,0.0042034493544058915,2.501758187117171,"[-0.0019475689526130442,0.014683577287909394]","[-1.1793391954155235,9.454471691656117]",af4461f4de24cd5468e01d8d127b51256885a5ff3801f2b3d8823b2f5eaa8cb7
peacock_education,level_gelu__vs__f0,test_b,mae,0.2908096451183862,0.2758747584648228,0.014934886653563406,5.413647387195729,"[0.008166569115227026,0.021479733903179588]","[2.9663014705818673,8.114858045617748]",af4461f4de24cd5468e01d8d127b51256885a5ff3801f2b3d8823b2f5eaa8cb7
peacock_education,level_gelu__vs__f0,combined,mse,0.20326617112377132,0.20152139200163005,0.0017447791221412712,0.8658034290112279,"[-0.0032077772604828976,0.013647418418631593]","[-1.5643054165668113,7.204443344580477]",af4461f4de24cd5468e01d8d127b51256885a5ff3801f2b3d8823b2f5eaa8cb7
peacock_education,level_gelu__vs__f0,combined,mae,0.3150042731957114,0.30035755345036663,0.01464671974534476,4.876427969628237,"[0.009298693444441838,0.02190952935212751]","[3.0529295087280572,7.381749033210314]",af4461f4de24cd5468e01d8d127b51256885a5ff3801f2b3d8823b2f5eaa8cb7
peacock_education,level_gelu__vs__full_mse,test_a,mse,0.23429974890168634,0.23091122627667715,0.003388522625009188,1.467456857618984,"[-0.005729559195165153,0.020692753557738787]","[-2.1915472356257837,9.5531333395027]",af4461f4de24cd5468e01d8d127b51256885a5ff3801f2b3d8823b2f5eaa8cb7
peacock_education,level_gelu__vs__full_mse,test_a,mae,0.33919328818314926,0.32318283904291023,0.016010449140239025,4.9539911177379246,"[0.009062777756380348,0.027384835240090832]","[2.5707062300166448,8.528108995603725]",af4461f4de24cd5468e01d8d127b51256885a5ff3801f2b3d8823b2f5eaa8cb7
peacock_education,level_gelu__vs__full_mse,test_b,mse,0.1722232594244437,0.1654286494156435,0.006794610008800189,4.107275271122214,"[0.001366029292125346,0.01601584858467889]","[0.8490063257177543,10.745052748606923]",af4461f4de24cd5468e01d8d127b51256885a5ff3801f2b3d8823b2f5eaa8cb7
peacock_education,level_gelu__vs__full_mse,test_b,mae,0.2908096451183862,0.2744872494020122,0.016322395716374005,5.946504164376806,"[0.011162856553081699,0.02140626744785089]","[4.1000631377892445,8.125060360844971]",af4461f4de24cd5468e01d8d127b51256885a5ff3801f2b3d8823b2f5eaa8cb7
peacock_education,level_gelu__vs__full_mse,combined,mse,0.20326617112377132,0.19817634895372815,0.005089822170043168,2.5683297713954665,"[0.0004033990040410822,0.01544964483505944]","[0.1848759179263853,8.340437528945012]",af4461f4de24cd5468e01d8d127b51256885a5ff3801f2b3d8823b2f5eaa8cb7
peacock_education,level_gelu__vs__full_mse,combined,mae,0.3150042731957114,0.2988394352949437,0.01616483790076767,5.4092050752316405,"[0.012089401977093298,0.02237876747019823]","[3.875004783984174,7.637671548489633]",af4461f4de24cd5468e01d8d127b51256885a5ff3801f2b3d8823b2f5eaa8cb7
peacock_education,level_gelu__vs__native,test_a,mse,0.23429974890168634,0.2341811453242348,0.00011860357745152594,0.050646083094056826,"[-0.013042226588144766,0.018881840345699983]","[-4.502724159190042,9.026267346630968]",af4461f4de24cd5468e01d8d127b51256885a5ff3801f2b3d8823b2f5eaa8cb7
peacock_education,level_gelu__vs__native,test_a,mae,0.33919328818314926,0.3240609703289575,0.015132317854191779,4.669589749987731,"[0.004364168191093596,0.02698999024318284]","[1.149408057207404,8.64661697983316]",af4461f4de24cd5468e01d8d127b51256885a5ff3801f2b3d8823b2f5eaa8cb7
peacock_education,level_gelu__vs__native,test_b,mse,0.1722232594244437,0.16605016100745162,0.006173098416992068,3.7176106181041555,"[0.0008594059191474838,0.015311097465403666]","[0.5093356061882813,10.244246027975999]",af4461f4de24cd5468e01d8d127b51256885a5ff3801f2b3d8823b2f5eaa8cb7
peacock_education,level_gelu__vs__native,test_b,mae,0.2908096451183862,0.2753917260076826,0.015417919110703615,5.598541152348747,"[0.009983730179851647,0.0203037891385622]","[3.678072689621145,7.56763748728807]",af4461f4de24cd5468e01d8d127b51256885a5ff3801f2b3d8823b2f5eaa8cb7
peacock_education,level_gelu__vs__native,combined,mse,0.20326617112377132,0.20012303842609322,0.0031431326976781027,1.5706001280001967,"[-0.0033765089052632123,0.014074427950509867]","[-1.5330547400306265,7.589719336695817]",af4461f4de24cd5468e01d8d127b51256885a5ff3801f2b3d8823b2f5eaa8cb7
peacock_education,level_gelu__vs__native,combined,mae,0.3150042731957114,0.2997312817206841,0.015272991475027309,5.095561393308298,"[0.009394909852052026,0.02184461355545084]","[2.9361161977874994,7.448245581529216]",af4461f4de24cd5468e01d8d127b51256885a5ff3801f2b3d8823b2f5eaa8cb7
peacock_education,level_gelu__vs__direct,test_a,mse,0.23429974890168634,0.2534421938454186,-0.019142444943732267,-7.552982655842923,"[-0.030697149406765063,-0.006232279893452947]","[-12.301887077634838,-2.402521758688381]",af4461f4de24cd5468e01d8d127b51256885a5ff3801f2b3d8823b2f5eaa8cb7
peacock_education,level_gelu__vs__direct,test_a,mae,0.33919328818314926,0.3553124934493429,-0.016119205266193648,-4.536627775091667,"[-0.025632799571978858,-0.006798781611805143]","[-7.451382717760523,-1.804476568256547]",af4461f4de24cd5468e01d8d127b51256885a5ff3801f2b3d8823b2f5eaa8cb7
peacock_education,level_gelu__vs__direct,test_b,mse,0.1722232594244437,0.18631634792171187,-0.014093088497268175,-7.564064374635521,"[-0.02160563112630024,-0.004442151127922646]","[-12.19445044148944,-2.658703884163748]",af4461f4de24cd5468e01d8d127b51256885a5ff3801f2b3d8823b2f5eaa8cb7
peacock_education,level_gelu__vs__direct,test_b,mae,0.2908096451183862,0.3035814266671301,-0.012771781548743921,-4.207036540067347,"[-0.020171635597206077,-0.005032187572316988]","[-6.544316721843905,-1.7297125073067288]",af4461f4de24cd5468e01d8d127b51256885a5ff3801f2b3d8823b2f5eaa8cb7
peacock_education,level_gelu__vs__direct,combined,mse,0.20326617112377132,0.21988384962430318,-0.016617678500531863,-7.557480246468795,"[-0.02349048547807732,-0.008292252715078515]","[-10.825775711946676,-3.7340887186289375]",af4461f4de24cd5468e01d8d127b51256885a5ff3801f2b3d8823b2f5eaa8cb7
peacock_education,level_gelu__vs__direct,combined,mae,0.3150042731957114,0.3294499602296578,-0.014445687033946386,-4.3847894301994685,"[-0.02065173493130147,-0.008453133734645206]","[-6.316087339927937,-2.531910659312961]",af4461f4de24cd5468e01d8d127b51256885a5ff3801f2b3d8823b2f5eaa8cb7
peacock_education,level_gelu__vs__group_res,test_a,mse,0.23429974890168634,0.24238190280465213,-0.008082153902965794,-3.334470853411697,"[-0.02129469937405163,0.010505822044631822]","[-7.325499790543655,4.540369423978565]",af4461f4de24cd5468e01d8d127b51256885a5ff3801f2b3d8823b2f5eaa8cb7
peacock_education,level_gelu__vs__group_res,test_a,mae,0.33919328818314926,0.33719591956309686,0.0019973686200523977,0.5923466163648655,"[-0.007906337624056235,0.013704943696627355]","[-2.1029268576180122,4.096889879206196]",af4461f4de24cd5468e01d8d127b51256885a5ff3801f2b3d8823b2f5eaa8cb7
peacock_education,level_gelu__vs__group_res,test_b,mse,0.1722232594244437,0.1788457643056989,-0.006622504881255209,-3.702914020337346,"[-0.01039716353056618,0.001586424322419432]","[-5.609571581759118,0.943176523874705]",af4461f4de24cd5468e01d8d127b51256885a5ff3801f2b3d8823b2f5eaa8cb7
peacock_education,level_gelu__vs__group_res,test_b,mae,0.2908096451183862,0.2911729218203736,-0.0003632767019873806,-0.12476321620713354,"[-0.004137933154480538,0.0049281947992173315]","[-1.4210574648857097,1.7228076438471058]",af4461f4de24cd5468e01d8d127b51256885a5ff3801f2b3d8823b2f5eaa8cb7
peacock_education,level_gelu__vs__group_res,combined,mse,0.20326617112377132,0.21061996277419193,-0.007353791650420605,-3.491497934744528,"[-0.012955751393093445,0.0038026107012944896]","[-5.743437807055714,1.8124428451630765]",af4461f4de24cd5468e01d8d127b51256885a5ff3801f2b3d8823b2f5eaa8cb7
peacock_education,level_gelu__vs__group_res,combined,mae,0.3150042731957114,0.314187945330569,0.0008163278651424077,0.2598215104285807,"[-0.0040148822220107214,0.007449633331323509]","[-1.2088864671219401,2.420504822108518]",af4461f4de24cd5468e01d8d127b51256885a5ff3801f2b3d8823b2f5eaa8cb7
peacock_education,direct_gelu__vs__direct,test_a,mse,0.2583506839596035,0.2534421938454186,0.004908490114184871,1.9367296501460585,"[-0.0033715001611451306,0.01794006280566004]","[-1.2562168090776968,6.425892714465499]",af4461f4de24cd5468e01d8d127b51256885a5ff3801f2b3d8823b2f5eaa8cb7
peacock_education,direct_gelu__vs__direct,test_a,mae,0.35717822474161953,0.3553124934493429,0.001865731292276629,0.5250958878941383,"[-0.0059997024883535685,0.011776134471671872]","[-1.7248065847201015,3.031504299927408]",af4461f4de24cd5468e01d8d127b51256885a5ff3801f2b3d8823b2f5eaa8cb7
peacock_education,direct_gelu__vs__direct,test_b,mse,0.1892408329821739,0.18631634792171187,0.0029244850604620287,1.5696341695635136,"[-0.0009606074704641844,0.0070057080448549325]","[-0.5775364708910956,3.629236408920822]",af4461f4de24cd5468e01d8d127b51256885a5ff3801f2b3d8823b2f5eaa8cb7
peacock_education,direct_gelu__vs__direct,test_b,mae,0.30518352833808565,0.3035814266671301,0.0016021016709555358,0.5277337578073255,"[-0.001844354719213666,0.006696358156861846]","[-0.6147110199830713,2.1892830971203514]",af4461f4de24cd5468e01d8d127b51256885a5ff3801f2b3d8823b2f5eaa8cb7
peacock_education,direct_gelu__vs__direct,combined,mse,0.22379995305101716,0.21988384962430318,0.003916103426713974,1.780987295522198,"[-0.0004031154107152809,0.010747174463824284]","[-0.18814057479828256,4.625493661902729]",af4461f4de24cd5468e01d8d127b51256885a5ff3801f2b3d8823b2f5eaa8cb7
peacock_education,direct_gelu__vs__direct,combined,mae,0.3311841502641002,0.3294499602296578,0.0017341900344424177,0.5263895109392405,"[-0.0021233235973504667,0.00740731276218923]","[-0.6638522711258111,2.1791693414313085]",af4461f4de24cd5468e01d8d127b51256885a5ff3801f2b3d8823b2f5eaa8cb7
peacock_education,level_linear__vs__pca_level,test_a,mse,0.23429974890168634,0.23429974890987387,-8.187533984127526e-12,-3.4944698072540218e-09,"[-2.6178122593256694e-09,3.444733744084604e-09]","[-1.1997993670021778e-06,1.28353364133753e-06]",af4461f4de24cd5468e01d8d127b51256885a5ff3801f2b3d8823b2f5eaa8cb7
peacock_education,level_linear__vs__pca_level,test_a,mae,0.33919328818314926,0.33919328961965545,-1.4365061917764876e-09,-4.2350666588577627e-07,"[-3.4164366405353697e-09,9.363638892034811e-10]","[-1.0152219429550165e-06,2.5323922771940283e-07]",af4461f4de24cd5468e01d8d127b51256885a5ff3801f2b3d8823b2f5eaa8cb7
peacock_education,level_linear__vs__pca_level,test_b,mse,0.1722232594244437,0.17222325963953541,-2.150917222110138e-10,-1.2489121542653553e-07,"[-2.4171503555658893e-09,3.942757331731881e-09]","[-1.6053143392743793e-06,2.0516094694351898e-06]",af4461f4de24cd5468e01d8d127b51256885a5ff3801f2b3d8823b2f5eaa8cb7
peacock_education,level_linear__vs__pca_level,test_b,mae,0.2908096451183862,0.2908096468505009,-1.7321147294246941e-09,-5.956180436872294e-07,"[-3.5154660613101464e-09,8.825262895473231e-10]","[-1.2647875799913448e-06,2.8958395285389086e-07]",af4461f4de24cd5468e01d8d127b51256885a5ff3801f2b3d8823b2f5eaa8cb7
peacock_education,level_linear__vs__pca_level,combined,mse,0.20326617112377132,0.2032661712362121,-1.1244077890992799e-10,-5.5317015234798956e-08,"[-1.8008680498227125e-09,2.593799657696346e-09]","[-9.440229868560931e-07,1.2041361438444022e-06]",af4461f4de24cd5468e01d8d127b51256885a5ff3801f2b3d8823b2f5eaa8cb7
peacock_education,level_linear__vs__pca_level,combined,mae,0.3150042731957114,0.3150042747804322,-1.5847207990304923e-09,-5.030791407942296e-07,"[-2.948565346050369e-09,2.4965158829104425e-10]","[-9.519150352192373e-07,7.597575292900495e-08]",af4461f4de24cd5468e01d8d127b51256885a5ff3801f2b3d8823b2f5eaa8cb7
